token,model,native_vs_floor_and_clip_CRN_ADE,native_vs_floor_and_clip_max_abs
f8268857204e554e,official_il,5.3904307e-07,3.814697265625e-06
f8268857204e554e,a5_sft,3.260938e-07,3.814697265625e-06
f8268857204e554e,v6_sft,3.287245e-07,3.814697265625e-06
f8268857204e554e,psi_sft,9.672206e-07,7.62939453125e-06
38cfd81687975661,official_il,5.883283e-07,3.814697265625e-06
38cfd81687975661,a5_sft,3.1670416e-07,3.814697265625e-06
38cfd81687975661,v6_sft,3.6759758e-07,1.9073486328125e-06
38cfd81687975661,psi_sft,1.0532101e-06,6.198883056640625e-06
b34272d337d350d2,official_il,4.058038e-07,3.814697265625e-06
b34272d337d350d2,a5_sft,2.7881472e-07,2.384185791015625e-06
b34272d337d350d2,v6_sft,1.5578281e-07,1.9073486328125e-06
b34272d337d350d2,psi_sft,1.0535643e-06,7.62939453125e-06
d7fbd35a0f315447,official_il,4.6503564e-07,5.7220458984375e-06
d7fbd35a0f315447,a5_sft,1.3602659e-07,1.9073486328125e-06
d7fbd35a0f315447,v6_sft,1.7934374e-07,1.9073486328125e-06
d7fbd35a0f315447,psi_sft,8.4810654e-07,4.76837158203125e-06
951957b841e05cfa,official_il,4.2802142e-07,4.291534423828125e-06
951957b841e05cfa,a5_sft,1.7552229e-07,2.86102294921875e-06
951957b841e05cfa,v6_sft,1.8283937e-07,1.430511474609375e-06
951957b841e05cfa,psi_sft,8.4943906e-07,4.76837158203125e-06
467bbee636b65c84,official_il,4.1222543e-07,3.814697265625e-06
467bbee636b65c84,a5_sft,1.6396976e-07,9.5367431640625e-07
467bbee636b65c84,v6_sft,1.5135001e-07,1.430511474609375e-06
467bbee636b65c84,psi_sft,8.585592e-07,8.106231689453125e-06
8b800af555d35794,official_il,3.0896626e-07,5.7220458984375e-06
8b800af555d35794,a5_sft,1.6346492e-07,1.9073486328125e-06
8b800af555d35794,v6_sft,1.2663293e-07,1.9073486328125e-06
8b800af555d35794,psi_sft,6.462875e-07,3.814697265625e-06
2ab1b3941f7153cb,official_il,4.30974e-07,3.814697265625e-06
2ab1b3941f7153cb,a5_sft,2.3172888e-07,3.814697265625e-06
2ab1b3941f7153cb,v6_sft,2.4706924e-07,3.814697265625e-06
2ab1b3941f7153cb,psi_sft,8.798364e-07,5.7220458984375e-06
4bc510a669d8549f,official_il,4.415137e-07,3.814697265625e-06
4bc510a669d8549f,a5_sft,1.5626634e-07,1.9073486328125e-06
4bc510a669d8549f,v6_sft,1.2685598e-07,1.9073486328125e-06
4bc510a669d8549f,psi_sft,9.123507e-07,6.198883056640625e-06
cc94486698ff58d1,official_il,4.014149e-07,3.814697265625e-06
cc94486698ff58d1,a5_sft,2.140668e-07,1.9073486328125e-06
cc94486698ff58d1,v6_sft,1.5634353e-07,9.5367431640625e-07
cc94486698ff58d1,psi_sft,9.244883e-07,4.76837158203125e-06
969763763ce754a4,official_il,3.942142e-07,3.814697265625e-06
969763763ce754a4,a5_sft,1.1921843e-07,1.9073486328125e-06
969763763ce754a4,v6_sft,1.5778315e-07,2.86102294921875e-06
969763763ce754a4,psi_sft,7.959534e-07,3.814697265625e-06
adaf33e4ba555709,official_il,3.6784502e-07,3.814697265625e-06
adaf33e4ba555709,a5_sft,1.2795316e-07,9.5367431640625e-07
adaf33e4ba555709,v6_sft,1.5374742e-07,9.5367431640625e-07
adaf33e4ba555709,psi_sft,8.945376e-07,4.76837158203125e-06
1aa0acb229945e9b,official_il,4.364433e-07,3.814697265625e-06
1aa0acb229945e9b,a5_sft,2.1973202e-07,3.814697265625e-06
1aa0acb229945e9b,v6_sft,2.1251918e-07,3.814697265625e-06
1aa0acb229945e9b,psi_sft,9.571262e-07,5.7220458984375e-06
dc76a771066b5553,official_il,5.208496e-07,7.62939453125e-06
dc76a771066b5553,a5_sft,3.7892445e-07,7.62939453125e-06
dc76a771066b5553,v6_sft,2.2456608e-07,3.814697265625e-06
dc76a771066b5553,psi_sft,9.349524e-07,7.62939453125e-06
990bd9b32e5d5f60,official_il,3.969959e-07,4.0531158447265625e-06
990bd9b32e5d5f60,a5_sft,1.7714916e-07,1.9073486328125e-06
990bd9b32e5d5f60,v6_sft,7.200242e-08,1.9073486328125e-06
990bd9b32e5d5f60,psi_sft,9.0182084e-07,4.76837158203125e-06
66243e185353563a,official_il,3.7172174e-07,3.814697265625e-06
66243e185353563a,a5_sft,1.575095e-07,1.9073486328125e-06
66243e185353563a,v6_sft,1.7280239e-07,1.9073486328125e-06
66243e185353563a,psi_sft,9.761138e-07,5.9604644775390625e-06
d968f9c81b945be1,official_il,3.8919973e-07,3.814697265625e-06
d968f9c81b945be1,a5_sft,1.8433559e-07,1.9073486328125e-06
d968f9c81b945be1,v6_sft,1.5367866e-07,1.9073486328125e-06
d968f9c81b945be1,psi_sft,8.233551e-07,4.76837158203125e-06
095770e79ccf5d82,official_il,4.370728e-07,3.814697265625e-06
095770e79ccf5d82,a5_sft,2.5984363e-07,1.9073486328125e-06
095770e79ccf5d82,v6_sft,2.3303164e-07,2.86102294921875e-06
095770e79ccf5d82,psi_sft,9.375897e-07,6.67572021484375e-06
32516745ea1b59ef,official_il,5.194899e-07,3.814697265625e-06
32516745ea1b59ef,a5_sft,2.2751078e-07,1.9073486328125e-06
32516745ea1b59ef,v6_sft,2.2902158e-07,1.9073486328125e-06
32516745ea1b59ef,psi_sft,8.187654e-07,4.76837158203125e-06
b65e09c4d8125da0,official_il,4.795768e-07,4.76837158203125e-06
b65e09c4d8125da0,a5_sft,1.9160181e-07,1.9073486328125e-06
b65e09c4d8125da0,v6_sft,2.0017663e-07,1.9073486328125e-06
b65e09c4d8125da0,psi_sft,8.7989224e-07,5.7220458984375e-06
cbe1e93e188f5490,official_il,5.3315046e-07,3.814697265625e-06
cbe1e93e188f5490,a5_sft,1.8720121e-07,1.9073486328125e-06
cbe1e93e188f5490,v6_sft,1.9652336e-07,3.814697265625e-06
cbe1e93e188f5490,psi_sft,9.084278e-07,4.291534423828125e-06
a28a2771a9fa5c1d,official_il,4.7871083e-07,3.814697265625e-06
a28a2771a9fa5c1d,a5_sft,2.1611879e-07,1.9073486328125e-06
a28a2771a9fa5c1d,v6_sft,1.8115216e-07,9.5367431640625e-07
a28a2771a9fa5c1d,psi_sft,9.512427e-07,4.76837158203125e-06
29b53c57c19b57fe,official_il,3.5119848e-07,3.814697265625e-06
29b53c57c19b57fe,a5_sft,2.6295604e-07,1.9073486328125e-06
29b53c57c19b57fe,v6_sft,1.585293e-07,2.86102294921875e-06
29b53c57c19b57fe,psi_sft,9.762317e-07,4.291534423828125e-06
88757fb00fda507b,official_il,4.0975675e-07,4.291534423828125e-06
88757fb00fda507b,a5_sft,3.8854935e-07,8.58306884765625e-06
88757fb00fda507b,v6_sft,1.7501632e-07,1.9073486328125e-06
88757fb00fda507b,psi_sft,8.489976e-07,6.198883056640625e-06
e9f4daa7d910568c,official_il,6.01372e-07,7.62939453125e-06
e9f4daa7d910568c,a5_sft,4.6776498e-07,3.814697265625e-06
e9f4daa7d910568c,v6_sft,2.6045814e-07,3.814697265625e-06
e9f4daa7d910568c,psi_sft,9.615225e-07,7.62939453125e-06
b4322d76ebf8569f,official_il,5.8219644e-07,7.62939453125e-06
b4322d76ebf8569f,a5_sft,3.6199214e-07,7.62939453125e-06
b4322d76ebf8569f,v6_sft,3.2339778e-07,7.62939453125e-06
b4322d76ebf8569f,psi_sft,1.034057e-06,7.62939453125e-06
acfc271e3c3d58fa,official_il,5.6225645e-07,3.814697265625e-06
acfc271e3c3d58fa,a5_sft,2.9793483e-07,7.62939453125e-06
acfc271e3c3d58fa,v6_sft,2.4487298e-07,3.814697265625e-06
acfc271e3c3d58fa,psi_sft,9.611279e-07,7.62939453125e-06
b222df74b8155735,official_il,6.832245e-07,1.1444091796875e-05
b222df74b8155735,a5_sft,4.567171e-07,7.62939453125e-06
b222df74b8155735,v6_sft,2.200785e-07,3.814697265625e-06
b222df74b8155735,psi_sft,9.1208676e-07,7.62939453125e-06
8224627048195e4f,official_il,3.7439392e-07,2.384185791015625e-06
8224627048195e4f,a5_sft,1.9776304e-07,1.430511474609375e-06
8224627048195e4f,v6_sft,1.3989867e-07,1.9073486328125e-06
8224627048195e4f,psi_sft,9.365301e-07,6.198883056640625e-06
114a9052bd6851a2,official_il,3.6714653e-07,3.814697265625e-06
114a9052bd6851a2,a5_sft,1.7805706e-07,7.62939453125e-06
114a9052bd6851a2,v6_sft,1.6820714e-07,2.86102294921875e-06
114a9052bd6851a2,psi_sft,8.382986e-07,5.9604644775390625e-06
983b7ed08a4b5a88,official_il,4.3842235e-07,4.291534423828125e-06
983b7ed08a4b5a88,a5_sft,1.6783756e-07,1.9073486328125e-06
983b7ed08a4b5a88,v6_sft,1.5247345e-07,1.9073486328125e-06
983b7ed08a4b5a88,psi_sft,8.6352196e-07,5.7220458984375e-06
14b505fe90ef5fb8,official_il,3.6522678e-07,4.0531158447265625e-06
14b505fe90ef5fb8,a5_sft,1.0494833e-07,7.152557373046875e-07
14b505fe90ef5fb8,v6_sft,9.481691e-08,4.76837158203125e-07
14b505fe90ef5fb8,psi_sft,8.901873e-07,4.291534423828125e-06
410fac99463459e6,official_il,3.597827e-07,2.86102294921875e-06
410fac99463459e6,a5_sft,1.2945293e-07,1.9073486328125e-06
410fac99463459e6,v6_sft,1.16044646e-07,1.9073486328125e-06
410fac99463459e6,psi_sft,8.450961e-07,4.291534423828125e-06
e47d448a999b5595,official_il,4.2837664e-07,3.814697265625e-06
e47d448a999b5595,a5_sft,2.8851173e-07,3.814697265625e-06
e47d448a999b5595,v6_sft,1.9138272e-07,3.814697265625e-06
e47d448a999b5595,psi_sft,8.781617e-07,5.7220458984375e-06
6c0b6e4fdf005a81,official_il,0.0,0.0
6c0b6e4fdf005a81,a5_sft,0.0,0.0
6c0b6e4fdf005a81,v6_sft,1.4590748e-07,1.430511474609375e-06
6c0b6e4fdf005a81,psi_sft,0.0,0.0
ddbfb3b2a05c5918,official_il,6.076275e-07,4.291534423828125e-06
ddbfb3b2a05c5918,a5_sft,3.6082125e-07,3.814697265625e-06
ddbfb3b2a05c5918,v6_sft,3.5362692e-07,3.814697265625e-06
ddbfb3b2a05c5918,psi_sft,1.0153619e-06,3.814697265625e-06
886df3cce3a95a83,official_il,4.2462827e-07,4.76837158203125e-06
886df3cce3a95a83,a5_sft,2.2183005e-07,1.9073486328125e-06
886df3cce3a95a83,v6_sft,1.3826082e-07,1.9073486328125e-06
886df3cce3a95a83,psi_sft,9.3315475e-07,4.76837158203125e-06
0056ae51961f5a18,official_il,3.6840692e-07,2.384185791015625e-06
0056ae51961f5a18,a5_sft,1.631308e-07,9.5367431640625e-07
0056ae51961f5a18,v6_sft,1.0862902e-07,8.344650268554688e-07
0056ae51961f5a18,psi_sft,8.5649214e-07,4.291534423828125e-06
80d5ce364722516b,official_il,3.986135e-07,3.814697265625e-06
80d5ce364722516b,a5_sft,1.7560464e-07,1.9073486328125e-06
80d5ce364722516b,v6_sft,1.5654066e-07,1.9073486328125e-06
80d5ce364722516b,psi_sft,7.603927e-07,4.76837158203125e-06
a3fa79234a9d5d7d,official_il,6.00145e-07,5.7220458984375e-06
a3fa79234a9d5d7d,a5_sft,2.7107535e-07,3.814697265625e-06
a3fa79234a9d5d7d,v6_sft,6.3581786e-07,1.621246337890625e-05
a3fa79234a9d5d7d,psi_sft,8.692574e-07,4.76837158203125e-06
d5201097ad6e5d67,official_il,3.9340836e-07,3.814697265625e-06
d5201097ad6e5d67,a5_sft,1.7191898e-07,1.9073486328125e-06
d5201097ad6e5d67,v6_sft,2.81191e-07,2.384185791015625e-06
d5201097ad6e5d67,psi_sft,8.524539e-07,5.7220458984375e-06
b6bba53a1bef520e,official_il,3.815511e-07,3.814697265625e-06
b6bba53a1bef520e,a5_sft,1.4025444e-07,3.814697265625e-06
b6bba53a1bef520e,v6_sft,1.8692904e-07,3.814697265625e-06
b6bba53a1bef520e,psi_sft,8.7188636e-07,5.7220458984375e-06
7b840b044a6a5e8d,official_il,4.0000182e-07,3.814697265625e-06
7b840b044a6a5e8d,a5_sft,2.4835703e-07,1.9073486328125e-06
7b840b044a6a5e8d,v6_sft,1.7131401e-07,1.430511474609375e-06
7b840b044a6a5e8d,psi_sft,8.107819e-07,6.67572021484375e-06
fb9dcf5b46d65616,official_il,5.691319e-07,3.814697265625e-06
fb9dcf5b46d65616,a5_sft,2.437779e-07,1.9073486328125e-06
fb9dcf5b46d65616,v6_sft,3.1387657e-07,1.9073486328125e-06
fb9dcf5b46d65616,psi_sft,9.624197e-07,5.7220458984375e-06
88f9b4f87b6b5bd5,official_il,5.1908506e-07,3.814697265625e-06
88f9b4f87b6b5bd5,a5_sft,1.9518998e-07,3.814697265625e-06
88f9b4f87b6b5bd5,v6_sft,1.8207604e-07,3.814697265625e-06
88f9b4f87b6b5bd5,psi_sft,9.950081e-07,5.7220458984375e-06
52caccf1b3b95e4e,official_il,5.0201254e-07,3.814697265625e-06
52caccf1b3b95e4e,a5_sft,2.8940332e-07,7.62939453125e-06
52caccf1b3b95e4e,v6_sft,2.1577898e-07,3.814697265625e-06
52caccf1b3b95e4e,psi_sft,9.264054e-07,7.62939453125e-06
1b064a029c0e513a,official_il,3.2284936e-07,3.814697265625e-06
1b064a029c0e513a,a5_sft,2.3669239e-07,3.814697265625e-06
1b064a029c0e513a,v6_sft,2.6278462e-07,3.814697265625e-06
1b064a029c0e513a,psi_sft,8.432938e-07,3.814697265625e-06
ad906e8bb5375747,official_il,4.909954e-07,3.814697265625e-06
ad906e8bb5375747,a5_sft,2.1473849e-07,3.814697265625e-06
ad906e8bb5375747,v6_sft,2.2429785e-07,7.62939453125e-06
ad906e8bb5375747,psi_sft,9.4093554e-07,7.62939453125e-06
77d96cb44005501c,official_il,4.8687116e-07,3.814697265625e-06
77d96cb44005501c,a5_sft,2.4958953e-07,3.814697265625e-06
77d96cb44005501c,v6_sft,3.7700596e-07,7.62939453125e-06
77d96cb44005501c,psi_sft,8.8334923e-07,7.62939453125e-06
7640be138ae05408,official_il,4.607449e-07,3.814697265625e-06
7640be138ae05408,a5_sft,1.5155862e-07,3.814697265625e-06
7640be138ae05408,v6_sft,1.7461991e-07,1.9073486328125e-06
7640be138ae05408,psi_sft,8.9175757e-07,4.76837158203125e-06
3138ce4847ee5007,official_il,3.6898916e-07,3.814697265625e-06
3138ce4847ee5007,a5_sft,2.9990218e-07,3.814697265625e-06
3138ce4847ee5007,v6_sft,2.6232777e-07,3.814697265625e-06
3138ce4847ee5007,psi_sft,8.961749e-07,7.62939453125e-06
e34f51206f0e53db,official_il,3.7916695e-07,3.814697265625e-06
e34f51206f0e53db,a5_sft,1.6453083e-07,3.814697265625e-06
e34f51206f0e53db,v6_sft,1.6770431e-07,1.9073486328125e-06
e34f51206f0e53db,psi_sft,9.648039e-07,5.7220458984375e-06
5da31ca5ce165787,official_il,4.39155e-07,3.814697265625e-06
5da31ca5ce165787,a5_sft,1.9048065e-07,3.814697265625e-06
5da31ca5ce165787,v6_sft,1.302522e-07,1.9073486328125e-06
5da31ca5ce165787,psi_sft,8.500177e-07,4.76837158203125e-06
42231e5449d3576a,official_il,5.5575197e-07,3.814697265625e-06
42231e5449d3576a,a5_sft,2.1671865e-07,1.9073486328125e-06
42231e5449d3576a,v6_sft,2.6330528e-07,1.9073486328125e-06
42231e5449d3576a,psi_sft,9.3894676e-07,3.814697265625e-06
bf78c475adfb5eb1,official_il,4.5575806e-07,3.814697265625e-06
bf78c475adfb5eb1,a5_sft,1.6213957e-07,1.9073486328125e-06
bf78c475adfb5eb1,v6_sft,2.117598e-07,1.9073486328125e-06
bf78c475adfb5eb1,psi_sft,8.534558e-07,4.76837158203125e-06
7fe6e7ce9cb7559d,official_il,4.379413e-07,3.814697265625e-06
7fe6e7ce9cb7559d,a5_sft,2.0661624e-07,3.814697265625e-06
7fe6e7ce9cb7559d,v6_sft,3.0604818e-07,4.76837158203125e-06
7fe6e7ce9cb7559d,psi_sft,9.31417e-07,4.291534423828125e-06
f1d60841a46d53a5,official_il,4.2576795e-07,3.814697265625e-06
f1d60841a46d53a5,a5_sft,1.9805873e-07,1.9073486328125e-06
f1d60841a46d53a5,v6_sft,1.47862e-07,1.9073486328125e-06
f1d60841a46d53a5,psi_sft,9.801502e-07,1.0013580322265625e-05
1819e1b106b354ad,official_il,5.2039604e-07,4.291534423828125e-06
1819e1b106b354ad,a5_sft,2.2278525e-07,3.814697265625e-06
1819e1b106b354ad,v6_sft,2.9650374e-07,3.814697265625e-06
1819e1b106b354ad,psi_sft,9.368984e-07,5.7220458984375e-06
1d10ae25c61f50c4,official_il,4.0865513e-07,3.814697265625e-06
1d10ae25c61f50c4,a5_sft,2.1853944e-07,1.9073486328125e-06
1d10ae25c61f50c4,v6_sft,2.0962038e-07,1.9073486328125e-06
1d10ae25c61f50c4,psi_sft,8.0136067e-07,4.76837158203125e-06
26043d2de718532d,official_il,5.166735e-07,3.814697265625e-06
26043d2de718532d,a5_sft,3.477378e-07,3.814697265625e-06
26043d2de718532d,v6_sft,2.725501e-07,3.814697265625e-06
26043d2de718532d,psi_sft,8.497423e-07,3.814697265625e-06
c852239b5ac95394,official_il,5.0802095e-07,3.814697265625e-06
c852239b5ac95394,a5_sft,2.3139083e-07,3.814697265625e-06
c852239b5ac95394,v6_sft,1.9835407e-07,1.9073486328125e-06
c852239b5ac95394,psi_sft,9.902682e-07,5.7220458984375e-06
f97414b6f4a15866,official_il,6.001062e-07,7.62939453125e-06
f97414b6f4a15866,a5_sft,3.222648e-07,1.9073486328125e-06
f97414b6f4a15866,v6_sft,3.3581375e-07,3.814697265625e-06
f97414b6f4a15866,psi_sft,1.0371378e-06,5.7220458984375e-06
0c9d055f4ccc5d64,official_il,4.7561818e-07,3.814697265625e-06
0c9d055f4ccc5d64,a5_sft,2.3918042e-07,1.9073486328125e-06
0c9d055f4ccc5d64,v6_sft,1.6860227e-07,1.9073486328125e-06
0c9d055f4ccc5d64,psi_sft,1.0268699e-06,4.76837158203125e-06
c6538928de9c552b,official_il,4.230852e-07,3.814697265625e-06
c6538928de9c552b,a5_sft,2.382208e-07,3.814697265625e-06
c6538928de9c552b,v6_sft,2.0185033e-07,3.814697265625e-06
c6538928de9c552b,psi_sft,8.875862e-07,5.7220458984375e-06
8fc454e70d1554b7,official_il,4.1241026e-07,4.291534423828125e-06
8fc454e70d1554b7,a5_sft,1.8356658e-07,1.9073486328125e-06
8fc454e70d1554b7,v6_sft,1.6954903e-07,2.86102294921875e-06
8fc454e70d1554b7,psi_sft,9.2378355e-07,4.76837158203125e-06
ef4f3026ae1b56a3,official_il,4.4718837e-07,4.76837158203125e-06
ef4f3026ae1b56a3,a5_sft,1.9820493e-07,2.86102294921875e-06
ef4f3026ae1b56a3,v6_sft,1.4515598e-07,1.9073486328125e-06
ef4f3026ae1b56a3,psi_sft,9.264459e-07,4.76837158203125e-06
9e454d3b139c5a3d,official_il,4.2303327e-07,7.62939453125e-06
9e454d3b139c5a3d,a5_sft,1.8354473e-07,7.62939453125e-06
9e454d3b139c5a3d,v6_sft,2.3591367e-07,3.814697265625e-06
9e454d3b139c5a3d,psi_sft,9.671287e-07,7.62939453125e-06
75341958391d5aba,official_il,5.440328e-07,3.814697265625e-06
75341958391d5aba,a5_sft,2.376617e-07,1.9073486328125e-06
75341958391d5aba,v6_sft,3.5296688e-07,9.5367431640625e-06
75341958391d5aba,psi_sft,9.552672e-07,6.198883056640625e-06
f6f213b156de552d,official_il,4.803e-07,7.62939453125e-06
f6f213b156de552d,a5_sft,2.6851654e-07,7.62939453125e-06
f6f213b156de552d,v6_sft,3.7783042e-07,7.62939453125e-06
f6f213b156de552d,psi_sft,8.4246653e-07,7.62939453125e-06
1cb9fa36aea25d6a,official_il,3.8381935e-07,3.814697265625e-06
1cb9fa36aea25d6a,a5_sft,1.3548181e-07,1.9073486328125e-06
1cb9fa36aea25d6a,v6_sft,1.705584e-07,3.814697265625e-06
1cb9fa36aea25d6a,psi_sft,8.32689e-07,6.198883056640625e-06
8635030755615376,official_il,4.25464e-07,3.814697265625e-06
8635030755615376,a5_sft,2.283844e-07,1.9073486328125e-06
8635030755615376,v6_sft,1.11542214e-07,1.9073486328125e-06
8635030755615376,psi_sft,8.004477e-07,4.0531158447265625e-06
86fbc624ea435e56,official_il,3.336101e-07,4.76837158203125e-06
86fbc624ea435e56,a5_sft,1.7052224e-07,1.9073486328125e-06
86fbc624ea435e56,v6_sft,1.4643079e-07,1.9073486328125e-06
86fbc624ea435e56,psi_sft,8.6603166e-07,5.7220458984375e-06
1b53682e2df854e1,official_il,3.5864014e-07,3.814697265625e-06
1b53682e2df854e1,a5_sft,2.0615448e-07,1.9073486328125e-06
1b53682e2df854e1,v6_sft,1.5829212e-07,1.9073486328125e-06
1b53682e2df854e1,psi_sft,9.851559e-07,4.291534423828125e-06
d45a215505f05382,official_il,4.897964e-07,3.814697265625e-06
d45a215505f05382,a5_sft,1.7436321e-07,3.814697265625e-06
d45a215505f05382,v6_sft,1.9239012e-07,3.814697265625e-06
d45a215505f05382,psi_sft,8.1934706e-07,4.291534423828125e-06
4775f8e1a53d5c6f,official_il,4.413279e-07,4.291534423828125e-06
4775f8e1a53d5c6f,a5_sft,1.9175714e-07,2.86102294921875e-06
4775f8e1a53d5c6f,v6_sft,1.7664058e-07,1.9073486328125e-06
4775f8e1a53d5c6f,psi_sft,8.221525e-07,4.76837158203125e-06
598efc24965e57ba,official_il,4.184041e-07,3.814697265625e-06
598efc24965e57ba,a5_sft,2.1828822e-07,3.814697265625e-06
598efc24965e57ba,v6_sft,1.679372e-07,3.814697265625e-06
598efc24965e57ba,psi_sft,9.5288993e-07,5.7220458984375e-06
f36236f06fb556a0,official_il,3.7011992e-07,3.814697265625e-06
f36236f06fb556a0,a5_sft,1.8217627e-07,5.7220458984375e-06
f36236f06fb556a0,v6_sft,2.4120646e-07,3.814697265625e-06
f36236f06fb556a0,psi_sft,8.159511e-07,5.7220458984375e-06
45e7e76381d85846,official_il,4.7127236e-07,3.814697265625e-06
45e7e76381d85846,a5_sft,2.024764e-07,1.9073486328125e-06
45e7e76381d85846,v6_sft,2.3070741e-07,1.9073486328125e-06
45e7e76381d85846,psi_sft,9.114865e-07,5.7220458984375e-06
bae3d8ac0ee85cad,official_il,3.8738426e-07,5.7220458984375e-06
bae3d8ac0ee85cad,a5_sft,1.83626e-07,1.9073486328125e-06
bae3d8ac0ee85cad,v6_sft,1.5228356e-07,1.9073486328125e-06
bae3d8ac0ee85cad,psi_sft,8.145332e-07,4.76837158203125e-06
4833c4f6d87f5021,official_il,4.078919e-07,3.814697265625e-06
4833c4f6d87f5021,a5_sft,1.2689121e-07,1.9073486328125e-06
4833c4f6d87f5021,v6_sft,1.8444689e-07,1.9073486328125e-06
4833c4f6d87f5021,psi_sft,9.975852e-07,5.7220458984375e-06
a507cbf8c4055960,official_il,3.7171287e-07,3.814697265625e-06
a507cbf8c4055960,a5_sft,2.9308825e-07,8.58306884765625e-06
a507cbf8c4055960,v6_sft,1.14139105e-07,1.9073486328125e-06
a507cbf8c4055960,psi_sft,8.021676e-07,4.76837158203125e-06
8d76cc7ca097546b,official_il,4.1604318e-07,4.291534423828125e-06
8d76cc7ca097546b,a5_sft,1.7644513e-07,9.5367431640625e-07
8d76cc7ca097546b,v6_sft,1.8517511e-07,1.9073486328125e-06
8d76cc7ca097546b,psi_sft,8.642511e-07,5.7220458984375e-06
007505437ed45b53,official_il,3.700852e-07,3.814697265625e-06
007505437ed45b53,a5_sft,1.9071877e-07,1.9073486328125e-06
007505437ed45b53,v6_sft,1.609168e-07,1.9073486328125e-06
007505437ed45b53,psi_sft,9.3979224e-07,5.7220458984375e-06
99c663a7b4e15514,official_il,3.7497603e-07,4.291534423828125e-06
99c663a7b4e15514,a5_sft,1.8804748e-07,1.9073486328125e-06
99c663a7b4e15514,v6_sft,1.4346253e-07,1.9073486328125e-06
99c663a7b4e15514,psi_sft,8.4503836e-07,4.291534423828125e-06
113b14c30cc25989,official_il,3.6425615e-07,3.814697265625e-06
113b14c30cc25989,a5_sft,1.4951105e-07,1.9073486328125e-06
113b14c30cc25989,v6_sft,1.3204433e-07,1.9073486328125e-06
113b14c30cc25989,psi_sft,9.052922e-07,5.7220458984375e-06
a4b7b2795e615efb,official_il,3.709573e-07,3.814697265625e-06
a4b7b2795e615efb,a5_sft,3.843265e-07,9.5367431640625e-06
a4b7b2795e615efb,v6_sft,1.5292687e-07,9.5367431640625e-07
a4b7b2795e615efb,psi_sft,9.272346e-07,4.291534423828125e-06
fbec1eb4b33955e2,official_il,4.457565e-07,3.814697265625e-06
fbec1eb4b33955e2,a5_sft,1.6093396e-07,1.9073486328125e-06
fbec1eb4b33955e2,v6_sft,1.3036706e-07,1.9073486328125e-06
fbec1eb4b33955e2,psi_sft,9.399483e-07,4.76837158203125e-06
eba5b88270db545e,official_il,4.4413707e-07,4.291534423828125e-06
eba5b88270db545e,a5_sft,2.4580572e-07,2.86102294921875e-06
eba5b88270db545e,v6_sft,1.7676601e-07,1.9073486328125e-06
eba5b88270db545e,psi_sft,9.618169e-07,7.62939453125e-06
0481ff72500154f2,official_il,4.795763e-07,3.814697265625e-06
0481ff72500154f2,a5_sft,2.5084745e-07,3.814697265625e-06
0481ff72500154f2,v6_sft,2.2841985e-07,3.814697265625e-06
0481ff72500154f2,psi_sft,9.616685e-07,5.7220458984375e-06
de0fb293bb4859e7,official_il,4.1233503e-07,3.814697265625e-06
de0fb293bb4859e7,a5_sft,2.4165914e-07,2.1457672119140625e-06
de0fb293bb4859e7,v6_sft,2.2901159e-07,3.337860107421875e-06
de0fb293bb4859e7,psi_sft,7.926632e-07,6.198883056640625e-06
e5ba0fd6afc15419,official_il,5.753508e-07,3.814697265625e-06
e5ba0fd6afc15419,a5_sft,3.4107694e-07,3.814697265625e-06
e5ba0fd6afc15419,v6_sft,2.9177062e-07,3.814697265625e-06
e5ba0fd6afc15419,psi_sft,9.4917425e-07,4.291534423828125e-06
07bd6c8c7de152a6,official_il,4.7152696e-07,2.86102294921875e-06
07bd6c8c7de152a6,a5_sft,2.536409e-07,1.9073486328125e-06
07bd6c8c7de152a6,v6_sft,1.8176206e-07,1.9073486328125e-06
07bd6c8c7de152a6,psi_sft,8.5247257e-07,7.62939453125e-06
66c135a6ec7f53c4,official_il,4.0076714e-07,2.86102294921875e-06
66c135a6ec7f53c4,a5_sft,2.1349601e-07,1.430511474609375e-06
66c135a6ec7f53c4,v6_sft,1.6003455e-07,9.5367431640625e-07
66c135a6ec7f53c4,psi_sft,1.025352e-06,4.76837158203125e-06
84b13f58e18551a8,official_il,4.4634083e-07,3.814697265625e-06
84b13f58e18551a8,a5_sft,1.5574224e-07,1.9073486328125e-06
84b13f58e18551a8,v6_sft,1.9885718e-07,2.86102294921875e-06
84b13f58e18551a8,psi_sft,8.68534e-07,3.814697265625e-06
6b5978b04dc85323,official_il,3.3425806e-07,3.814697265625e-06
6b5978b04dc85323,a5_sft,2.125181e-07,1.9073486328125e-06
6b5978b04dc85323,v6_sft,9.368651e-08,9.5367431640625e-07
6b5978b04dc85323,psi_sft,8.494333e-07,4.76837158203125e-06
d4b1d28cb67b5618,official_il,4.5895894e-07,7.62939453125e-06
d4b1d28cb67b5618,a5_sft,2.7421638e-07,7.62939453125e-06
d4b1d28cb67b5618,v6_sft,2.9226257e-07,3.814697265625e-06
d4b1d28cb67b5618,psi_sft,9.5127757e-07,7.62939453125e-06
a2e11073e3025626,official_il,4.5497603e-07,4.76837158203125e-06
a2e11073e3025626,a5_sft,2.2897635e-07,1.9073486328125e-06
a2e11073e3025626,v6_sft,1.8078124e-07,1.9073486328125e-06
a2e11073e3025626,psi_sft,8.190441e-07,4.76837158203125e-06
2c87600ce5a15f76,official_il,3.9889824e-07,3.814697265625e-06
2c87600ce5a15f76,a5_sft,1.2970645e-07,3.814697265625e-06
2c87600ce5a15f76,v6_sft,1.4007699e-07,1.9073486328125e-06
2c87600ce5a15f76,psi_sft,9.4427634e-07,5.7220458984375e-06
fad3b25206405469,official_il,3.6467955e-07,3.814697265625e-06
fad3b25206405469,a5_sft,3.0141092e-07,3.814697265625e-06
fad3b25206405469,v6_sft,2.2031804e-07,3.814697265625e-06
fad3b25206405469,psi_sft,9.681881e-07,5.7220458984375e-06
4db513bb187a5415,official_il,5.0587755e-07,3.933906555175781e-06
4db513bb187a5415,a5_sft,1.7415886e-07,1.430511474609375e-06
4db513bb187a5415,v6_sft,1.2180001e-07,9.5367431640625e-07
4db513bb187a5415,psi_sft,9.2660605e-07,4.291534423828125e-06
895b56e6e7d1506f,official_il,3.7939978e-07,3.814697265625e-06
895b56e6e7d1506f,a5_sft,1.887193e-07,1.9073486328125e-06
895b56e6e7d1506f,v6_sft,1.5187709e-07,1.9073486328125e-06
895b56e6e7d1506f,psi_sft,7.233985e-07,4.0531158447265625e-06
9c83725ca24453f5,official_il,4.3364935e-07,3.814697265625e-06
9c83725ca24453f5,a5_sft,1.758043e-07,1.9073486328125e-06
9c83725ca24453f5,v6_sft,1.9968405e-07,1.9073486328125e-06
9c83725ca24453f5,psi_sft,8.0950576e-07,5.7220458984375e-06
af80a080342354b5,official_il,3.416219e-07,4.291534423828125e-06
af80a080342354b5,a5_sft,1.199617e-07,1.9073486328125e-06
af80a080342354b5,v6_sft,1.286615e-07,1.9073486328125e-06
af80a080342354b5,psi_sft,8.283589e-07,8.58306884765625e-06
312f7d68b7845c0f,official_il,4.4700744e-07,4.76837158203125e-06
312f7d68b7845c0f,a5_sft,1.5813472e-07,2.86102294921875e-06
312f7d68b7845c0f,v6_sft,1.5909464e-07,2.86102294921875e-06
312f7d68b7845c0f,psi_sft,7.819246e-07,4.76837158203125e-06
65c6face44dc5242,official_il,3.8501167e-07,3.814697265625e-06
65c6face44dc5242,a5_sft,1.8229413e-07,3.814697265625e-06
65c6face44dc5242,v6_sft,1.2266304e-07,1.9073486328125e-06
65c6face44dc5242,psi_sft,7.078254e-07,4.76837158203125e-06
d2b1e07b5d38547e,official_il,4.7670594e-07,7.62939453125e-06
d2b1e07b5d38547e,a5_sft,3.243618e-07,7.62939453125e-06
d2b1e07b5d38547e,v6_sft,3.4996813e-07,7.62939453125e-06
d2b1e07b5d38547e,psi_sft,9.535352e-07,7.62939453125e-06
1779dc029c945352,official_il,4.2359608e-07,7.62939453125e-06
1779dc029c945352,a5_sft,3.6514245e-07,7.62939453125e-06
1779dc029c945352,v6_sft,2.6995872e-07,3.814697265625e-06
1779dc029c945352,psi_sft,9.0451175e-07,7.62939453125e-06
40b18724a90f5919,official_il,4.2963188e-07,4.291534423828125e-06
40b18724a90f5919,a5_sft,1.7561044e-07,2.86102294921875e-06
40b18724a90f5919,v6_sft,1.2201592e-07,1.9073486328125e-06
40b18724a90f5919,psi_sft,8.1078537e-07,4.291534423828125e-06
d68f1142da63586f,official_il,4.3793443e-07,5.7220458984375e-06
d68f1142da63586f,a5_sft,1.7087314e-07,3.814697265625e-06
d68f1142da63586f,v6_sft,1.9561764e-07,3.814697265625e-06
d68f1142da63586f,psi_sft,1.0195088e-06,5.7220458984375e-06
75b56424b7eb5ac6,official_il,3.7721753e-07,3.814697265625e-06
75b56424b7eb5ac6,a5_sft,1.6320132e-07,9.5367431640625e-07
75b56424b7eb5ac6,v6_sft,1.3320772e-07,1.430511474609375e-06
75b56424b7eb5ac6,psi_sft,8.1969586e-07,5.7220458984375e-06
2320cdddd8465622,official_il,5.193267e-07,4.76837158203125e-06
2320cdddd8465622,a5_sft,1.5293736e-07,1.9073486328125e-06
2320cdddd8465622,v6_sft,1.7446567e-07,1.9073486328125e-06
2320cdddd8465622,psi_sft,8.3607813e-07,4.76837158203125e-06
5fec23f5a5d052cd,official_il,5.1518236e-07,7.62939453125e-06
5fec23f5a5d052cd,a5_sft,3.2846867e-07,7.62939453125e-06
5fec23f5a5d052cd,v6_sft,1.9721631e-07,3.814697265625e-06
5fec23f5a5d052cd,psi_sft,9.496613e-07,7.62939453125e-06
a3d8003852145a71,official_il,6.0501793e-07,4.76837158203125e-06
a3d8003852145a71,a5_sft,2.6284084e-07,3.814697265625e-06
a3d8003852145a71,v6_sft,2.6189844e-07,4.291534423828125e-06
a3d8003852145a71,psi_sft,1.0109495e-06,4.291534423828125e-06
fadbd438f57e5612,official_il,3.9997562e-07,3.814697265625e-06
fadbd438f57e5612,a5_sft,2.114337e-07,1.9073486328125e-06
fadbd438f57e5612,v6_sft,1.6721862e-07,1.9073486328125e-06
fadbd438f57e5612,psi_sft,9.5335173e-07,4.291534423828125e-06
edf80e77e2e65098,official_il,5.8568696e-07,3.814697265625e-06
edf80e77e2e65098,a5_sft,3.0634772e-07,1.9073486328125e-06
edf80e77e2e65098,v6_sft,2.9778826e-07,1.9073486328125e-06
edf80e77e2e65098,psi_sft,9.990523e-07,5.7220458984375e-06
c3fa71763867515b,official_il,4.2870056e-07,3.814697265625e-06
c3fa71763867515b,a5_sft,1.6078829e-07,1.9073486328125e-06
c3fa71763867515b,v6_sft,1.7813302e-07,1.9073486328125e-06
c3fa71763867515b,psi_sft,8.274531e-07,5.7220458984375e-06
03d9c9a7f1655e53,official_il,4.3327785e-07,5.7220458984375e-06
03d9c9a7f1655e53,a5_sft,3.224253e-07,3.814697265625e-06
03d9c9a7f1655e53,v6_sft,2.203699e-07,3.814697265625e-06
03d9c9a7f1655e53,psi_sft,9.206366e-07,5.7220458984375e-06
095453a7aea65260,official_il,4.3621503e-07,4.0531158447265625e-06
095453a7aea65260,a5_sft,2.2617857e-07,2.86102294921875e-06
095453a7aea65260,v6_sft,1.5772007e-07,1.9073486328125e-06
095453a7aea65260,psi_sft,9.119595e-07,4.291534423828125e-06
16cf679d9cd35d85,official_il,4.813596e-07,3.814697265625e-06
16cf679d9cd35d85,a5_sft,2.8187634e-07,7.62939453125e-06
16cf679d9cd35d85,v6_sft,2.5743248e-07,3.814697265625e-06
16cf679d9cd35d85,psi_sft,1.0405352e-06,7.62939453125e-06
e5a8e75d4450516b,official_il,4.6101815e-07,3.814697265625e-06
e5a8e75d4450516b,a5_sft,2.361382e-07,3.814697265625e-06
e5a8e75d4450516b,v6_sft,2.9738194e-07,5.7220458984375e-06
e5a8e75d4450516b,psi_sft,8.979007e-07,4.291534423828125e-06
00bbc908bd5758e6,official_il,4.6626732e-07,5.7220458984375e-06
00bbc908bd5758e6,a5_sft,1.4475272e-07,1.9073486328125e-06
00bbc908bd5758e6,v6_sft,1.6222651e-07,1.9073486328125e-06
00bbc908bd5758e6,psi_sft,8.502949e-07,8.106231689453125e-06
101da9987c395ba4,official_il,5.4328586e-07,3.814697265625e-06
101da9987c395ba4,a5_sft,2.2625416e-07,3.814697265625e-06
101da9987c395ba4,v6_sft,2.8162205e-07,3.814697265625e-06
101da9987c395ba4,psi_sft,9.459038e-07,4.76837158203125e-06
d14c834404a75404,official_il,4.10869e-07,5.7220458984375e-06
d14c834404a75404,a5_sft,1.1522532e-07,1.9073486328125e-06
d14c834404a75404,v6_sft,2.1953939e-07,3.814697265625e-06
d14c834404a75404,psi_sft,8.087851e-07,4.76837158203125e-06
b4375fa743295bd8,official_il,4.630886e-07,3.814697265625e-06
b4375fa743295bd8,a5_sft,2.0892593e-07,2.86102294921875e-06
b4375fa743295bd8,v6_sft,2.4887606e-07,1.9073486328125e-06
b4375fa743295bd8,psi_sft,8.4480087e-07,5.7220458984375e-06
4a5cb683d82059f0,official_il,2.89235e-07,3.814697265625e-06
4a5cb683d82059f0,a5_sft,1.5946664e-07,1.9073486328125e-06
4a5cb683d82059f0,v6_sft,1.4978124e-07,1.430511474609375e-06
4a5cb683d82059f0,psi_sft,8.476128e-07,5.7220458984375e-06
664b084487e05ba0,official_il,3.78969e-07,3.814697265625e-06
664b084487e05ba0,a5_sft,1.545812e-07,1.9073486328125e-06
664b084487e05ba0,v6_sft,1.6056677e-07,3.814697265625e-06
664b084487e05ba0,psi_sft,7.857923e-07,3.814697265625e-06
b4206de96b755fb8,official_il,4.060035e-07,4.76837158203125e-06
b4206de96b755fb8,a5_sft,1.4999762e-07,1.9073486328125e-06
b4206de96b755fb8,v6_sft,1.6522092e-07,1.9073486328125e-06
b4206de96b755fb8,psi_sft,8.39712e-07,5.7220458984375e-06
9ac1e7123b245486,official_il,4.5472729e-07,3.933906555175781e-06
9ac1e7123b245486,a5_sft,1.9366249e-07,1.9073486328125e-06
9ac1e7123b245486,v6_sft,1.933966e-07,1.9073486328125e-06
9ac1e7123b245486,psi_sft,8.858932e-07,4.291534423828125e-06
bca73d6fa8f85d39,official_il,3.542815e-07,4.0531158447265625e-06
bca73d6fa8f85d39,a5_sft,1.7581061e-07,3.0994415283203125e-06
bca73d6fa8f85d39,v6_sft,1.4456295e-07,9.5367431640625e-07
bca73d6fa8f85d39,psi_sft,8.493331e-07,4.76837158203125e-06
008a9f9434c75b99,official_il,4.9209575e-07,5.7220458984375e-06
008a9f9434c75b99,a5_sft,2.5748224e-07,3.814697265625e-06
008a9f9434c75b99,v6_sft,2.0386923e-07,1.9073486328125e-06
008a9f9434c75b99,psi_sft,8.5167767e-07,4.76837158203125e-06
392e034cb2a55053,official_il,3.9756452e-07,4.76837158203125e-06
392e034cb2a55053,a5_sft,1.5408952e-07,1.9073486328125e-06
392e034cb2a55053,v6_sft,1.5314954e-07,1.9073486328125e-06
392e034cb2a55053,psi_sft,8.8841153e-07,4.76837158203125e-06
a400f271c6cd51f6,official_il,4.1263525e-07,3.814697265625e-06
a400f271c6cd51f6,a5_sft,1.8076456e-07,1.9073486328125e-06
a400f271c6cd51f6,v6_sft,2.179066e-07,1.9073486328125e-06
a400f271c6cd51f6,psi_sft,7.984334e-07,4.291534423828125e-06
2f4462b637dc5044,official_il,3.7840914e-07,3.814697265625e-06
2f4462b637dc5044,a5_sft,1.7740429e-07,1.9073486328125e-06
2f4462b637dc5044,v6_sft,1.454253e-07,1.9073486328125e-06
2f4462b637dc5044,psi_sft,8.3564817e-07,3.814697265625e-06
f696561dbf6055df,official_il,4.1933544e-07,4.291534423828125e-06
f696561dbf6055df,a5_sft,2.2113696e-07,3.814697265625e-06
f696561dbf6055df,v6_sft,2.913427e-07,3.814697265625e-06
f696561dbf6055df,psi_sft,8.256037e-07,5.7220458984375e-06
cc8872f4a1fb5895,official_il,5.2190876e-07,7.62939453125e-06
cc8872f4a1fb5895,a5_sft,3.4345803e-07,1.9073486328125e-06
cc8872f4a1fb5895,v6_sft,2.9946418e-07,3.814697265625e-06
cc8872f4a1fb5895,psi_sft,1.004499e-06,4.76837158203125e-06
9c7f841d11e6542d,official_il,4.3859808e-07,3.814697265625e-06
9c7f841d11e6542d,a5_sft,2.398025e-07,3.814697265625e-06
9c7f841d11e6542d,v6_sft,2.6632395e-07,3.814697265625e-06
9c7f841d11e6542d,psi_sft,9.677394e-07,8.58306884765625e-06
8fb50dd1fb5552df,official_il,4.1906776e-07,3.814697265625e-06
8fb50dd1fb5552df,a5_sft,1.7781403e-07,1.9073486328125e-06
8fb50dd1fb5552df,v6_sft,1.892858e-07,3.814697265625e-06
8fb50dd1fb5552df,psi_sft,8.378512e-07,5.7220458984375e-06
053ae221b0d351f5,official_il,4.960492e-07,4.291534423828125e-06
053ae221b0d351f5,a5_sft,1.5580781e-07,9.5367431640625e-07
053ae221b0d351f5,v6_sft,1.2233681e-07,1.9073486328125e-06
053ae221b0d351f5,psi_sft,9.680947e-07,4.76837158203125e-06
edfca2d846ee5acf,official_il,3.8679104e-07,4.76837158203125e-06
edfca2d846ee5acf,a5_sft,1.7650406e-07,1.9073486328125e-06
edfca2d846ee5acf,v6_sft,2.2362278e-07,1.9073486328125e-06
edfca2d846ee5acf,psi_sft,8.9202507e-07,5.7220458984375e-06
ee05069c50295595,official_il,4.7109884e-07,4.76837158203125e-06
ee05069c50295595,a5_sft,2.2151102e-07,1.9073486328125e-06
ee05069c50295595,v6_sft,1.505011e-07,1.9073486328125e-06
ee05069c50295595,psi_sft,8.8192485e-07,4.76837158203125e-06
5e7dad82583e5536,official_il,4.3570031e-07,3.814697265625e-06
5e7dad82583e5536,a5_sft,3.2087365e-07,3.814697265625e-06
5e7dad82583e5536,v6_sft,3.282944e-07,3.814697265625e-06
5e7dad82583e5536,psi_sft,9.023008e-07,5.7220458984375e-06
aee904e6c2c35a90,official_il,4.464697e-07,4.291534423828125e-06
aee904e6c2c35a90,a5_sft,2.9740363e-07,7.62939453125e-06
aee904e6c2c35a90,v6_sft,1.4038153e-07,1.9073486328125e-06
aee904e6c2c35a90,psi_sft,9.502131e-07,5.7220458984375e-06
ac5b4b33a03c57fe,official_il,6.504154e-07,7.62939453125e-06
ac5b4b33a03c57fe,a5_sft,5.110848e-07,7.62939453125e-06
ac5b4b33a03c57fe,v6_sft,2.9854812e-07,7.62939453125e-06
ac5b4b33a03c57fe,psi_sft,9.602123e-07,7.62939453125e-06
bcc74e9eaae05ca4,official_il,3.2978238e-07,3.814697265625e-06
bcc74e9eaae05ca4,a5_sft,1.7946269e-07,9.5367431640625e-07
bcc74e9eaae05ca4,v6_sft,1.6479913e-07,1.430511474609375e-06
bcc74e9eaae05ca4,psi_sft,8.671586e-07,4.291534423828125e-06
4a5834900788560a,official_il,4.869505e-07,4.291534423828125e-06
4a5834900788560a,a5_sft,3.1610045e-07,1.1444091796875e-05
4a5834900788560a,v6_sft,3.6721133e-07,3.814697265625e-06
4a5834900788560a,psi_sft,1.0358896e-06,7.62939453125e-06
96886b2d240e5275,official_il,4.2558702e-07,3.814697265625e-06
96886b2d240e5275,a5_sft,1.4658322e-07,1.9073486328125e-06
96886b2d240e5275,v6_sft,1.6071454e-07,3.814697265625e-06
96886b2d240e5275,psi_sft,9.009227e-07,4.291534423828125e-06
11ceee170b09535e,official_il,4.6715246e-07,4.291534423828125e-06
11ceee170b09535e,a5_sft,1.9202528e-07,3.814697265625e-06
11ceee170b09535e,v6_sft,3.130952e-07,3.814697265625e-06
11ceee170b09535e,psi_sft,8.262546e-07,4.76837158203125e-06
76c61e8e77975178,official_il,4.1373934e-07,3.814697265625e-06
76c61e8e77975178,a5_sft,2.1489345e-07,3.814697265625e-06
76c61e8e77975178,v6_sft,1.9970764e-07,1.9073486328125e-06
76c61e8e77975178,psi_sft,8.2719083e-07,5.7220458984375e-06
06f781885ea25f20,official_il,3.298936e-07,3.814697265625e-06
06f781885ea25f20,a5_sft,1.6978484e-07,1.9073486328125e-06
06f781885ea25f20,v6_sft,1.5419158e-07,3.814697265625e-06
06f781885ea25f20,psi_sft,8.0586847e-07,6.67572021484375e-06
666ee535a52a5acc,official_il,4.420092e-07,3.814697265625e-06
666ee535a52a5acc,a5_sft,2.90865e-07,3.814697265625e-06
666ee535a52a5acc,v6_sft,2.6789075e-07,3.814697265625e-06
666ee535a52a5acc,psi_sft,8.349714e-07,5.7220458984375e-06
b7d4e7ebc5c75968,official_il,4.4533851e-07,3.814697265625e-06
b7d4e7ebc5c75968,a5_sft,1.881134e-07,3.814697265625e-06
b7d4e7ebc5c75968,v6_sft,2.5566789e-07,3.814697265625e-06
b7d4e7ebc5c75968,psi_sft,8.479636e-07,3.814697265625e-06
f06dec0352685bd7,official_il,4.8967115e-07,3.814697265625e-06
f06dec0352685bd7,a5_sft,2.9954828e-07,2.384185791015625e-06
f06dec0352685bd7,v6_sft,2.1186976e-07,1.9073486328125e-06
f06dec0352685bd7,psi_sft,9.955545e-07,4.291534423828125e-06
bbe9d736a2595720,official_il,4.4496494e-07,3.814697265625e-06
bbe9d736a2595720,a5_sft,1.9629903e-07,9.5367431640625e-07
bbe9d736a2595720,v6_sft,1.7130017e-07,1.430511474609375e-06
bbe9d736a2595720,psi_sft,7.679372e-07,4.0531158447265625e-06
121fdf5f01785268,official_il,4.323185e-07,4.291534423828125e-06
121fdf5f01785268,a5_sft,1.9822701e-07,9.5367431640625e-07
121fdf5f01785268,v6_sft,1.4383693e-07,1.1920928955078125e-06
121fdf5f01785268,psi_sft,8.696885e-07,4.291534423828125e-06
ea808fbdaf2a5375,official_il,4.022943e-07,3.814697265625e-06
ea808fbdaf2a5375,a5_sft,1.08946864e-07,1.9073486328125e-06
ea808fbdaf2a5375,v6_sft,1.7458825e-07,3.814697265625e-06
ea808fbdaf2a5375,psi_sft,9.2098946e-07,5.7220458984375e-06
e47dc9b07dd857a3,official_il,5.178806e-07,5.7220458984375e-06
e47dc9b07dd857a3,a5_sft,2.9913406e-07,3.814697265625e-06
e47dc9b07dd857a3,v6_sft,3.0882944e-07,3.814697265625e-06
e47dc9b07dd857a3,psi_sft,8.755441e-07,5.7220458984375e-06
02ef12eeec9c5667,official_il,5.464335e-07,7.62939453125e-06
02ef12eeec9c5667,a5_sft,3.451585e-07,3.814697265625e-06
02ef12eeec9c5667,v6_sft,2.1969525e-07,3.814697265625e-06
02ef12eeec9c5667,psi_sft,1.0525313e-06,7.62939453125e-06
076f5a91273050e6,official_il,3.5662111e-07,4.76837158203125e-06
076f5a91273050e6,a5_sft,2.1013604e-07,1.9073486328125e-06
076f5a91273050e6,v6_sft,1.6924176e-07,1.9073486328125e-06
076f5a91273050e6,psi_sft,8.0123937e-07,4.76837158203125e-06
a566b5f3bd0c5522,official_il,5.1204427e-07,7.62939453125e-06
a566b5f3bd0c5522,a5_sft,3.0293722e-07,7.62939453125e-06
a566b5f3bd0c5522,v6_sft,2.6188786e-07,7.62939453125e-06
a566b5f3bd0c5522,psi_sft,1.0187214e-06,7.62939453125e-06
1526e5b224665c7e,official_il,4.4989264e-07,4.76837158203125e-06
1526e5b224665c7e,a5_sft,2.2021527e-07,3.814697265625e-06
1526e5b224665c7e,v6_sft,2.053634e-07,3.814697265625e-06
1526e5b224665c7e,psi_sft,1.0012695e-06,9.5367431640625e-06
66df470c3c2c5b62,official_il,4.98452e-07,4.291534423828125e-06
66df470c3c2c5b62,a5_sft,2.1141364e-07,1.9073486328125e-06
66df470c3c2c5b62,v6_sft,1.6242518e-07,1.9073486328125e-06
66df470c3c2c5b62,psi_sft,7.8867583e-07,5.7220458984375e-06
9c9fd38ec0485088,official_il,3.7235554e-07,5.7220458984375e-06
9c9fd38ec0485088,a5_sft,1.8153314e-07,1.9073486328125e-06
9c9fd38ec0485088,v6_sft,1.7740155e-07,1.9073486328125e-06
9c9fd38ec0485088,psi_sft,8.637355e-07,5.7220458984375e-06
0f54c1a676a954ce,official_il,4.455311e-07,4.0531158447265625e-06
0f54c1a676a954ce,a5_sft,1.7646882e-07,3.814697265625e-06
0f54c1a676a954ce,v6_sft,2.0452917e-07,3.814697265625e-06
0f54c1a676a954ce,psi_sft,7.640559e-07,4.0531158447265625e-06
c84f1984d6e459d4,official_il,4.248488e-07,3.933906555175781e-06
c84f1984d6e459d4,a5_sft,3.4609766e-07,5.7220458984375e-06
c84f1984d6e459d4,v6_sft,1.6802696e-07,1.9073486328125e-06
c84f1984d6e459d4,psi_sft,9.396392e-07,4.291534423828125e-06
7da6b01adf435bd5,official_il,3.7369767e-07,3.814697265625e-06
7da6b01adf435bd5,a5_sft,2.3509341e-07,3.814697265625e-06
7da6b01adf435bd5,v6_sft,1.8264427e-07,3.814697265625e-06
7da6b01adf435bd5,psi_sft,9.012349e-07,5.9604644775390625e-06
c0c2ed50261f54e5,official_il,5.2933717e-07,7.62939453125e-06
c0c2ed50261f54e5,a5_sft,2.614387e-07,3.814697265625e-06
c0c2ed50261f54e5,v6_sft,2.5198327e-07,7.62939453125e-06
c0c2ed50261f54e5,psi_sft,9.3677056e-07,7.62939453125e-06
c82e95254649534e,official_il,5.622045e-07,7.62939453125e-06
c82e95254649534e,a5_sft,2.861958e-07,7.62939453125e-06
c82e95254649534e,v6_sft,2.6446594e-07,3.814697265625e-06
c82e95254649534e,psi_sft,8.700823e-07,7.62939453125e-06
711cc9425e2f5aff,official_il,4.4133273e-07,3.814697265625e-06
711cc9425e2f5aff,a5_sft,1.4907081e-07,1.430511474609375e-06
711cc9425e2f5aff,v6_sft,1.4116071e-07,9.5367431640625e-07
711cc9425e2f5aff,psi_sft,8.1445967e-07,4.76837158203125e-06
dc932b3cf2ba5b1b,official_il,4.5739804e-07,3.814697265625e-06
dc932b3cf2ba5b1b,a5_sft,4.72727e-07,3.814697265625e-06
dc932b3cf2ba5b1b,v6_sft,1.814107e-07,1.9073486328125e-06
dc932b3cf2ba5b1b,psi_sft,8.863773e-07,4.291534423828125e-06
675f0d4dff9c5318,official_il,3.6606912e-07,3.814697265625e-06
675f0d4dff9c5318,a5_sft,1.4892997e-07,9.5367431640625e-07
675f0d4dff9c5318,v6_sft,1.76235e-07,1.430511474609375e-06
675f0d4dff9c5318,psi_sft,8.7084277e-07,5.7220458984375e-06
fcc0457324f15902,official_il,4.7322092e-07,3.814697265625e-06
fcc0457324f15902,a5_sft,3.3225876e-07,3.814697265625e-06
fcc0457324f15902,v6_sft,5.600158e-07,1.049041748046875e-05
fcc0457324f15902,psi_sft,1.018914e-06,5.7220458984375e-06
67b08ea8fc9956b0,official_il,4.194958e-07,3.814697265625e-06
67b08ea8fc9956b0,a5_sft,1.3145606e-07,1.9073486328125e-06
67b08ea8fc9956b0,v6_sft,1.3684341e-07,1.9073486328125e-06
67b08ea8fc9956b0,psi_sft,8.54062e-07,4.291534423828125e-06
4094b79867cd5f7b,official_il,4.3534249e-07,3.814697265625e-06
4094b79867cd5f7b,a5_sft,2.2773622e-07,1.9073486328125e-06
4094b79867cd5f7b,v6_sft,2.5048968e-07,3.814697265625e-06
4094b79867cd5f7b,psi_sft,8.924417e-07,5.7220458984375e-06
4668501db7065e02,official_il,4.2639846e-07,3.933906555175781e-06
4668501db7065e02,a5_sft,1.6447318e-07,1.9073486328125e-06
4668501db7065e02,v6_sft,1.2662824e-07,1.9073486328125e-06
4668501db7065e02,psi_sft,7.9710935e-07,4.76837158203125e-06
b790a763e1ee538e,official_il,5.6133194e-07,3.814697265625e-06
b790a763e1ee538e,a5_sft,3.507397e-07,3.814697265625e-06
b790a763e1ee538e,v6_sft,4.5687352e-07,3.814697265625e-06
b790a763e1ee538e,psi_sft,9.63112e-07,7.62939453125e-06
6848c7497a065ae0,official_il,4.2500375e-07,3.814697265625e-06
6848c7497a065ae0,a5_sft,5.42577e-07,1.2874603271484375e-05
6848c7497a065ae0,v6_sft,1.2773752e-07,9.5367431640625e-07
6848c7497a065ae0,psi_sft,9.2903065e-07,5.7220458984375e-06
5d83ddd5ec3c5326,official_il,3.9696988e-07,4.291534423828125e-06
5d83ddd5ec3c5326,a5_sft,1.8442736e-07,2.86102294921875e-06
5d83ddd5ec3c5326,v6_sft,1.5429158e-07,1.9073486328125e-06
5d83ddd5ec3c5326,psi_sft,8.808697e-07,4.0531158447265625e-06
98ad6d2817355b99,official_il,4.102795e-07,2.86102294921875e-06
98ad6d2817355b99,a5_sft,2.3436797e-07,1.9073486328125e-06
98ad6d2817355b99,v6_sft,1.5976704e-07,1.9073486328125e-06
98ad6d2817355b99,psi_sft,9.138452e-07,4.291534423828125e-06
023664205ae95402,official_il,3.7960297e-07,4.76837158203125e-06
023664205ae95402,a5_sft,1.7825545e-07,1.9073486328125e-06
023664205ae95402,v6_sft,1.3485938e-07,1.9073486328125e-06
023664205ae95402,psi_sft,8.8961895e-07,5.7220458984375e-06
adb657c849df5d9e,official_il,3.9103784e-07,4.291534423828125e-06
adb657c849df5d9e,a5_sft,1.841029e-07,1.9073486328125e-06
adb657c849df5d9e,v6_sft,1.6916698e-07,2.384185791015625e-06
adb657c849df5d9e,psi_sft,8.7838305e-07,4.291534423828125e-06
095f95bdbf1054d0,official_il,4.2335287e-07,4.291534423828125e-06
095f95bdbf1054d0,a5_sft,2.3253543e-07,1.9073486328125e-06
095f95bdbf1054d0,v6_sft,1.7758435e-07,1.430511474609375e-06
095f95bdbf1054d0,psi_sft,8.474269e-07,5.7220458984375e-06
de94e95519d85f21,official_il,3.6219774e-07,3.814697265625e-06
de94e95519d85f21,a5_sft,1.9765938e-07,1.430511474609375e-06
de94e95519d85f21,v6_sft,1.5717626e-07,2.384185791015625e-06
de94e95519d85f21,psi_sft,8.77935e-07,4.291534423828125e-06
672173aac8685233,official_il,4.983666e-07,3.814697265625e-06
672173aac8685233,a5_sft,2.908097e-07,3.814697265625e-06
672173aac8685233,v6_sft,3.791983e-07,5.245208740234375e-06
672173aac8685233,psi_sft,1.1026875e-06,5.7220458984375e-06
74bf7898a5565ef7,official_il,3.6132576e-07,3.814697265625e-06
74bf7898a5565ef7,a5_sft,2.0209652e-07,2.86102294921875e-06
74bf7898a5565ef7,v6_sft,1.9310207e-07,2.86102294921875e-06
74bf7898a5565ef7,psi_sft,8.7731e-07,4.76837158203125e-06
d5b5493184c257bd,official_il,5.1956494e-07,3.933906555175781e-06
d5b5493184c257bd,a5_sft,2.4579526e-07,2.86102294921875e-06
d5b5493184c257bd,v6_sft,2.0361097e-07,2.86102294921875e-06
d5b5493184c257bd,psi_sft,9.074662e-07,6.67572021484375e-06
93aa103155cd5295,official_il,4.798959e-07,4.76837158203125e-06
93aa103155cd5295,a5_sft,2.1888957e-07,1.9073486328125e-06
93aa103155cd5295,v6_sft,1.2480669e-07,1.9073486328125e-06
93aa103155cd5295,psi_sft,8.336816e-07,6.198883056640625e-06
50fefa46fcc855fb,official_il,4.029431e-07,4.76837158203125e-06
50fefa46fcc855fb,a5_sft,1.8754106e-07,3.814697265625e-06
50fefa46fcc855fb,v6_sft,1.1157339e-07,3.814697265625e-06
50fefa46fcc855fb,psi_sft,8.630371e-07,5.7220458984375e-06
baef6630583c5f87,official_il,4.6182186e-07,3.814697265625e-06
baef6630583c5f87,a5_sft,3.0602928e-07,3.814697265625e-06
baef6630583c5f87,v6_sft,2.574747e-07,3.814697265625e-06
baef6630583c5f87,psi_sft,9.317487e-07,4.76837158203125e-06
80e2038fd0555030,official_il,5.9458796e-07,7.62939453125e-06
80e2038fd0555030,a5_sft,2.925173e-07,7.62939453125e-06
80e2038fd0555030,v6_sft,3.9233794e-07,7.62939453125e-06
80e2038fd0555030,psi_sft,9.363622e-07,7.62939453125e-06
0827c1c05e0e5596,official_il,4.947477e-07,4.291534423828125e-06
0827c1c05e0e5596,a5_sft,1.9154623e-07,1.9073486328125e-06
0827c1c05e0e5596,v6_sft,2.612672e-07,1.9073486328125e-06
0827c1c05e0e5596,psi_sft,8.598794e-07,5.7220458984375e-06
3e7e4bd1053d5d92,official_il,5.744683e-07,5.7220458984375e-06
3e7e4bd1053d5d92,a5_sft,3.2566228e-07,3.814697265625e-06
3e7e4bd1053d5d92,v6_sft,2.8356087e-07,3.814697265625e-06
3e7e4bd1053d5d92,psi_sft,9.610742e-07,6.198883056640625e-06
56e525076cab5f42,official_il,4.0299213e-07,4.291534423828125e-06
56e525076cab5f42,a5_sft,1.4198005e-07,7.152557373046875e-07
56e525076cab5f42,v6_sft,1.2063282e-07,7.152557373046875e-07
56e525076cab5f42,psi_sft,9.2713987e-07,5.7220458984375e-06
4ce4021236435fc2,official_il,4.4163232e-07,3.814697265625e-06
4ce4021236435fc2,a5_sft,3.2833668e-07,5.7220458984375e-06
4ce4021236435fc2,v6_sft,8.32983e-08,3.814697265625e-06
4ce4021236435fc2,psi_sft,8.962378e-07,5.7220458984375e-06
502320eeaec55d1f,official_il,3.048072e-07,3.814697265625e-06
502320eeaec55d1f,a5_sft,2.0892423e-07,2.86102294921875e-06
502320eeaec55d1f,v6_sft,1.11829465e-07,1.9073486328125e-06
502320eeaec55d1f,psi_sft,9.560099e-07,4.76837158203125e-06
4667b479001e52d3,official_il,4.4820644e-07,4.76837158203125e-06
4667b479001e52d3,a5_sft,2.6798546e-07,3.814697265625e-06
4667b479001e52d3,v6_sft,2.032592e-07,3.814697265625e-06
4667b479001e52d3,psi_sft,9.781057e-07,4.291534423828125e-06
ade775b8413358d6,official_il,5.2633374e-07,3.814697265625e-06
ade775b8413358d6,a5_sft,2.9894943e-07,1.9073486328125e-06
ade775b8413358d6,v6_sft,2.430491e-07,1.9073486328125e-06
ade775b8413358d6,psi_sft,1.0242046e-06,4.76837158203125e-06
09961e24208b5972,official_il,5.6949415e-07,7.62939453125e-06
09961e24208b5972,a5_sft,2.7833858e-07,7.62939453125e-06
09961e24208b5972,v6_sft,4.1567898e-07,7.62939453125e-06
09961e24208b5972,psi_sft,9.697982e-07,1.1444091796875e-05
f503e5d4f2815027,official_il,3.140611e-07,2.86102294921875e-06
f503e5d4f2815027,a5_sft,1.5666954e-07,9.5367431640625e-07
f503e5d4f2815027,v6_sft,1.7050304e-07,1.9073486328125e-06
f503e5d4f2815027,psi_sft,8.796067e-07,4.291534423828125e-06
0996ce03d2325a75,official_il,4.9534435e-07,3.814697265625e-06
0996ce03d2325a75,a5_sft,2.8853742e-07,3.814697265625e-06
0996ce03d2325a75,v6_sft,2.1467693e-07,3.814697265625e-06
0996ce03d2325a75,psi_sft,9.945683e-07,7.62939453125e-06
4d4d070cb9095f94,official_il,4.6705395e-07,5.7220458984375e-06
4d4d070cb9095f94,a5_sft,1.9181797e-07,1.9073486328125e-06
4d4d070cb9095f94,v6_sft,1.3763807e-07,2.86102294921875e-06
4d4d070cb9095f94,psi_sft,8.987412e-07,5.7220458984375e-06
f4ab14a89bb7500e,official_il,5.6611293e-07,3.814697265625e-06
f4ab14a89bb7500e,a5_sft,3.63767e-07,7.62939453125e-06
f4ab14a89bb7500e,v6_sft,3.7272775e-07,3.814697265625e-06
f4ab14a89bb7500e,psi_sft,1.0971748e-06,1.1444091796875e-05
e671280656f55009,official_il,4.1598162e-07,3.814697265625e-06
e671280656f55009,a5_sft,2.189312e-07,3.814697265625e-06
e671280656f55009,v6_sft,2.5803678e-07,3.814697265625e-06
e671280656f55009,psi_sft,8.36836e-07,7.62939453125e-06
095eafbb5c8f5b02,official_il,4.315172e-07,4.291534423828125e-06
095eafbb5c8f5b02,a5_sft,2.9300335e-07,2.86102294921875e-06
095eafbb5c8f5b02,v6_sft,2.1290575e-07,1.9073486328125e-06
095eafbb5c8f5b02,psi_sft,8.391845e-07,4.291534423828125e-06
da088bb9d4fb5d0e,official_il,3.5772206e-07,3.814697265625e-06
da088bb9d4fb5d0e,a5_sft,3.539423e-07,3.814697265625e-06
da088bb9d4fb5d0e,v6_sft,3.556337e-07,3.814697265625e-06
da088bb9d4fb5d0e,psi_sft,9.653359e-07,5.7220458984375e-06
2b6a3141bbd95909,official_il,2.944313e-07,2.384185791015625e-06
2b6a3141bbd95909,a5_sft,1.121887e-07,7.152557373046875e-07
2b6a3141bbd95909,v6_sft,1.2618287e-07,5.960464477539062e-07
2b6a3141bbd95909,psi_sft,8.9371855e-07,5.7220458984375e-06
4cf79f853daa5e18,official_il,4.1205317e-07,4.76837158203125e-06
4cf79f853daa5e18,a5_sft,9.751985e-08,1.9073486328125e-06
4cf79f853daa5e18,v6_sft,1.0058378e-07,1.9073486328125e-06
4cf79f853daa5e18,psi_sft,8.050706e-07,4.76837158203125e-06
b4e37918a3075f27,official_il,4.4066616e-07,4.76837158203125e-06
b4e37918a3075f27,a5_sft,1.4406571e-07,1.9073486328125e-06
b4e37918a3075f27,v6_sft,1.3537752e-07,1.9073486328125e-06
b4e37918a3075f27,psi_sft,9.254481e-07,5.7220458984375e-06
03925cda82c35516,official_il,4.230333e-07,3.814697265625e-06
03925cda82c35516,a5_sft,2.6587918e-07,5.7220458984375e-06
03925cda82c35516,v6_sft,2.9753636e-07,3.814697265625e-06
03925cda82c35516,psi_sft,1.003154e-06,6.67572021484375e-06
b4929fe228725c94,official_il,4.475433e-07,3.933906555175781e-06
b4929fe228725c94,a5_sft,1.8487974e-07,1.9073486328125e-06
b4929fe228725c94,v6_sft,1.3220385e-07,9.5367431640625e-07
b4929fe228725c94,psi_sft,9.267714e-07,4.76837158203125e-06
1672f5b30038519f,official_il,5.003086e-07,7.62939453125e-06
1672f5b30038519f,a5_sft,3.008717e-07,7.62939453125e-06
1672f5b30038519f,v6_sft,3.413091e-07,7.62939453125e-06
1672f5b30038519f,psi_sft,8.730365e-07,3.814697265625e-06
daaed109e7eb5f66,official_il,3.8904003e-07,3.814697265625e-06
daaed109e7eb5f66,a5_sft,2.1403876e-07,3.814697265625e-06
daaed109e7eb5f66,v6_sft,1.178918e-07,1.9073486328125e-06
daaed109e7eb5f66,psi_sft,9.699208e-07,4.76837158203125e-06
1e66e2bddb1d5b49,official_il,4.314256e-07,4.0531158447265625e-06
1e66e2bddb1d5b49,a5_sft,2.8705975e-07,6.198883056640625e-06
1e66e2bddb1d5b49,v6_sft,1.4923728e-07,3.814697265625e-06
1e66e2bddb1d5b49,psi_sft,9.639568e-07,5.9604644775390625e-06
dfdc23aed4e95e49,official_il,3.8748814e-07,3.814697265625e-06
dfdc23aed4e95e49,a5_sft,2.4609687e-07,1.9073486328125e-06
dfdc23aed4e95e49,v6_sft,1.2282575e-07,1.9073486328125e-06
dfdc23aed4e95e49,psi_sft,8.8258645e-07,4.76837158203125e-06
0354be0727e25157,official_il,4.2315492e-07,3.814697265625e-06
0354be0727e25157,a5_sft,1.8962686e-07,1.9073486328125e-06
0354be0727e25157,v6_sft,1.3660107e-07,3.814697265625e-06
0354be0727e25157,psi_sft,9.745454e-07,5.7220458984375e-06
984be293f9195416,official_il,4.4637432e-07,3.814697265625e-06
984be293f9195416,a5_sft,1.3791873e-07,1.9073486328125e-06
984be293f9195416,v6_sft,1.5919477e-07,1.9073486328125e-06
984be293f9195416,psi_sft,7.971885e-07,6.198883056640625e-06
682378d23c335e89,official_il,4.463438e-07,5.7220458984375e-06
682378d23c335e89,a5_sft,4.3053308e-07,1.1444091796875e-05
682378d23c335e89,v6_sft,2.7088612e-07,3.814697265625e-06
682378d23c335e89,psi_sft,9.57867e-07,3.814697265625e-06
42d309d92a3a59c0,official_il,4.372813e-07,3.814697265625e-06
42d309d92a3a59c0,a5_sft,1.9087679e-07,2.86102294921875e-06
42d309d92a3a59c0,v6_sft,1.7487937e-07,1.9073486328125e-06
42d309d92a3a59c0,psi_sft,9.272237e-07,6.67572021484375e-06
b512bc2c568d5b7a,official_il,3.9528936e-07,4.291534423828125e-06
b512bc2c568d5b7a,a5_sft,2.1180682e-07,1.430511474609375e-06
b512bc2c568d5b7a,v6_sft,1.0894833e-07,9.5367431640625e-07
b512bc2c568d5b7a,psi_sft,8.108665e-07,4.291534423828125e-06
5dbd0aba5f315388,official_il,4.5325783e-07,4.291534423828125e-06
5dbd0aba5f315388,a5_sft,1.5209348e-07,9.5367431640625e-07
5dbd0aba5f315388,v6_sft,1.8001799e-07,1.9073486328125e-06
5dbd0aba5f315388,psi_sft,7.792334e-07,4.76837158203125e-06
775b0dd554395fa3,official_il,3.734286e-07,3.814697265625e-06
775b0dd554395fa3,a5_sft,2.1775348e-07,1.9073486328125e-06
775b0dd554395fa3,v6_sft,1.3759451e-07,1.430511474609375e-06
775b0dd554395fa3,psi_sft,8.832928e-07,4.291534423828125e-06
b9e0dc94c7725924,official_il,5.31135e-07,7.62939453125e-06
b9e0dc94c7725924,a5_sft,4.5047722e-07,7.62939453125e-06
b9e0dc94c7725924,v6_sft,5.287154e-07,7.62939453125e-06
b9e0dc94c7725924,psi_sft,9.493706e-07,4.291534423828125e-06
089107cd2d6354e0,official_il,4.69067e-07,4.76837158203125e-06
089107cd2d6354e0,a5_sft,1.4377264e-07,1.9073486328125e-06
089107cd2d6354e0,v6_sft,1.5891092e-07,1.9073486328125e-06
089107cd2d6354e0,psi_sft,7.8951393e-07,3.814697265625e-06
c615107923dc5602,official_il,4.302162e-07,4.76837158203125e-06
c615107923dc5602,a5_sft,2.0214421e-07,3.814697265625e-06
c615107923dc5602,v6_sft,1.8837179e-07,1.9073486328125e-06
c615107923dc5602,psi_sft,8.2686125e-07,4.76837158203125e-06
e20b77b0ed075fb6,official_il,3.9075658e-07,3.814697265625e-06
e20b77b0ed075fb6,a5_sft,1.622927e-07,3.814697265625e-06
e20b77b0ed075fb6,v6_sft,1.9512012e-07,1.9073486328125e-06
e20b77b0ed075fb6,psi_sft,8.5478877e-07,5.7220458984375e-06
54399d56e69f5a2c,official_il,5.1447506e-07,3.814697265625e-06
54399d56e69f5a2c,a5_sft,2.635087e-07,7.62939453125e-06
54399d56e69f5a2c,v6_sft,3.8404727e-07,7.62939453125e-06
54399d56e69f5a2c,psi_sft,9.711339e-07,7.62939453125e-06
2f875dc108ed572f,official_il,4.6831366e-07,5.7220458984375e-06
2f875dc108ed572f,a5_sft,1.5760021e-07,1.9073486328125e-06
2f875dc108ed572f,v6_sft,1.5028638e-07,1.9073486328125e-06
2f875dc108ed572f,psi_sft,8.673098e-07,5.7220458984375e-06
91513086606a567e,official_il,4.4576257e-07,3.814697265625e-06
91513086606a567e,a5_sft,1.7413336e-07,1.9073486328125e-06
91513086606a567e,v6_sft,1.0362554e-07,1.9073486328125e-06
91513086606a567e,psi_sft,8.637335e-07,4.291534423828125e-06
80dfd05ab759518f,official_il,4.6756054e-07,5.7220458984375e-06
80dfd05ab759518f,a5_sft,2.0674369e-07,3.814697265625e-06
80dfd05ab759518f,v6_sft,3.243572e-07,1.9073486328125e-06
80dfd05ab759518f,psi_sft,8.8176034e-07,5.7220458984375e-06
d5e7dc43eb5c57cd,official_il,4.0533072e-07,3.814697265625e-06
d5e7dc43eb5c57cd,a5_sft,1.3675196e-07,1.9073486328125e-06
d5e7dc43eb5c57cd,v6_sft,1.7062222e-07,1.9073486328125e-06
d5e7dc43eb5c57cd,psi_sft,6.758703e-07,3.814697265625e-06
97e38fdccf915283,official_il,4.968755e-07,3.814697265625e-06
97e38fdccf915283,a5_sft,3.0947342e-07,3.814697265625e-06
97e38fdccf915283,v6_sft,2.3602459e-07,3.814697265625e-06
97e38fdccf915283,psi_sft,8.271458e-07,5.7220458984375e-06
a460f60f07f05098,official_il,3.9298726e-07,3.814697265625e-06
a460f60f07f05098,a5_sft,1.805098e-07,1.9073486328125e-06
a460f60f07f05098,v6_sft,1.5453416e-07,1.9073486328125e-06
a460f60f07f05098,psi_sft,7.596898e-07,4.76837158203125e-06
86a8eb25b4045aba,official_il,5.0520543e-07,7.62939453125e-06
86a8eb25b4045aba,a5_sft,4.8800496e-07,7.62939453125e-06
86a8eb25b4045aba,v6_sft,3.9905785e-07,3.814697265625e-06
86a8eb25b4045aba,psi_sft,8.688467e-07,7.62939453125e-06
04f77fbd6bf3505a,official_il,3.2098671e-07,3.814697265625e-06
04f77fbd6bf3505a,a5_sft,1.521787e-07,1.9073486328125e-06
04f77fbd6bf3505a,v6_sft,1.2209543e-07,1.9073486328125e-06
04f77fbd6bf3505a,psi_sft,8.6255915e-07,4.76837158203125e-06
9bbb66957b9d5e1c,official_il,3.7454225e-07,3.814697265625e-06
9bbb66957b9d5e1c,a5_sft,1.7216844e-07,1.9073486328125e-06
9bbb66957b9d5e1c,v6_sft,1.9867268e-07,1.9073486328125e-06
9bbb66957b9d5e1c,psi_sft,6.926707e-07,5.7220458984375e-06
ccb7a68f3e0a57fc,official_il,4.7000674e-07,3.814697265625e-06
ccb7a68f3e0a57fc,a5_sft,1.4655829e-07,3.814697265625e-06
ccb7a68f3e0a57fc,v6_sft,1.4611084e-07,1.9073486328125e-06
ccb7a68f3e0a57fc,psi_sft,9.670889e-07,6.67572021484375e-06
2d1c26e4b5895e96,official_il,3.4019746e-07,2.86102294921875e-06
2d1c26e4b5895e96,a5_sft,1.8149885e-07,3.814697265625e-06
2d1c26e4b5895e96,v6_sft,1.0861889e-07,9.5367431640625e-07
2d1c26e4b5895e96,psi_sft,8.6535306e-07,4.291534423828125e-06
1f71cdf4e4c65299,official_il,3.6272274e-07,3.814697265625e-06
1f71cdf4e4c65299,a5_sft,1.75982e-07,1.430511474609375e-06
1f71cdf4e4c65299,v6_sft,2.0026918e-07,1.430511474609375e-06
1f71cdf4e4c65299,psi_sft,8.220761e-07,4.76837158203125e-06
1b7a2afa56df5d20,official_il,2.8450944e-07,3.814697265625e-06
1b7a2afa56df5d20,a5_sft,1.7701409e-07,2.86102294921875e-06
1b7a2afa56df5d20,v6_sft,1.883822e-07,3.814697265625e-06
1b7a2afa56df5d20,psi_sft,8.3716156e-07,5.7220458984375e-06
1f37959067985e67,official_il,4.7379038e-07,7.62939453125e-06
1f37959067985e67,a5_sft,1.424396e-07,3.814697265625e-06
1f37959067985e67,v6_sft,1.3296031e-07,1.9073486328125e-06
1f37959067985e67,psi_sft,9.872913e-07,3.814697265625e-06
f07db0b393fd522e,official_il,4.2105978e-07,4.0531158447265625e-06
f07db0b393fd522e,a5_sft,1.8247455e-07,1.9073486328125e-06
f07db0b393fd522e,v6_sft,1.5161952e-07,1.430511474609375e-06
f07db0b393fd522e,psi_sft,8.747513e-07,6.67572021484375e-06
bc4345e13302535e,official_il,4.0897206e-07,4.291534423828125e-06
bc4345e13302535e,a5_sft,1.8967594e-07,6.67572021484375e-06
bc4345e13302535e,v6_sft,1.2101357e-07,1.9073486328125e-06
bc4345e13302535e,psi_sft,9.2460385e-07,4.76837158203125e-06
a124b877d2b35519,official_il,4.2843067e-07,3.814697265625e-06
a124b877d2b35519,a5_sft,2.495692e-07,1.9073486328125e-06
a124b877d2b35519,v6_sft,2.7320115e-07,1.9073486328125e-06
a124b877d2b35519,psi_sft,1.0091075e-06,6.67572021484375e-06
61987c90d8635129,official_il,5.227598e-07,3.814697265625e-06
61987c90d8635129,a5_sft,1.7613988e-07,1.9073486328125e-06
61987c90d8635129,v6_sft,2.6309354e-07,1.9073486328125e-06
61987c90d8635129,psi_sft,7.2797235e-07,4.76837158203125e-06
bbbae26a26605b08,official_il,4.4080775e-07,7.62939453125e-06
bbbae26a26605b08,a5_sft,1.9183801e-07,3.814697265625e-06
bbbae26a26605b08,v6_sft,2.6152077e-07,3.814697265625e-06
bbbae26a26605b08,psi_sft,8.386178e-07,6.67572021484375e-06
b8adc82de5ae50e2,official_il,4.484222e-07,7.62939453125e-06
b8adc82de5ae50e2,a5_sft,2.905196e-07,3.814697265625e-06
b8adc82de5ae50e2,v6_sft,2.4997087e-07,7.62939453125e-06
b8adc82de5ae50e2,psi_sft,9.2611316e-07,7.62939453125e-06
025b2d4de25c5036,official_il,4.2634133e-07,3.814697265625e-06
025b2d4de25c5036,a5_sft,2.059032e-07,2.86102294921875e-06
025b2d4de25c5036,v6_sft,1.7142176e-07,1.9073486328125e-06
025b2d4de25c5036,psi_sft,8.420575e-07,5.7220458984375e-06
ad1af1160bd05ef7,official_il,4.3440903e-07,4.76837158203125e-06
ad1af1160bd05ef7,a5_sft,2.1433922e-07,1.9073486328125e-06
ad1af1160bd05ef7,v6_sft,1.595844e-07,2.86102294921875e-06
ad1af1160bd05ef7,psi_sft,7.994728e-07,4.76837158203125e-06
573ac67fb17a5a71,official_il,4.1776494e-07,3.814697265625e-06
573ac67fb17a5a71,a5_sft,1.6805764e-07,1.9073486328125e-06
573ac67fb17a5a71,v6_sft,1.4076582e-07,1.9073486328125e-06
573ac67fb17a5a71,psi_sft,9.2928633e-07,5.7220458984375e-06
7f2409d7f6705308,official_il,4.583799e-07,3.814697265625e-06
7f2409d7f6705308,a5_sft,2.0760564e-07,3.814697265625e-06
7f2409d7f6705308,v6_sft,2.3355241e-07,3.814697265625e-06
7f2409d7f6705308,psi_sft,9.56413e-07,7.62939453125e-06
4f9a94c1302e56d8,official_il,4.2994367e-07,3.814697265625e-06
4f9a94c1302e56d8,a5_sft,1.9712733e-07,1.9073486328125e-06
4f9a94c1302e56d8,v6_sft,2.0462353e-07,2.86102294921875e-06
4f9a94c1302e56d8,psi_sft,8.7996546e-07,4.76837158203125e-06
ed54b128881a5278,official_il,4.6223636e-07,3.814697265625e-06
ed54b128881a5278,a5_sft,2.9600662e-07,5.7220458984375e-06
ed54b128881a5278,v6_sft,2.5704313e-07,3.814697265625e-06
ed54b128881a5278,psi_sft,9.496125e-07,3.814697265625e-06
7e5d78b37ed653b1,official_il,5.0653273e-07,3.814697265625e-06
7e5d78b37ed653b1,a5_sft,2.137954e-07,5.7220458984375e-06
7e5d78b37ed653b1,v6_sft,2.2768057e-07,3.814697265625e-06
7e5d78b37ed653b1,psi_sft,8.1886003e-07,5.7220458984375e-06
a9e5ed5e52b555bb,official_il,4.354601e-07,3.814697265625e-06
a9e5ed5e52b555bb,a5_sft,1.406275e-07,1.9073486328125e-06
a9e5ed5e52b555bb,v6_sft,1.9220032e-07,3.814697265625e-06
a9e5ed5e52b555bb,psi_sft,8.6584254e-07,4.76837158203125e-06
a2c048ba29a85ad0,official_il,0.0,0.0
a2c048ba29a85ad0,a5_sft,2.3205301e-07,1.9073486328125e-06
a2c048ba29a85ad0,v6_sft,0.0,0.0
a2c048ba29a85ad0,psi_sft,8.635567e-07,4.0531158447265625e-06
f40040c002375188,official_il,5.0081655e-07,7.62939453125e-06
f40040c002375188,a5_sft,3.897427e-07,7.62939453125e-06
f40040c002375188,v6_sft,3.012948e-07,3.814697265625e-06
f40040c002375188,psi_sft,9.243822e-07,7.62939453125e-06
2eaf758421aa5190,official_il,5.0294614e-07,3.814697265625e-06
2eaf758421aa5190,a5_sft,1.5346535e-07,1.9073486328125e-06
2eaf758421aa5190,v6_sft,1.5127483e-07,1.9073486328125e-06
2eaf758421aa5190,psi_sft,7.962747e-07,4.291534423828125e-06
