token,original_V2_primary_unique_count,original_V2_qualified_unique_count,original_V2_zero_qualified,frozen_16_slot_PDMS,frozen_filler_count
23e39302332152b2,0,0,1,93.55189428551876,15
411a748874035630,16,16,0,100.0,0
79ebfc1d85bf5a51,0,0,1,84.61669922151891,15
40808270ce205b83,0,0,1,95.96710209233028,15
86208267d61253c0,16,16,0,99.9995232412908,0
f8268857204e554e,0,0,1,91.00420947033469,15
1bf169a6aaf65858,16,16,0,100.0,0
3764407c90d65df3,0,0,1,90.23936222102995,15
38cfd81687975661,0,0,1,94.94368401088167,15
42e6895442ab5601,16,16,0,100.0,0
b34272d337d350d2,0,0,1,80.92585926538499,15
b23ede9a183b5b71,0,0,1,89.87126647411347,15
fff951eab9f45288,0,0,1,91.35035796745939,15
4fa9113617d254d4,16,16,0,100.0,0
988785170de957da,0,0,1,94.1626941653908,15
046b1cc13f0d5f9d,14,16,0,100.0,0
d7fbd35a0f315447,0,0,1,96.77890586986584,15
951957b841e05cfa,0,0,1,90.1095679764349,15
61db822891625c3b,0,0,1,92.16568532943803,15
759e9e451eba5b47,0,0,1,98.13038277186304,15
9c05edf9d6e85716,0,0,1,95.12657636591196,15
467bbee636b65c84,0,0,1,91.79014351622902,15
4f6409df56a85592,1,1,0,88.60219526514314,15
16ddb1838af755e3,0,0,1,85.2082827327915,15
2ce59f70a15b5ddf,16,16,0,100.0,0
461fb854eaa3583e,16,16,0,100.0,0
8b800af555d35794,16,16,0,100.0,0
2ab1b3941f7153cb,0,0,1,95.79197382374748,15
4bc510a669d8549f,3,3,0,99.95447675660903,13
3387bab95d41528a,8,16,0,100.0,0
e5acc98f52f458cc,0,0,1,98.39545538910033,15
3e9026530c475726,0,0,1,96.68105082860997,15
2ae0a44cc4de5c4a,16,16,0,100.0,0
cc94486698ff58d1,0,0,1,93.09648999964037,15
969763763ce754a4,15,16,0,100.0,0
ff6ab495a139534e,0,0,1,81.54501394429326,15
70248e0bb43a503b,16,16,0,100.0,0
2a2403c9b08b53ac,0,0,1,95.986358790206,15
854169aa74e95251,0,0,1,95.89956925272894,15
93a9927586995095,16,16,0,100.0,0
af62d866653053f6,0,0,1,88.0608678720144,15
17d296a87fb45380,0,0,1,96.69011223999749,15
5370751917315916,16,16,0,100.0,0
adaf33e4ba555709,0,0,1,99.78690196944385,15
1aa0acb229945e9b,0,0,1,99.08768658125643,15
fad9e78a17825042,0,0,1,92.09587013237477,15
4eaf32face4b5ece,14,16,0,100.0,0
2db045daf25c5bb7,0,0,1,93.86034540909058,15
b23f3d728c08529f,16,16,0,100.0,0
dc76a771066b5553,0,0,1,92.66379378361246,15
d76b0458667c59a2,12,16,0,100.0,0
8cf3b1868b2f5262,4,7,0,100.0,9
990bd9b32e5d5f60,1,1,0,93.47448559961875,15
6320ecb991675a39,0,0,1,87.44100422362182,15
66243e185353563a,0,0,1,89.24673179024033,15
cde84b97e6505437,0,0,1,91.24855322458765,15
d968f9c81b945be1,16,16,0,100.0,0
0a87bb919dbb58b6,0,0,1,96.9194950432264,15
fe5811497ace53af,0,0,1,95.01019757249567,15
1734440b807a58ef,0,0,1,91.8685188593112,15
480434fc72d455af,0,0,1,95.10223125217495,15
cb8e247140d55ab2,0,0,1,96.21412874228601,15
095770e79ccf5d82,15,16,0,100.0,0
d7f25a0ac141583a,0,0,1,99.0037828386561,15
4b0df2804f165dda,0,0,1,89.62369479630293,15
ab6ba1da1dd8592b,1,7,0,99.99894628018305,9
3feb7781f83754a7,13,16,0,100.0,0
6f471ee76c595c92,16,16,0,100.0,0
32516745ea1b59ef,0,1,0,99.2636391174706,15
a65dd6d24f575771,0,0,1,98.30325608444656,15
9ce305abb88f5ad0,0,0,1,87.24859293303801,15
7af6867add5b5f2c,0,0,1,88.20913815070827,15
b65e09c4d8125da0,0,0,1,87.28677156281648,15
cbe1e93e188f5490,2,2,0,84.9365756033618,14
6ca6a1a4f3dc5d85,0,0,1,83.83346767680706,15
0ee58e583be85ffb,0,0,1,98.54730988701607,15
a28a2771a9fa5c1d,16,16,0,100.0,0
488e4248a8985e5a,12,16,0,100.0,0
0beb530925b9514b,16,16,0,100.0,0
29b53c57c19b57fe,0,0,1,88.71134876696813,15
2639525675535145,16,16,0,100.0,0
9a83782a2cf85611,0,0,1,97.82737010968505,15
cd01f21ff39d541a,16,16,0,100.0,0
facaaf8c0e8c5c65,12,16,0,100.0,0
88757fb00fda507b,0,0,1,93.34733183808801,15
e9f4daa7d910568c,0,0,1,98.41280859764075,15
d6bb0cea4dbd5b44,0,0,1,92.6350653938224,15
efad2708409b5834,15,16,0,100.0,0
3a4cfdd4bfa55a5e,0,0,1,89.6351078768464,15
e926ec6a69cc575c,0,0,1,91.54701947134683,15
b6093d9c703e54b1,11,16,0,100.0,0
d58eb13402485ae7,12,16,0,100.0,0
f1aa5d5ed7c65114,0,0,1,96.67658720619134,15
4ea3d4068eda5cc5,0,0,1,96.56223782996229,15
6c0dbda0d8e45ae9,16,16,0,100.0,0
b4322d76ebf8569f,0,0,1,98.28386969417613,15
acfc271e3c3d58fa,0,0,1,92.62714759694035,15
b222df74b8155735,0,0,1,96.21280010289458,15
415d6cd62f3b5c1c,15,16,0,100.0,0
b28e9b2fa67452a7,0,0,1,96.773466600986,15
bd8dea7f7efc5343,0,0,1,96.33856841212497,15
8224627048195e4f,0,0,1,99.76454012381583,15
3225bfcbea245dd7,16,16,0,100.0,0
114a9052bd6851a2,0,0,1,96.0110473305686,15
f80fe289f8135602,0,0,1,90.05452722754458,15
983b7ed08a4b5a88,16,16,0,100.0,0
34dd4c6fb6245b9a,2,2,0,87.3386855162511,14
5895d1e3cb355fb9,0,0,1,89.04151658262552,15
14b505fe90ef5fb8,12,16,0,100.0,0
1ce58516c7675036,0,0,1,0.0,15
b1e88b8722105d53,1,1,0,97.28383410484629,15
410fac99463459e6,16,16,0,100.0,0
5207306ed1a05de8,11,16,0,100.0,0
8ba3bff293265674,13,16,0,100.0,0
69560676d53a56c9,0,0,1,82.95369007054828,15
cef0adbb58ad5ca1,0,0,1,96.37971332357998,15
c5dcabed55395a6e,0,0,1,93.4296815855866,15
8b839595c4105c65,14,16,0,100.0,0
f32a0e56a5b75884,3,3,0,100.0,13
972eb434cfd159e8,1,1,0,88.32449476092145,15
505c44ea52485f9d,0,0,1,99.83902971215724,15
c0b07b38110a556f,15,16,0,100.0,0
7fe310f364355e2d,0,0,1,94.97196793579295,15
efdd48896e7a5f15,0,0,1,92.92700473414554,15
e47d448a999b5595,0,0,1,93.82433062064679,15
6c0b6e4fdf005a81,16,16,0,99.97271858340758,0
071d2ff38b4855ed,0,0,1,85.37554433457437,15
b450f88783c15dea,0,0,1,92.88352074443533,15
7b3902956ebc561d,16,16,0,100.0,0
dc73cea57e105ebd,0,0,1,96.46541889155587,15
b87bd020396b5670,15,16,0,100.0,0
ba1a894e5a6350d2,0,0,1,96.11263782419559,15
ddbfb3b2a05c5918,15,16,0,100.0,0
a93ffd0f36b65714,16,16,0,100.0,0
2b2663b56a6555a2,5,7,0,100.0,9
f9b32e71bedb5996,0,0,1,92.90950510103801,15
886df3cce3a95a83,0,0,1,86.88434054823459,15
160a7c3cbeee5f8b,15,16,0,100.0,0
24fab0f19fd35cd6,1,2,0,99.77594759872723,14
b63b325909a058c9,0,0,1,99.01130402597073,15
9b500f26b0f8560e,16,16,0,100.0,0
c9ba785129c35b36,0,0,1,91.29267508677736,15
aac1853286fb586a,0,0,1,89.01428035669123,15
022fef6d66485384,0,0,1,93.90992344403848,15
51480b09db315e89,1,1,0,99.88523013158404,15
5d3ce016a8a256cf,0,0,1,92.56018565596993,15
60691b9dd3355992,0,0,1,91.42952200465417,15
0056ae51961f5a18,16,16,0,100.0,0
80d5ce364722516b,0,0,1,51.96923101851956,15
f0ff3b146af85463,0,0,1,97.79329551152458,15
6f2a7bf7cf275dd3,15,16,0,100.0,0
1090fdb8b57850f6,0,0,1,98.40020538530482,15
a3fa79234a9d5d7d,16,16,0,100.0,0
36c6cbf6c8a25415,0,0,1,88.79618309962952,15
8fe647ed2b7a5aee,10,16,0,100.0,0
5abdbfe1845e59c5,0,0,1,94.14758563527829,15
4af11dadd34359fe,15,16,0,100.0,0
ad25b37aaad95a6b,0,0,1,96.4379175638235,15
d5201097ad6e5d67,0,0,1,89.39678018135417,15
f96a48c3bcd45c50,10,16,0,99.99868328504107,0
3f36d5316f0d5a94,13,16,0,100.0,0
b6bba53a1bef520e,0,0,1,90.44346656808034,15
7b840b044a6a5e8d,0,0,1,90.36673773260132,15
22a09b0100175b62,11,16,0,100.0,0
39fd3f2e5f005306,16,16,0,100.0,0
497e7be0400158a9,0,0,1,89.14155831188245,15
6a53dd2411825857,0,0,1,90.50930610172063,15
fb9dcf5b46d65616,0,0,1,95.86270126605952,15
39fe00229f7b5ac4,0,0,1,88.07061980513313,15
63dcb963cece5b7d,0,0,1,88.31272039710687,15
88f9b4f87b6b5bd5,0,0,1,91.55279140384785,15
90f5bf5743cf5df0,0,0,1,93.09716779206228,15
52caccf1b3b95e4e,0,0,1,94.31806265929328,15
1b064a029c0e513a,0,0,1,96.6620406860391,15
50790f7ba9405c67,16,16,0,100.0,0
0bc3c50e1292529c,16,16,0,100.0,0
ad906e8bb5375747,0,0,1,96.53941330411033,15
0a76d212e8fe5898,0,0,1,93.5759567107441,15
77d96cb44005501c,0,0,1,98.88325556474817,15
12ed1a1d4ae657d1,0,0,1,90.50839714317904,15
a3e94bd829b75673,0,0,1,90.16910137846298,15
d7d94b48775a52d4,16,16,0,100.0,0
7640be138ae05408,16,16,0,100.0,0
f82c33508e915106,16,16,0,100.0,0
3138ce4847ee5007,0,0,1,90.9322566606838,15
25822d3d04305af8,15,16,0,100.0,0
ba642ba3c9a65fe7,0,0,1,95.23649562818841,15
e34f51206f0e53db,0,0,1,89.4795119217622,15
5da31ca5ce165787,12,16,0,100.0,0
9a90853892925989,16,16,0,100.0,0
09c3d9dbca6455e5,16,16,0,100.0,0
42231e5449d3576a,0,0,1,100.0,15
bf78c475adfb5eb1,16,16,0,100.0,0
2fbab9ffc3fe5a5d,16,16,0,100.0,0
7fe6e7ce9cb7559d,16,16,0,100.0,0
ebb4d3e033ae55e2,0,0,1,85.84342516838588,15
f1d60841a46d53a5,0,0,1,95.79281063083533,15
8419b5d5eab75027,0,0,1,92.63802569257199,15
9c16cb6c4f94521c,9,16,0,100.0,0
35e2f788f41851c0,0,0,1,89.53118164697477,15
54d3068f889b58ee,0,0,1,89.58729567732044,15
e1ee982450c85213,0,0,1,94.86004017067965,15
4a8b4dff75c15a8a,15,16,0,100.0,0
1819e1b106b354ad,0,0,1,88.94280992891741,15
4ecdbea836725622,0,0,1,90.978206144612,15
b9bcc9d0efaf5c7e,16,16,0,100.0,0
253b856b49ef52d2,0,0,1,91.2947522459413,15
68e39232887c5e4a,0,0,1,91.60051855087032,15
2e2bb8bb71265998,0,0,1,82.48912994918136,15
e34a1f5fb71c54da,0,0,1,88.31504119023623,15
1d10ae25c61f50c4,16,16,0,100.0,0
2af1778054cf51a4,0,0,1,86.49162678958035,15
0f276bab4fa85df0,0,0,1,97.25916700921604,15
6cc16446dbe45353,0,0,1,94.68291239823007,15
26043d2de718532d,11,16,0,100.0,0
e72eb72ebdc25a8a,12,16,0,100.0,0
c852239b5ac95394,0,0,1,92.05649190676317,15
3c297001ef2d5acb,0,0,1,97.29521742220632,15
123b77fa26425ac1,0,0,1,94.99435136713848,15
f97414b6f4a15866,0,0,1,100.0,15
957d3c9491ba5b5b,0,0,1,92.02471037344986,15
0c9d055f4ccc5d64,0,0,1,94.90732998698788,15
cbaf3221997c55be,0,0,1,97.61029002402543,15
a02463c8a92d56ce,16,16,0,100.0,0
d91a4c7d1d9e5647,0,0,1,88.64238133587,15
742b1d2c6cf156c6,0,0,1,87.57989009280246,15
8b3e9121fd57540f,0,0,1,96.51848910510294,15
bdf3b83064235e17,13,16,0,100.0,0
ab000bda9ccf5150,16,16,0,100.0,0
e165b9b4eb5f5cf4,16,16,0,100.0,0
dcb23119258e58ec,0,0,1,93.0249346300559,15
f0328bdcd0e15d3a,0,0,1,94.60178717810757,15
c6538928de9c552b,0,0,1,99.31980047168376,15
56da0490b78b5033,0,0,1,85.6325784580019,15
8fc454e70d1554b7,16,16,0,100.0,0
3eceeb425c3a560b,0,0,1,93.6480291002329,15
5e7d1f34a80c5e46,9,16,0,100.0,0
ef4f3026ae1b56a3,0,0,1,89.0351267218102,15
d92fd7e6c01d503b,16,16,0,100.0,0
1381f484e75c565a,0,0,1,93.42180976012506,15
7b79090489c95c0b,0,0,1,98.96212603993393,15
f0d107fb359953ff,0,0,1,92.0831229798628,15
e0c845f2d87555b3,16,16,0,100.0,0
9e454d3b139c5a3d,14,16,0,100.0,0
468894d189a75353,16,16,0,100.0,0
9252ad8efde85a85,16,16,0,100.0,0
d99a3bc24ff75a68,14,16,0,100.0,0
1d45b9d20e9d5f92,0,0,1,93.56774682598437,15
39fc09d325a05606,0,0,1,96.12262276475529,15
75341958391d5aba,11,16,0,100.0,0
e65ea4e886535732,0,0,1,92.45199535787222,15
a9134306f1575f88,13,16,0,100.0,0
3609537de0105997,0,0,1,90.16360084375998,15
90c4cd28f0e55d46,12,16,0,100.0,0
8a022198e6885aed,0,0,1,92.30883583826765,15
f6f213b156de552d,0,0,1,92.50067758412914,15
1cb9fa36aea25d6a,16,16,0,100.0,0
e15983da12955abf,0,0,1,89.05304280393945,15
8635030755615376,0,0,1,96.50014658456132,15
86fbc624ea435e56,16,16,0,100.0,0
66e564907f5f5601,0,0,1,58.333333333333336,15
808ff2e869ff5d92,0,0,1,76.38920026914143,15
1b53682e2df854e1,0,0,1,89.25881690762554,15
dd175b6e08565a4e,0,0,1,81.23796443049494,15
8e475454489d5f5b,0,0,1,94.56295416251943,15
dc2d27a848115b56,0,0,1,99.42642512603229,15
3783e56bc9ef5e85,0,0,1,89.81200280572978,15
d45a215505f05382,0,0,1,92.19428977923052,15
4775f8e1a53d5c6f,14,16,0,100.0,0
802c127f63f955ed,0,0,1,89.0414604265182,15
f102259e52d35ac5,0,0,1,96.19117357538398,15
db5aa5f382f25aaa,0,0,1,92.07116760857974,15
598efc24965e57ba,16,16,0,100.0,0
3e83f47571b05337,13,16,0,100.0,0
f36236f06fb556a0,0,0,1,89.53956281010271,15
ed717de405885939,0,0,1,88.66698457378526,15
a8b0833c7a065b81,16,16,0,100.0,0
f426002d6e275e78,16,16,0,100.0,0
3382fe7a030150df,0,0,1,87.5624849787817,15
a0283fb79a975f2c,0,0,1,94.51459617277467,15
45e7e76381d85846,16,16,0,100.0,0
9cac2a2e22c25964,1,2,0,96.0911847852608,14
f86b2f13b23d5470,0,0,1,95.98934933523421,15
6e5e2d80ec915e15,0,0,1,95.98622243602823,15
b5d7c17fe5375141,1,13,0,100.0,3
bae3d8ac0ee85cad,13,16,0,100.0,0
4833c4f6d87f5021,7,16,0,100.0,0
a507cbf8c4055960,0,0,1,94.98025229791149,15
331e21d3c8d65bae,0,0,1,99.37609857724166,15
c5f7460ee0da513a,0,0,1,95.17392290912487,15
7eb9b36921b25d5b,2,2,0,96.4411161642826,14
8d76cc7ca097546b,14,16,0,100.0,0
7b20cfb388a15b3d,0,0,1,94.51817887227917,15
87a04f063e505051,14,16,0,100.0,0
e4fda5ede9c657f1,1,1,0,98.09254181334424,15
163693e2ba175db3,13,16,0,99.99934761933605,0
007505437ed45b53,0,0,1,82.10130641838346,15
b1199a48987b5f73,0,0,1,98.93236176112012,15
a1bcc195c8e85f37,3,3,0,99.9877316080508,13
99c663a7b4e15514,0,0,1,89.19183578421222,15
2b9bcbd586b55042,0,0,1,90.94180307115896,15
113b14c30cc25989,16,16,0,100.0,0
b37b1679fd745ac9,0,0,1,84.53428580514645,15
a4b7b2795e615efb,0,0,1,88.13442111691083,15
c75edb67a65b5a33,0,0,1,98.78620263067988,15
fbec1eb4b33955e2,0,0,1,88.0666417242062,15
c1ae700926d4577c,0,0,1,82.67012969841929,15
eba5b88270db545e,0,0,1,58.333333333333336,15
0481ff72500154f2,16,16,0,100.0,0
70d9d2c73e4155d4,0,0,1,86.04209122621727,15
685c110d6a615ff8,16,16,0,100.0,0
b1483be2f1e35882,16,16,0,100.0,0
de0fb293bb4859e7,0,0,1,88.83570907029909,15
335528f321b45d88,16,16,0,100.0,0
e5ba0fd6afc15419,16,16,0,100.0,0
07bd6c8c7de152a6,16,16,0,100.0,0
0b9f2aceebbf5003,15,16,0,100.0,0
e8991ab64afb5db6,12,16,0,100.0,0
66c135a6ec7f53c4,10,16,0,100.0,0
1fe597d0fb1454dc,0,0,1,92.82738417747694,15
fefa00cc3fe65b70,0,1,0,97.69984142610468,15
fddb21da30bb54c2,16,16,0,100.0,0
aceba8d21dfe5d03,0,0,1,94.38703022296764,15
ac940ab1e16558e9,11,16,0,100.0,0
4ac0a91fc4dd5ca9,0,0,1,100.0,15
cdec4cc7781e5d4d,8,16,0,100.0,0
01034b2411ce5ea0,0,0,1,90.36106827979037,15
fb7f5f4fd1a25f13,16,16,0,100.0,0
dcea502e05ca5eb5,0,0,1,90.26592799889896,15
28b79e32839a543b,16,16,0,100.0,0
2b07bad4bce156cd,15,16,0,100.0,0
66d778b97714583a,16,16,0,100.0,0
a8c9f51e547a5fed,0,0,1,83.5823676410518,15
7a0635b7942859c6,0,0,1,99.14696218181088,15
84b13f58e18551a8,16,16,0,100.0,0
87ec42ef94f75f0c,7,15,0,100.0,1
feae0b42dda25c87,16,16,0,100.0,0
b663343f65cd5e92,10,16,0,100.0,0
71495dbc0a3255dc,0,0,1,95.72348319226026,15
244f412a59375c65,0,0,1,96.93994030752945,15
5c1f98237d1852b9,12,16,0,100.0,0
9eddebd4be385650,0,0,1,87.92924963653142,15
b53636b863815077,0,0,1,93.26267209500058,15
1ef92a1e554b567c,13,16,0,100.0,0
019cfd828c3f5b7c,0,0,1,95.61838597905492,15
55a649760430531d,0,0,1,93.69503410676016,15
377d9bb5bb125691,0,0,1,99.3816657091614,15
a40383b62c8b5f0a,16,16,0,100.0,0
6822dc0570565ef4,0,0,1,86.92249579136765,15
6b5978b04dc85323,0,0,1,96.68644824940232,15
28c5133d23575e81,0,0,1,90.48004795864915,15
0726ca723042500c,7,12,0,99.99997048314557,4
e1b339d45b635f03,0,0,1,99.98037432114364,15
60e4b765d65a534a,0,0,1,95.01511661054562,15
cb8ed00b6b6e5650,0,0,1,93.70855604411084,15
f11aede9f6665b09,0,0,1,91.55563612352749,15
8ae2f982585058f2,0,0,1,97.02932376561529,15
ee81b62009285462,11,16,0,100.0,0
8783e69e8b9d5d5c,0,0,1,90.04468052167665,15
9566c9689988532d,0,0,1,95.556159116243,15
a49f197b94e15a20,0,0,1,97.18835481722931,15
d4b1d28cb67b5618,0,0,1,95.21159338774797,15
9fd73df50f1d5a2b,0,0,1,94.09192096899235,15
40bdcf910bed5013,16,16,0,100.0,0
c72fac839d7b5bdf,2,2,0,95.37200353070449,14
23cb188abddf5851,0,0,1,89.45266387642346,15
a488a24ace4e5a0e,16,16,0,100.0,0
a2e11073e3025626,16,16,0,100.0,0
56df5b5a7f8d5964,0,0,1,93.34684235413437,15
9f7eb558c5125bca,0,0,1,88.88683846265438,15
b7520d4aabdb522f,16,16,0,100.0,0
c97d721af0475e45,0,0,1,92.47604164249775,15
2c87600ce5a15f76,0,0,1,96.2453026905624,15
5d0d7322ddea55ce,0,0,1,82.0872495868604,15
fad3b25206405469,0,0,1,97.38714383445578,15
117be7ce4bae59d9,0,0,1,97.56816555315085,15
36f37eab352d5150,16,16,0,100.0,0
ada4bd96b21350f3,16,16,0,100.0,0
116f3217b5875595,16,16,0,100.0,0
2ce54722e81a5726,16,16,0,100.0,0
f0e8b02b16cc5161,16,16,0,100.0,0
4db513bb187a5415,1,1,0,98.26778903636925,15
f679ed3e8e975575,9,13,0,100.0,3
bc9f53029a6b5c52,14,16,0,100.0,0
8fcd3f59e5d35e62,0,0,1,94.12104749547909,15
895b56e6e7d1506f,11,16,0,100.0,0
f22f6cb0966f5ddf,2,2,0,100.0,14
8d16e85f8f505b74,0,0,1,91.76859749372666,15
3e58b4e75b4d5910,0,0,1,100.0,15
a68174740e5d53d2,0,0,1,94.98277849372165,15
9c83725ca24453f5,16,16,0,100.0,0
af80a080342354b5,16,16,0,100.0,0
7592a60634a65972,0,0,1,90.98237373948031,15
312f7d68b7845c0f,16,16,0,100.0,0
2ad520fb925f5ace,0,0,1,97.91487583090253,15
d69754f18e1b5816,0,0,1,92.76858771417987,15
1514fa6cda205491,16,16,0,100.0,0
65c6face44dc5242,16,16,0,100.0,0
116b808c2f825f23,0,0,1,90.16643897621984,15
0502652852d456e7,0,0,1,97.81587657684871,15
d139b76f0b1e5791,0,0,1,90.01205705433016,15
e6a85ef20b3054c4,16,16,0,100.0,0
d2b1e07b5d38547e,0,0,1,90.7402835238041,15
56faab1d1228542e,0,0,1,90.42144460131738,15
a5aa2c07692a5f9b,16,16,0,100.0,0
ccb3b418f0a45229,16,16,0,100.0,0
9e326c77e25f526d,0,0,1,91.2613007533394,15
a11285de52f553a7,0,0,1,91.4878630058451,15
b3b328a0d89255ea,0,0,1,58.333333333333336,15
ab7c0c62ea5d56df,0,0,1,100.0,15
822b5a4a2e075ace,0,0,1,83.55719454992085,15
6ee8095e2d8b599c,13,16,0,99.99346714929254,0
e536a7424867539d,16,16,0,100.0,0
228bc7a51ce85114,1,1,0,94.49195086030291,15
b386322960ff5784,0,0,1,96.62748809406517,15
1779dc029c945352,15,16,0,100.0,0
e66f72e612d05320,0,0,1,91.49062541900341,15
8a7b81e3d8ec589e,0,0,1,90.02904574142475,15
79d01df5793f5d1a,0,0,1,92.98067159432743,15
78273a4b69465c1f,16,16,0,100.0,0
e9c9a2873a275365,16,16,0,100.0,0
063ebdc4cd7e5bd9,0,0,1,95.8655055307264,15
40b18724a90f5919,14,16,0,100.0,0
7f6ac29877365766,0,0,1,91.6387244134179,15
2617f0cd70705817,16,16,0,100.0,0
9356731128d95d59,0,0,1,98.98812497582256,15
d68f1142da63586f,0,0,1,89.80652286749931,15
8c4982f5d16e51a8,0,0,1,82.25326430680883,15
75b56424b7eb5ac6,16,16,0,100.0,0
12264b570ba358e9,0,0,1,90.14510668918238,15
2320cdddd8465622,10,16,0,100.0,0
5fec23f5a5d052cd,0,0,1,98.53400449054439,15
a3d8003852145a71,14,16,0,99.99963362361994,0
fadbd438f57e5612,0,0,1,94.27854099364421,15
23ba8f4aee055e34,0,0,1,95.4282039297562,15
edf80e77e2e65098,0,0,1,95.28605839195254,15
ec646e4956125fcf,0,0,1,97.97242830153768,15
9069684898175278,0,0,1,90.03046532492931,15
c83e41bd3afa534c,0,0,1,93.3646069416038,15
c3fa71763867515b,7,14,0,100.0,2
43916f0a6f7f5717,0,0,1,90.99687201322243,15
e8bd03529c905c16,16,16,0,100.0,0
130e725a1594571f,0,0,1,94.5954140151106,15
03d9c9a7f1655e53,0,0,1,87.74913283510114,15
3c84060e9d245ad7,0,0,1,85.74489088368765,15
440da7a31b255ef9,0,0,1,99.0880479863866,15
8deb3aea4c075024,15,16,0,100.0,0
fa72914538895375,16,16,0,100.0,0
095453a7aea65260,0,0,1,83.55170740806244,15
b5a136c8bff95db6,16,16,0,100.0,0
16cf679d9cd35d85,0,0,1,91.97397950162099,15
0424e5fd9a5c5e60,0,0,1,87.52980834436823,15
97de4a69dec65c80,0,0,1,79.05027135922829,15
e5a8e75d4450516b,0,0,1,90.63827283945626,15
4669e83db7965ed0,0,0,1,98.18287536276749,15
00bbc908bd5758e6,16,16,0,100.0,0
97f64f5b130055b0,0,0,1,88.16625817573724,15
101da9987c395ba4,0,0,1,94.39009226298451,15
e20db842c987530f,0,0,1,88.22116983918684,15
d14c834404a75404,16,16,0,100.0,0
b20465ed49f953d3,0,0,1,83.83795478805169,15
f6741cbf60265367,0,0,1,94.28899763997485,15
4df92e2616c75be7,0,0,1,96.76917636669957,15
b3a6f577c20d5eb3,11,16,0,100.0,0
d7c39e8608e25e88,0,0,1,98.12088093156893,15
db42252e1f655f26,16,16,0,100.0,0
b4375fa743295bd8,0,0,1,94.75447229692698,15
5b620dbb3b4d5892,0,0,1,92.03665573633623,15
9a78f0e3d0335345,0,0,1,0.0,15
576835726a7c57d4,0,0,1,86.40009340148316,15
23c842d3f001597a,0,0,1,94.0359965243203,15
db4611f3cf8a5db7,0,0,1,86.25152826053049,15
bed1f99d06215f1b,0,0,1,93.09107770266336,15
770e1697a0255dc8,0,0,1,92.349647172965,15
339d5c1111125971,0,0,1,98.21569338431127,15
4a5cb683d82059f0,0,0,1,94.29035835420159,15
6be7246860e057c8,16,16,0,100.0,0
4c31e06f0fc858a0,0,0,1,88.22268010903136,15
ac2dfd95a1e55c5e,0,0,1,95.92638301541422,15
664b084487e05ba0,12,16,0,99.99998501830729,0
b4206de96b755fb8,6,13,0,99.99274954695134,3
2fd40c15042e53d4,14,16,0,100.0,0
fc2be4c9cc135538,15,16,0,100.0,0
9ac1e7123b245486,0,0,1,92.0003483057745,15
bca73d6fa8f85d39,12,16,0,100.0,0
f57d194633ae5571,16,16,0,100.0,0
99d1ae48071a5aec,0,0,1,97.30130387178954,15
008a9f9434c75b99,15,16,0,100.0,0
dc89cd046c135fae,0,0,1,97.42040999969666,15
b5d3d18e7d115933,0,0,1,81.84285462010193,15
7da1df98fb8e5af0,16,16,0,100.0,0
af816d6041dd5257,7,16,0,100.0,0
ec765c8fe97a51bd,0,0,1,96.12122730800586,15
4c188096aeb950bc,0,0,1,94.10022003879047,15
392e034cb2a55053,0,0,1,0.0,15
be6fe40f664154d7,0,0,1,91.054868238096,15
a400f271c6cd51f6,13,16,0,100.0,0
e93e621b5e14563f,0,0,1,0.0,15
2e976da85a8b5e5b,0,0,1,93.68188006035132,15
2f4462b637dc5044,0,0,1,90.60106502402728,15
b548689d07d15535,0,0,1,91.69191416668627,15
f696561dbf6055df,0,0,1,93.38265507947511,15
7bb8d2878b1f53cb,0,0,1,93.23508254495164,15
bff852b39f62557d,0,0,1,90.42776531751471,15
b940d77be0d45ec9,0,0,1,98.91287425764699,15
5050ddd89f6850ea,16,16,0,100.0,0
31c9a3082fa15d55,12,16,0,100.0,0
48f80f817e0656d9,0,0,1,90.84523642233842,15
602d680df54553a2,16,16,0,100.0,0
cc8872f4a1fb5895,0,0,1,89.99583842655218,15
09d7ac879b745ba7,0,0,1,95.5897391873414,15
1f22c13b337250e8,15,16,0,100.0,0
df16f52f5bea51cc,10,16,0,100.0,0
de8c2538d4305d9d,0,0,1,82.56968928148439,15
9c7f841d11e6542d,0,0,1,94.12052580264874,15
89a7b788217c5f67,13,16,0,100.0,0
3d53eff55b2855c2,2,2,0,98.30009760738331,14
8fb50dd1fb5552df,16,16,0,100.0,0
1dda1a63c5735182,16,16,0,100.0,0
006cbccbfae95262,15,16,0,100.0,0
cea771061cb25651,0,0,1,87.95382376482699,15
053ae221b0d351f5,0,0,1,85.53228157307898,15
edfca2d846ee5acf,0,0,1,91.4942435489992,15
278907212b495e23,0,0,1,95.65472515224904,15
449f34ad438e59d2,16,16,0,100.0,0
8c1a989cd94c5c12,13,16,0,100.0,0
48d4fcc3437755a8,0,0,1,93.66664084778498,15
13f740d88bf75471,2,2,0,87.61812760367192,14
8eb1bf4722515ad3,0,0,1,95.4147461992052,15
21249a2d4eb25ed6,16,16,0,100.0,0
3d44a52acf525ec7,16,16,0,100.0,0
9fad4614acc251d6,0,1,0,90.57542139853223,15
727278e9914354b1,16,16,0,100.0,0
9d722cf10d7f5bd1,0,0,1,100.0,15
14d0749e1fc85004,0,2,0,99.70243520081435,14
ee05069c50295595,16,16,0,100.0,0
5e7dad82583e5536,0,0,1,89.20982275603596,15
2c772a570884587c,16,16,0,100.0,0
aee904e6c2c35a90,0,0,1,84.15743811627445,15
0264cfbeb1705e5f,0,0,1,87.98748794740615,15
279ff8e3850c54e2,0,0,1,95.49126594117139,15
7c767d74b5fb5b5e,0,0,1,82.18566041772095,15
5daaf9b25cb558f9,8,16,0,100.0,0
864f5df8a94a508e,0,0,1,93.08028569144304,15
df51d2fef8c25f56,16,16,0,100.0,0
ac5b4b33a03c57fe,16,16,0,100.0,0
99adfd4cd925504d,0,0,1,95.3824435498944,15
1cba0de871fc5bfb,16,16,0,100.0,0
f84ac4472da55b91,0,0,1,97.76902550231135,15
bcc74e9eaae05ca4,0,0,1,85.54675436765264,15
4fe8a056f88154d5,0,0,1,96.39356575364026,15
16ff52ac5d085cac,0,0,1,93.91480613742979,15
584a14a3e42050c4,0,0,1,88.01075390813247,15
4a5834900788560a,0,0,1,91.53553234919063,15
e6046882cf485f3a,0,0,1,92.30845167898654,15
873f4bc746a55d13,16,16,0,100.0,0
96886b2d240e5275,1,1,0,94.14926384015877,15
190b153cfd3b5302,1,1,0,97.63148530117132,15
e1b0455379fd5adf,16,16,0,100.0,0
a801ebe0c8a55faf,13,16,0,100.0,0
8caca31e4dc357be,0,0,1,91.68938783300666,15
a8263f179cca558d,14,16,0,100.0,0
22dddd249c8e5fe4,0,0,1,90.48088976662403,15
bcd578c19d9857ea,0,0,1,98.37065541441798,15
c4c0b5cb93d85645,0,0,1,88.6851448946352,15
0fae6a22120d5bc2,11,16,0,100.0,0
9d67b6d20a0256c3,14,16,0,100.0,0
548d6bf7b63459e7,0,0,1,96.02713099178605,15
0f44c6e6440654d0,16,16,0,100.0,0
85fb576381c15527,16,16,0,100.0,0
d79d2c9951f35626,0,0,1,94.51830867349341,15
980c4467fdf156c4,0,0,1,100.0,15
11ceee170b09535e,13,16,0,100.0,0
c550cadc4a515e6b,0,0,1,83.7099102604525,15
4fdf21ae819f5cf9,16,16,0,100.0,0
9af521b071b75ede,16,16,0,100.0,0
94fd2d5eaaff5125,0,0,1,93.17596430587052,15
3bfe55c892ef5093,0,0,1,100.0,15
76c61e8e77975178,16,16,0,100.0,0
6aa0f931a89f5d9a,16,16,0,100.0,0
7f3aa59671c45291,16,16,0,100.0,0
c17be2d2a6f65008,0,7,0,99.99892468754416,9
f6d7cbb8505f5782,16,16,0,100.0,0
59b4fffb7aef599d,0,0,1,100.0,15
5c722cde25ba50d9,16,16,0,100.0,0
248aeb1af182529b,0,0,1,94.959613988547,15
8dff3247e7415c0d,0,0,1,58.333333333333336,15
df244d376fd85a93,2,5,0,100.0,11
06f781885ea25f20,0,0,1,96.85857496245292,15
dabc9a6d5e755758,0,0,1,87.11288401595087,15
666ee535a52a5acc,14,16,0,100.0,0
afe0ef0cd35b57f7,0,0,1,89.93580002639882,15
b7d4e7ebc5c75968,0,0,1,90.3518405579719,15
bc5eb52653bc5031,0,0,1,87.54821986152007,15
6793006a7d995092,16,16,0,100.0,0
9e7acfb214dd58eb,16,16,0,100.0,0
6cda2f0cbda156bd,0,0,1,89.43025725073392,15
beea15c8657d59a2,0,0,1,88.85934264573791,15
1971c4278e675b9d,0,0,1,98.26169020056868,15
c7009bf1a2025be7,0,0,1,97.48476448912322,15
c37c94fa634f5265,0,0,1,89.87140859214942,15
caaf3bef91ac58a3,1,2,0,99.98697927322354,14
89c4479f74c05538,16,16,0,100.0,0
7f35bb1a29c1549f,16,16,0,100.0,0
b46befc3e5a756ec,1,1,0,90.97602519429742,15
f06dec0352685bd7,0,0,1,88.03656699215206,15
9956d04c0d275e7d,16,16,0,100.0,0
edb7e230c20f542a,0,0,1,89.30631928679439,15
bbe9d736a2595720,0,0,1,93.5290621771411,15
8f7d5b80e1f85c3c,0,0,1,88.34172226909668,15
3c9433a90ab05621,10,16,0,100.0,0
b37c26e5cdf853d5,16,16,0,100.0,0
6dfe97d2aff95bf6,0,0,1,99.63245477972458,15
9e66bc21c0d4507d,16,16,0,100.0,0
121fdf5f01785268,0,0,1,77.57437073545688,15
9349bacb4a225ae3,0,0,1,85.87283042315961,15
704c2533b66353b5,0,0,1,96.73353336333936,15
4ffc3aacc76d5d43,0,0,1,99.01232957907465,15
ea808fbdaf2a5375,12,16,0,100.0,0
e47dc9b07dd857a3,0,0,1,97.45156891734521,15
0d38caf0c7c650e8,0,0,1,88.47325559749008,15
3ac61ac2f2b652b7,16,16,0,100.0,0
0d9f56cc8fa15657,16,16,0,100.0,0
296345c58a77547f,0,0,1,87.54784128012044,15
94e9664fcf2d5f9e,16,16,0,100.0,0
a880ac22dd045d21,0,0,1,96.22695374264961,15
5b3770f00cb55569,0,0,1,97.60787228669446,15
36c5c837df3259f8,0,0,1,91.40355043312081,15
665c2a0c88735b1f,14,16,0,100.0,0
24d4a97bf17f5883,15,16,0,100.0,0
acb286057ba859da,16,16,0,100.0,0
4f0df6de49515352,0,0,1,96.2192393394577,15
482b5439cb6c5350,16,16,0,100.0,0
a84fec66330e5157,0,0,1,92.61343622367428,15
02ef12eeec9c5667,0,0,1,98.61086256530878,15
076f5a91273050e6,16,16,0,100.0,0
a566b5f3bd0c5522,0,0,1,95.46310504835306,15
fe1348a14b7f5fda,16,16,0,100.0,0
cf430322beb852ca,0,0,1,97.15581045714326,15
05986621844f54a2,0,0,1,0.0,15
37ab6257bb545b45,0,0,1,98.7671359288301,15
1526e5b224665c7e,0,0,1,87.45241903608459,15
66df470c3c2c5b62,16,16,0,100.0,0
ce800a53730f5ae7,0,0,1,89.15220629223207,15
7ff20da52e205bf0,0,0,1,95.38069472518285,15
9c9fd38ec0485088,0,0,1,99.20285169326719,15
ec90c27de29a594c,0,0,1,81.20150752059538,15
86c52dfec8425716,0,0,1,92.84812357212428,15
0f54c1a676a954ce,4,16,0,100.0,0
a86e7f16bd64596a,7,16,0,100.0,0
cb397fd17507594b,0,0,1,88.10811515788293,15
c84f1984d6e459d4,13,16,0,100.0,0
8b744d45e7945aa5,16,16,0,100.0,0
68f3beae8cd25dba,0,0,1,97.70288222061471,15
aff2feebf9cb5afb,14,16,0,100.0,0
6e7bf5900d7f594f,0,0,1,82.80555594026644,15
7da6b01adf435bd5,0,0,1,93.80544318179777,15
4934fe6008f8564b,0,0,1,97.86077400143189,15
c0c2ed50261f54e5,0,0,1,98.60859246583324,15
0cb726068f4d5c59,16,16,0,100.0,0
fead2572a884512c,16,16,0,100.0,0
c82e95254649534e,16,16,0,100.0,0
2581d16dc1aa557e,1,1,0,98.36288382600314,15
74356ec7c3d15e10,0,0,1,93.05387193577091,15
a77cad5e29a5585e,0,0,1,96.88316930304237,15
711cc9425e2f5aff,10,16,0,100.0,0
2314cd5f97c5596c,0,0,1,86.42682329317203,15
dc932b3cf2ba5b1b,0,0,1,84.88011391950319,15
675f0d4dff9c5318,15,16,0,100.0,0
9fe72fe991c859f0,0,0,1,99.45697214645233,15
f6a1a2760a7b57a4,0,0,1,72.21237141093351,15
6176348b971f52c5,16,16,0,100.0,0
1decf76c77be59c8,16,16,0,100.0,0
91e6cce9eb7d5765,0,0,1,91.71410646793498,15
d360abe45ec55059,0,0,1,99.96214246552837,15
45cace6f6d275159,0,0,1,99.34857700145612,15
9551d9bffa515426,16,16,0,100.0,0
6f95e882286e5388,0,0,1,97.29904997589173,15
fcc0457324f15902,16,16,0,100.0,0
aa58d1ab2faa5746,16,16,0,100.0,0
5d711f77d42054d6,0,0,1,82.96426519637463,15
fa00af6ecc8a5cb4,0,0,1,98.5070906538341,15
bf6158f005f956ae,0,0,1,88.37703028882295,15
67b08ea8fc9956b0,16,16,0,100.0,0
5cfcccdb3e3c539b,0,0,1,97.60159284097547,15
288f0194b6d45858,0,0,1,92.835961697569,15
4094b79867cd5f7b,0,0,1,96.15636394870906,15
abd994ef714a595c,16,16,0,100.0,0
4668501db7065e02,16,16,0,100.0,0
289087a782995ef0,16,16,0,100.0,0
0eea4103d56352dd,16,16,0,100.0,0
b790a763e1ee538e,0,0,1,97.1363973348219,15
6ca255559e0350a5,0,0,1,91.4689310635958,15
6848c7497a065ae0,0,0,1,96.9127489827608,15
8a5bb66e9bb65101,0,0,1,90.21357318811376,15
4fa6a8e71f4a5984,0,0,1,99.62199501975226,15
77ded26c7a9654ad,0,0,1,82.08499600654103,15
5d83ddd5ec3c5326,1,2,0,93.179935667146,14
7a03013d34b355c1,0,0,1,92.83973434914657,15
0b2061c2aced52de,0,0,1,94.00787403472806,15
945dcb42cd645cc2,0,0,1,87.72822923080344,15
66d5a6841d835e3a,0,0,1,87.44559006424896,15
1035d1c56f0f5ba9,0,0,1,96.53130941351009,15
98ad6d2817355b99,16,16,0,100.0,0
293fd2580df350a8,16,16,0,100.0,0
6864977b221059e4,0,0,1,85.78567732283197,15
161154cbf4245a3d,0,1,0,99.96846325323818,15
023664205ae95402,1,1,0,92.47644546660217,15
cd07f4279fa35240,0,0,1,90.06581129081597,15
7ae1fa9094f355c5,16,16,0,100.0,0
b7b9f31751e459f0,0,0,1,90.25756708726665,15
94cf3d2feed759ac,15,16,0,100.0,0
9f4e94fa77b555dd,16,16,0,100.0,0
5985ea459f145e5c,0,0,1,96.40107073576762,15
624789926abe5dac,16,16,0,100.0,0
adb657c849df5d9e,16,16,0,100.0,0
095f95bdbf1054d0,16,16,0,100.0,0
d117940fcb945ac1,0,0,1,97.0159186401094,15
ef023f6f394f5be8,0,0,1,87.90354481971885,15
451631b82dd757e4,16,16,0,100.0,0
b25e5caac7645be6,0,0,1,89.16426296274322,15
277898ef740c5ab1,16,16,0,100.0,0
de94e95519d85f21,0,0,1,94.5617113507329,15
cec9570f9fd3504b,0,0,1,100.0,15
654a0ce9f6305cee,16,16,0,100.0,0
672173aac8685233,0,0,1,96.43368606954448,15
74bf7898a5565ef7,0,0,1,85.83383451360852,15
4393df900c6557cb,16,16,0,100.0,0
059fb1d0f20e58d6,16,16,0,100.0,0
b76fdedd0d1d5f46,13,16,0,100.0,0
005a44fa33b55e7b,0,0,1,100.0,15
cdf23d07ec42535e,0,0,1,96.86797173872321,15
5bb0b67e360f5a85,0,0,1,92.80195483545668,15
d5b5493184c257bd,16,16,0,100.0,0
a85370bd50145fbc,16,16,0,100.0,0
6b0de122978c5d6c,0,0,1,98.04628606324641,15
9257645ceccb550b,16,16,0,100.0,0
5d03327b42d153b1,0,0,1,98.16428758007088,15
f53ce90fba735a76,0,0,1,91.56193473450422,15
89ba731076de572c,0,0,1,92.60209352413571,15
d49e1049666e5596,0,0,1,89.57072747301234,15
30e1141fbb1e5009,0,0,1,92.34695022546096,15
377ceb5650355d8b,0,0,1,86.46596588352999,15
93aa103155cd5295,12,16,0,100.0,0
1dbae60fb78c532a,0,0,1,83.4501962387354,15
50fefa46fcc855fb,16,16,0,100.0,0
baef6630583c5f87,0,0,1,97.61518717454327,15
8b0773eaa2375bbf,0,0,1,88.61742944071646,15
80e2038fd0555030,0,0,1,98.6409486694396,15
d341827e6b485782,16,16,0,100.0,0
d6f1d7ade74c5d53,16,16,0,100.0,0
0827c1c05e0e5596,1,3,0,100.0,13
e9cd4fda706e5516,16,16,0,100.0,0
bae5037e472250dc,0,0,1,87.00186282101177,15
3e7e4bd1053d5d92,0,0,1,0.0,15
bc6cd32ccb1b5427,16,16,0,100.0,0
a4c4b9cae9f356bb,0,0,1,87.26003364859463,15
1e8cca8760da5948,0,0,1,87.35042554322452,15
c7e306be08105b70,0,0,1,92.80992744318195,15
26e0f72c031b5f07,16,16,0,100.0,0
56e525076cab5f42,12,16,0,100.0,0
4ce4021236435fc2,0,0,1,88.30098861550823,15
3ae8bec3c87f599a,0,0,1,85.39391282171268,15
de9dfb594099510e,16,16,0,100.0,0
ba1ace8df74d5f7b,0,0,1,85.82223355146223,15
502320eeaec55d1f,0,0,1,99.26503077027455,15
2dd169c11ca55cf5,0,0,1,94.71881629895266,15
14bd7947aab75ae6,16,16,0,100.0,0
3acaadb297b15413,2,2,0,96.7650544737409,14
4667b479001e52d3,0,0,1,93.50027349077193,15
7f15d26426a65449,0,0,1,0.0,15
70fb14aa330a5e1a,16,16,0,100.0,0
390944a5467b51c5,14,16,0,100.0,0
de37d906807d5da4,16,16,0,100.0,0
9ed0f61a7d9551dd,0,0,1,98.08312643878405,15
772bea477f415d7e,16,16,0,100.0,0
cf05fb873d635a08,0,0,1,96.65584901082318,15
6ef435e921f9538a,16,16,0,100.0,0
e60a241cf8df5ae6,0,0,1,97.09693750730696,15
430843d30f9258ed,0,0,1,93.07611329687012,15
05f01335f6e15d86,2,2,0,99.90892852826258,14
4be639c52c2656db,16,16,0,100.0,0
3f67a285648156d8,0,0,1,88.92004327505771,15
d193c14478495b74,1,2,0,93.71330824843277,14
be62b590e24a520d,0,0,1,95.79185347032822,15
ee2a0378652e53d0,0,0,1,88.80529817562476,15
adf177418b8a5f6f,16,16,0,100.0,0
8ba72029d7d75a0c,16,16,0,100.0,0
a893fc739c0b567c,16,16,0,100.0,0
ade775b8413358d6,0,0,1,0.0,15
cf26456f21fc55cc,13,16,0,100.0,0
f5134ec4baf153c9,0,0,1,87.51252732594766,15
09961e24208b5972,16,16,0,100.0,0
7e6335968cbb5318,0,0,1,88.6174225032251,15
ac20d4e2400c58a9,0,0,1,94.94414685539856,15
f503e5d4f2815027,16,16,0,100.0,0
43df192ed9125ff3,16,16,0,100.0,0
b63a589b5dcf521d,15,16,0,100.0,0
0996ce03d2325a75,0,0,1,91.42561315631798,15
5da5fed529065c9a,0,0,1,92.87164233531843,15
4d4d070cb9095f94,14,16,0,100.0,0
14096d0f331a594a,16,16,0,100.0,0
432cf993a4685755,0,0,1,81.66280744621609,15
c668fc93191352f5,0,0,1,84.35752552154638,15
a73551f67ae95c4d,0,0,1,86.70791223839916,15
928010107cd35cdd,0,0,1,85.09512082218788,15
f4ab14a89bb7500e,0,0,1,95.84216997963195,15
dc28a01b78d45b17,0,0,1,92.4888385946531,15
3f159d73e87a5e06,0,0,1,85.54084773524453,15
bdfa1f8523c25328,0,0,1,92.33368234733234,15
12115c5ca1215fb7,0,0,1,92.87324279216992,15
c402a7eb498a5736,0,0,1,97.28035576544636,15
c94d20755cae51cf,0,0,1,86.0426256840891,15
c44b12de78555426,0,0,1,92.86131890694078,15
50e0c2fe698655a9,0,0,1,98.94162723577968,15
e91a2d26f30e5b34,6,15,0,100.0,1
c8b4c92530f15b8e,0,0,1,93.91147644773991,15
3d2dded3370e5d2f,0,0,1,92.19851860041764,15
1361ba1955125852,0,0,1,85.95712787030335,15
b78f23cd3a155154,1,1,0,98.01882918543878,15
25652aabb1615c8d,0,0,1,99.28998028238732,15
3623f8728153513d,0,0,1,90.84518153785375,15
9288a151789f507b,0,0,1,97.41260310616313,15
e671280656f55009,0,0,1,91.40981886599018,15
48cf36e2f3e15071,0,0,1,99.44906468455432,15
4acdad2d68815972,0,0,1,97.72805088289917,15
b35fe1e3a6d857e7,11,16,0,100.0,0
095eafbb5c8f5b02,0,0,1,93.26897213646721,15
6f3254ac0fb25c0e,0,0,1,97.29281625608922,15
846947c0d14c5705,1,2,0,99.95934339735084,14
da088bb9d4fb5d0e,0,0,1,93.03757313756098,15
2d6b6f9cbf895767,0,0,1,95.47695464242018,15
2b6a3141bbd95909,16,16,0,100.0,0
c565fc593f9e5fad,16,16,0,100.0,0
2b62f0fd336e5ce1,0,0,1,87.2200068887263,15
4521af05098b5726,0,0,1,94.99998642455665,15
4cf79f853daa5e18,11,16,0,99.99629518708291,0
91c9748ec36d552e,0,0,1,90.85112973791458,15
b74282046c9b5e26,0,0,1,88.84219468077256,15
9b2f62944222523c,16,16,0,100.0,0
b4e37918a3075f27,0,0,1,94.37900357002282,15
172b3176b06c5658,0,0,1,98.613231367885,15
29c1d95389d45573,0,1,0,92.03183638792834,15
03925cda82c35516,0,0,1,89.31570681760473,15
8f24138692dc51a0,0,0,1,87.27288705438745,15
e4bc6fc5aeb15a9b,0,0,1,95.72545096518962,15
58e62444275353ac,0,0,1,92.62272097522886,15
b4929fe228725c94,0,0,1,92.71197996687064,15
9703fd67a8ba55e3,0,0,1,93.54975952298818,15
21ef5641389c54b2,15,16,0,100.0,0
1672f5b30038519f,0,0,1,98.49760235919834,15
50865b0784fc566d,0,0,1,98.24095641847946,15
a4cf3a412034565a,0,0,1,99.6823585492696,15
1295232b65bf5f8d,0,0,1,81.8821931731825,15
7ecb22e3bba55b12,0,0,1,89.09866909057676,15
6b7469c8e2195492,0,1,0,94.69297109805083,15
5ed66db305a55f73,0,0,1,85.7917887772879,15
0b8065082f3a5b3b,16,16,0,100.0,0
40d00a52b5345430,16,16,0,100.0,0
2c274b54e82b55e7,0,0,1,83.27127257090716,15
2f7f18f806515128,2,2,0,97.37293031267082,14
daaed109e7eb5f66,0,0,1,98.02869989736442,15
de9806cb0a2c53a3,0,0,1,90.75212719085717,15
cd3f3ec4f0dc515f,0,0,1,98.164215917263,15
481b84c931245f5d,0,0,1,96.51585559944331,15
6aeb37c47f385f06,0,0,1,99.81079881995811,15
165b4475bd6b5188,0,0,1,83.99861508928421,15
c5a1a4e21a4952b7,1,1,0,100.0,15
aac897560e0f5dab,0,0,1,95.19971758138436,15
1e66e2bddb1d5b49,0,0,1,99.5335675951019,15
dfdc23aed4e95e49,16,16,0,100.0,0
49a1e581f3a35a49,16,16,0,100.0,0
9263d47ef82d5a88,0,0,1,91.4652396191087,15
c216554d4bd6519f,0,0,1,87.14615676941403,15
0354be0727e25157,2,2,0,99.95727398255613,14
26dfdbfcecfe50bd,0,0,1,97.21145522274581,15
cc3160abbcbb543a,0,0,1,94.82196543226864,15
fc696e1d378654d4,0,0,1,85.24285945385301,15
3fa2f81cff025162,0,0,1,98.35775414026506,15
1d0a4f1f6cbd5e38,14,16,0,100.0,0
eff59f39f085525f,0,0,1,92.77811850885034,15
984be293f9195416,16,16,0,100.0,0
b235c02d47915476,0,0,1,92.96463240551466,15
3ac7810599d457a1,16,16,0,100.0,0
682378d23c335e89,0,0,1,91.30611260003822,15
73b4b5fcc5e55858,11,16,0,100.0,0
6f31d072740b5885,0,2,0,99.99356471462026,14
305b1bf4e7f45522,0,0,1,91.69520563018672,15
42d309d92a3a59c0,0,0,1,94.72127610128038,15
af16ba268df55dca,0,0,1,96.92950519898469,15
2ae8ac90c0ae5c8d,0,0,1,94.38723698852928,15
b512bc2c568d5b7a,16,16,0,100.0,0
7405ff66092d51da,14,16,0,100.0,0
23724912b8f153f0,16,16,0,100.0,0
6522fd9a31d25eb2,0,0,1,82.89272952119362,15
c6fcfafbbe7a59f8,0,0,1,89.04243236375235,15
5dbd0aba5f315388,9,16,0,100.0,0
958b596dd699594a,16,16,0,100.0,0
350714230cb55761,15,16,0,100.0,0
775b0dd554395fa3,0,0,1,0.0,15
635be215dc9d58c3,0,0,1,93.63118051031249,15
1499e758c6855a74,0,0,1,92.78956056184961,15
e9b0d4743b3f5256,16,16,0,100.0,0
3ff6652d6dec55da,0,0,1,85.6214155938925,15
3c30c0c940045ac2,0,0,1,84.15148467560685,15
b9e0dc94c7725924,0,0,1,98.76783802148937,15
0506b1697fb05337,16,16,0,100.0,0
7cfa2141cf77549d,0,0,1,58.333333333333336,15
089107cd2d6354e0,16,16,0,100.0,0
b03c039a00bd5792,10,16,0,100.0,0
064bbfac76a95dae,15,16,0,100.0,0
ad8019f55bc554de,16,16,0,100.0,0
073c4d0738b45047,0,0,1,90.27143367316485,15
b29e1677139a5f6b,0,0,1,93.06911589108854,15
c615107923dc5602,16,16,0,100.0,0
ffb15604a2a25cb8,16,16,0,100.0,0
4124b6e12f8b5f0d,0,0,1,89.93531581378787,15
a3298b678d225d61,0,0,1,91.05658509786755,15
e20b77b0ed075fb6,0,0,1,87.82109033332009,15
71452581394b54da,2,2,0,99.74829724917498,14
54399d56e69f5a2c,0,0,1,93.43744930131433,15
2bdd7e6fdc0e5977,16,16,0,100.0,0
2f875dc108ed572f,16,16,0,100.0,0
91513086606a567e,16,16,0,100.0,0
80dfd05ab759518f,0,0,1,95.68394790250439,15
d5e7dc43eb5c57cd,16,16,0,100.0,0
13014abb5b115ee2,0,0,1,91.84492364312295,15
9430278b77c05446,0,0,1,96.93684091331784,15
97e38fdccf915283,16,16,0,100.0,0
8787fbb12fed5433,0,0,1,99.47076315241696,15
a460f60f07f05098,16,16,0,100.0,0
570334268a395022,16,16,0,100.0,0
16a705e621675626,1,1,0,96.91897569450738,15
377030639621540e,0,0,1,91.716945836496,15
2e94974489245ae6,16,16,0,100.0,0
dc2a30b4130f5ab4,16,16,0,100.0,0
11f415ea61f95bbb,6,16,0,100.0,0
7fd57c3a03465a0a,0,0,1,94.4288339382433,15
bfabfb64124e5563,16,16,0,100.0,0
0dff173b10b75b6a,16,16,0,100.0,0
efd13cf71f83504e,12,16,0,100.0,0
86a8eb25b4045aba,0,0,1,95.8033942983725,15
04f77fbd6bf3505a,1,1,0,99.82323615486467,15
69cd8ef1721f550d,16,16,0,100.0,0
738c5da7a06d554c,0,0,1,90.80002997351568,15
a57d242401f951f5,0,0,1,61.49219373379849,15
d57a735214e65851,16,16,0,100.0,0
9bbb66957b9d5e1c,16,16,0,100.0,0
ccb7a68f3e0a57fc,0,0,1,90.86127067023251,15
05c91985246d58a6,0,0,1,96.0786680934954,15
2d1c26e4b5895e96,2,2,0,96.31720699952314,14
1f71cdf4e4c65299,0,0,1,83.89219145565043,15
1b7a2afa56df5d20,0,0,1,98.50793157380333,15
1f37959067985e67,0,0,1,90.52120530474839,15
f07db0b393fd522e,9,16,0,100.0,0
fa4cc4b0188c5b79,0,0,1,93.24481775487935,15
eb2ede89ad9b5a6e,0,0,1,95.48793220365852,15
bc4345e13302535e,0,0,1,86.47699433904963,15
66568e650e4d57e7,0,0,1,86.04274498946019,15
74ae55238ee5525d,2,2,0,91.63653667316322,14
a124b877d2b35519,13,16,0,100.0,0
1c6a5ee8a5785b0e,16,16,0,100.0,0
ed47cee1c67e5d43,0,0,1,98.43484414179031,15
838c6ba50bd25cd5,0,0,1,95.39043119515908,15
089b0ec6d7d35c09,11,16,0,100.0,0
9dedf462b1c0528f,0,0,1,97.40152053481617,15
61987c90d8635129,1,2,0,100.0,14
bbbae26a26605b08,0,0,1,93.4328019864494,15
8142f060944c56fd,16,16,0,100.0,0
2c76b8e2d1d85701,0,0,1,78.19879041587458,15
8a0b4dd476055911,0,0,1,46.852213074394086,15
b8adc82de5ae50e2,0,0,1,92.46799985576585,15
025b2d4de25c5036,0,0,1,87.1400046664301,15
9a7fc4d0041650fc,16,16,0,100.0,0
ad1af1160bd05ef7,10,14,0,100.0,2
d4185f4edc7e54e5,16,16,0,100.0,0
1b1311d50d47553f,0,0,1,91.66724106919459,15
573ac67fb17a5a71,4,4,0,100.0,12
da8c9449da6854ed,0,0,1,96.17122614846035,15
7f2409d7f6705308,0,0,1,94.97403712630863,15
94ae5d67804c539d,0,0,1,91.46056519203837,15
4f9a94c1302e56d8,0,0,1,89.73585524614617,15
ed54b128881a5278,0,0,1,92.45405332895102,15
21c8e0c8fe5f5495,0,0,1,85.95006028234346,15
24ab9ae0499950e9,0,0,1,87.19904479465221,15
0d24b5cc9f005fe0,0,0,1,98.98887806420097,15
c3cb403773505798,0,0,1,98.14695894531744,15
b696a6cffd3a5700,0,0,1,100.0,15
0a02ef840f2d5d8e,0,0,1,95.43979554679538,15
ee0d56667d9755c2,0,0,1,93.97324850233049,15
575564a1b87c5502,12,16,0,100.0,0
7e5d78b37ed653b1,0,0,1,92.29550938458898,15
b003c9652cb05ffd,16,16,0,100.0,0
a9e5ed5e52b555bb,8,8,0,99.99903826746812,8
a2c048ba29a85ad0,0,0,1,93.40033480070618,15
90cee81074335c3c,0,0,1,95.88472082456,15
f40040c002375188,0,0,1,97.3982559971915,15
7ff1d8c18a215751,0,0,1,86.31613361876099,15
2eaf758421aa5190,0,0,1,95.98915344132597,15
4bfb866afaf35777,16,16,0,100.0,0
