chain,token,step0_SR,pdms_gain,hit8_gain,spread_ratio_gain
mts86_lfp_grpo,007505437ed45b53,0.4686013938158392,4.940213718896231,1.0,2.9983322938625303
mts86_lfp_grpo,01034b2411ce5ea0,0.45023409825935007,2.701079924761842,1.0,3.479971590781334
mts86_lfp_grpo,023664205ae95402,0.44519761772375593,5.581649670765515,1.0,2.381954376732879
mts86_lfp_grpo,03925cda82c35516,0.4883607669273421,3.5699767479548967,0.0,1.5562688632603174
mts86_lfp_grpo,0481ff72500154f2,0.3653450694450272,-10.416666666666657,0.0,2.8750313630166078
mts86_lfp_grpo,05f01335f6e15d86,0.48503703750669874,-7.075155158684893,1.0,5.387535830900133
mts86_lfp_grpo,064bbfac76a95dae,0.3725310490562789,0.0,0.0,3.9429127997550992
mts86_lfp_grpo,06f781885ea25f20,0.9630734153954815,5.247797595905851,1.0,1.4847803105509056
mts86_lfp_grpo,073c4d0738b45047,0.3328204810287035,3.0779948748136974,1.0,3.1683851666876373
mts86_lfp_grpo,0827c1c05e0e5596,0.34727770366760247,0.0,0.0,1.6414965685579301
mts86_lfp_grpo,089107cd2d6354e0,0.4301897034724473,0.0,0.0,11.308386675609805
mts86_lfp_grpo,09961e24208b5972,0.34670357029294024,0.0,0.0,2.2532072034080657
mts86_lfp_grpo,0a76d212e8fe5898,0.2537358068929456,12.41592078093619,1.0,5.159629523863086
mts86_lfp_grpo,0a87bb919dbb58b6,0.4031884614396863,4.7553594821170435,1.0,1.5905366144885849
mts86_lfp_grpo,0b2061c2aced52de,0.2939893615813437,2.763570479593426,1.0,3.6672768988191553
mts86_lfp_grpo,0d38caf0c7c650e8,0.2950034896149704,5.858243596809956,0.25,6.377501260011421
mts86_lfp_grpo,0ee58e583be85ffb,0.339028521905529,2.513676084271154,1.0,5.982732489532476
mts86_lfp_grpo,1035d1c56f0f5ba9,0.2743518219879965,2.6493572613702696,1.0,4.786044264369116
mts86_lfp_grpo,114a9052bd6851a2,0.6243966021784464,4.125128663005825,0.0,0.9839339159781976
mts86_lfp_grpo,116f3217b5875595,0.3771494731324966,0.0,0.0,4.361941147514944
mts86_lfp_grpo,117be7ce4bae59d9,0.46968210720980635,2.9240028473954283,1.0,2.119756487076293
mts86_lfp_grpo,12115c5ca1215fb7,1.1395360581960152,2.9036063422517486,1.0,0.5682212360665558
mts86_lfp_grpo,1295232b65bf5f8d,0.4465865167859394,3.2409396760022275,1.0,6.12157045533098
mts86_lfp_grpo,1361ba1955125852,0.3254972496009961,3.217193717397805,1.0,3.911191130214625
mts86_lfp_grpo,1381f484e75c565a,0.45240983065125145,2.284857813974398,1.0,4.459436293672105
mts86_lfp_grpo,14096d0f331a594a,5.37790901959424,0.0,0.0,0.3093261083583553
mts86_lfp_grpo,14b505fe90ef5fb8,0.319010001034305,0.0,0.0,6.669782563737549
mts86_lfp_grpo,14d0749e1fc85004,0.3525351883998415,0.5507864828095421,0.25,3.275903768424551
mts86_lfp_grpo,1514fa6cda205491,0.4060581469931603,0.0,0.0,3.2204684412265854
mts86_lfp_grpo,1526e5b224665c7e,0.38956315369538963,3.0218261206738504,1.0,1.556910424618897
mts86_lfp_grpo,161154cbf4245a3d,0.4333526531070467,1.404762530932473,0.25,2.8253648133117313
mts86_lfp_grpo,16a705e621675626,0.5788797962201975,4.555303283587506,1.0,1.728573416989249
mts86_lfp_grpo,1734440b807a58ef,0.35422070295841956,2.685996312970019,1.0,3.9717206301776624
mts86_lfp_grpo,190b153cfd3b5302,0.31161912384914187,2.88784660518499,1.0,5.169560255100592
mts86_lfp_grpo,1b064a029c0e513a,0.339370615497561,3.4470722283456467,1.0,3.393043563718388
mts86_lfp_grpo,1bf169a6aaf65858,0.23096439489566656,0.0,0.0,6.893462773432828
mts86_lfp_grpo,1ce58516c7675036,0.8389442775384949,0.0,0.0,2.7450958700766117
mts86_lfp_grpo,1d0a4f1f6cbd5e38,0.40196036851304356,0.0,0.0,7.630644319442445
mts86_lfp_grpo,1dbae60fb78c532a,0.48977315588166154,5.455556507712629,1.0,2.730245790462047
mts86_lfp_grpo,1dda1a63c5735182,1.7764702008302578,0.06694304455170652,0.0,1.3212687903855946
mts86_lfp_grpo,1f22c13b337250e8,0.7712480888493056,0.0,0.0,0.9944182615794752
mts86_lfp_grpo,1fe597d0fb1454dc,4.192846027310172,4.176008645795946,1.0,0.545882822549812
mts86_lfp_grpo,228bc7a51ce85114,0.27897966090344045,8.085711648658062,1.0,5.395195911081637
mts86_lfp_grpo,2314cd5f97c5596c,0.40374168990454096,2.9325039587232595,1.0,8.467434097674143
mts86_lfp_grpo,23724912b8f153f0,0.3404844511882517,0.0,0.0,1.3121112261839647
mts86_lfp_grpo,24d4a97bf17f5883,0.7139337398858964,0.0,0.0,0.8529581023080122
mts86_lfp_grpo,2639525675535145,0.6200941378020296,0.006306626316344932,0.0,1.8863809638793088
mts86_lfp_grpo,28c5133d23575e81,0.4742793937349434,2.866977205005142,0.0,1.4565150060875554
mts86_lfp_grpo,293fd2580df350a8,0.3773999884779464,0.0,0.0,1.0604315326089109
mts86_lfp_grpo,29c1d95389d45573,0.34092417597099917,1.7026700843059075,0.5,1.1110034584597888
mts86_lfp_grpo,2a2403c9b08b53ac,2.6907018051031204,26.288479948748368,1.0,0.49915933756600167
mts86_lfp_grpo,2ab1b3941f7153cb,0.5698664451612205,5.023732595087409,1.0,2.2208977661599825
mts86_lfp_grpo,2ae0a44cc4de5c4a,0.29791744466045145,0.0,0.0,7.030403969349607
mts86_lfp_grpo,2c76b8e2d1d85701,0.4807583766580557,4.3029525268229065,0.0,2.3695959720532525
mts86_lfp_grpo,2ce54722e81a5726,0.9653390822513704,0.0,0.0,2.479476664304346
mts86_lfp_grpo,30e1141fbb1e5009,0.3845048027594148,5.721889342069574,0.5,3.2138660732288815
mts86_lfp_grpo,3138ce4847ee5007,0.5488192632998392,2.7166529738248784,0.0,2.2656972336945476
mts86_lfp_grpo,331e21d3c8d65bae,0.25823447168468416,-40.34931123203881,-0.5,3.1082381709121183
mts86_lfp_grpo,3382fe7a030150df,1.9843445015445376,7.935512265995484,0.75,0.5421160908005602
mts86_lfp_grpo,3387bab95d41528a,5.934374489321534,0.40018543004903506,0.0,0.9438742466456209
mts86_lfp_grpo,3623f8728153513d,0.3752611181047611,3.4479351081014613,1.0,6.780906520434226
mts86_lfp_grpo,36c5c837df3259f8,1.3620179093374394,2.7952128599027617,1.0,0.6821992400464529
mts86_lfp_grpo,36f37eab352d5150,0.5313167744068397,0.0,0.0,4.288590462285022
mts86_lfp_grpo,377d9bb5bb125691,0.5400157769570009,-40.821471384005726,-1.0,2.0392395460280723
mts86_lfp_grpo,3783e56bc9ef5e85,0.4228116682821306,10.290253189425485,0.0,2.4702462181969587
mts86_lfp_grpo,392e034cb2a55053,0.370133086287518,-43.75,0.0,4.345939074076701
mts86_lfp_grpo,39fd3f2e5f005306,0.36276131275268886,0.0,0.0,0.9637948295392899
mts86_lfp_grpo,3c30c0c940045ac2,0.3124910088179412,9.281156869852438,1.0,1.7035099868478583
mts86_lfp_grpo,3c84060e9d245ad7,0.311450506059128,4.772354725345366,1.0,9.810239952440435
mts86_lfp_grpo,3d2dded3370e5d2f,0.4783427154784457,3.6427782897819583,1.0,2.9101439499542368
mts86_lfp_grpo,3d44a52acf525ec7,0.8815198732950521,0.0,0.0,1.9186177621512261
mts86_lfp_grpo,4094b79867cd5f7b,0.4562545260979818,-19.296486628579117,0.0,2.4445512969954484
mts86_lfp_grpo,40b18724a90f5919,0.43606694154600806,0.0,0.0,4.1460409019842706
mts86_lfp_grpo,4124b6e12f8b5f0d,4.618967929972184,4.131668292805941,1.0,0.5292932586676715
mts86_lfp_grpo,42e6895442ab5601,0.41817061930303745,0.049172828908638166,0.0,2.702952148281881
mts86_lfp_grpo,432cf993a4685755,0.32758129476214126,6.508739220269149,0.0,6.262531649689666
mts86_lfp_grpo,4393df900c6557cb,0.3889772871463608,0.0,0.0,1.1881892031305292
mts86_lfp_grpo,43df192ed9125ff3,0.5095924258036545,-2.604166666666657,0.0,8.489786744161595
mts86_lfp_grpo,440da7a31b255ef9,1.282588418326908,4.203757049323684,0.0,1.9045192527888697
mts86_lfp_grpo,449f34ad438e59d2,0.4227141071748084,0.0,0.0,8.591935650827054
mts86_lfp_grpo,451631b82dd757e4,0.3659216838332672,0.0,0.0,6.896586139489426
mts86_lfp_grpo,45cace6f6d275159,0.27943105643162053,2.1500869356887478,1.0,2.789390996663114
mts86_lfp_grpo,468894d189a75353,2.5551008248850837,0.0,0.0,1.170563255787306
mts86_lfp_grpo,480434fc72d455af,0.4433419659476978,5.587647402417247,0.0,2.574621333781341
mts86_lfp_grpo,481b84c931245f5d,0.27370707347253953,1.7085653564858347,1.0,5.304060722307293
mts86_lfp_grpo,48cf36e2f3e15071,0.31718640801668224,0.0,0.0,1.988784720261357
mts86_lfp_grpo,4a5834900788560a,1.4358412927074067,3.035234638247502,1.0,0.6756050478400694
mts86_lfp_grpo,4b0df2804f165dda,0.23432273743936563,8.631096874658766,0.0,7.8652496525186155
mts86_lfp_grpo,4cf79f853daa5e18,0.35018266408097604,0.0,0.0,3.9083362770276793
mts86_lfp_grpo,4df92e2616c75be7,0.35663009327643225,5.896776642145113,0.0,5.786598916362975
mts86_lfp_grpo,4f0df6de49515352,5.461235318968799,-1.8323637492447205,1.0,0.5363721205492056
mts86_lfp_grpo,4fa6a8e71f4a5984,0.3537757264561184,0.9187640299110456,1.0,4.944557815549408
mts86_lfp_grpo,502320eeaec55d1f,0.5782255160446571,6.494426460771692,1.0,2.437800194175469
mts86_lfp_grpo,505c44ea52485f9d,0.40033921924254856,1.017550698319269,0.0,2.208646492371282
mts86_lfp_grpo,50865b0784fc566d,0.48925664549319653,5.6889123163607,1.0,2.6022917063513447
mts86_lfp_grpo,52caccf1b3b95e4e,0.4535287656882935,2.3336013838959815,1.0,1.583066394104997
mts86_lfp_grpo,5370751917315916,0.42643335898090823,0.0,0.0,7.471315470646846
mts86_lfp_grpo,54d3068f889b58ee,0.38343216982768763,9.385213697737228,1.0,1.2723708323363385
mts86_lfp_grpo,55a649760430531d,0.32261457742811495,2.2794222876639765,0.0,2.4932142892530647
mts86_lfp_grpo,56df5b5a7f8d5964,0.5489940962222826,4.135243273133625,1.0,1.6739305566501557
mts86_lfp_grpo,59b4fffb7aef599d,0.26852873028086904,0.0,0.0,12.020556810595929
mts86_lfp_grpo,5b3770f00cb55569,1.6097829101740253,4.076790511986616,0.0,1.207503359615042
mts86_lfp_grpo,5b620dbb3b4d5892,0.5417491777885499,3.613694547634651,0.0,2.210570322136915
mts86_lfp_grpo,5cfcccdb3e3c539b,0.31272840400171065,2.9811195916698807,0.0,7.585075644845042
mts86_lfp_grpo,5d3ce016a8a256cf,0.9205317120065395,2.7708035216451776,1.0,0.7799017995549596
mts86_lfp_grpo,5d83ddd5ec3c5326,0.3668644799867442,7.377442556746402,1.0,3.343765135170247
mts86_lfp_grpo,5daaf9b25cb558f9,1.7401360140232058,0.0,0.0,0.9127212737256881
mts86_lfp_grpo,5dbd0aba5f315388,1.2931070332014827,0.0,0.0,0.755315253563266
mts86_lfp_grpo,5e7d1f34a80c5e46,0.4424830520799527,0.0,0.0,2.3316347392211823
mts86_lfp_grpo,60691b9dd3355992,4.209557545526149,2.552074812946941,1.0,0.6454668840757453
mts86_lfp_grpo,6176348b971f52c5,0.39254837351051547,0.0,0.0,1.2561886234507829
mts86_lfp_grpo,624789926abe5dac,0.5084395337780095,0.0,0.0,3.769119462502757
mts86_lfp_grpo,63dcb963cece5b7d,2.256590746099168,3.605416910281292,0.0,0.6497608769422253
mts86_lfp_grpo,65c6face44dc5242,0.35393214530979383,0.0,0.0,7.553187822278025
mts86_lfp_grpo,666ee535a52a5acc,3.3119494533302274,0.0,0.0,0.7438975017040026
mts86_lfp_grpo,66c135a6ec7f53c4,0.4752355299926315,0.0,0.0,2.432221936571018
mts86_lfp_grpo,67b08ea8fc9956b0,0.2807322970289696,0.0,0.0,7.613947795132207
mts86_lfp_grpo,685c110d6a615ff8,0.38444292277143416,0.0,0.0,1.7073363966156327
mts86_lfp_grpo,6864977b221059e4,0.37461723092299737,11.852823139395099,0.0,3.7390626552447817
mts86_lfp_grpo,68e39232887c5e4a,1.5201130825247455,2.5672109349577426,1.0,2.1048971080552175
mts86_lfp_grpo,69560676d53a56c9,0.4318603831843065,4.869359119557629,0.0,3.348345167412227
mts86_lfp_grpo,6b5978b04dc85323,0.608773906675548,2.8227279745318867,0.0,3.4319295775097403
mts86_lfp_grpo,6b7469c8e2195492,0.7200285154964854,7.5205700682784595,0.5,1.7903891760033488
mts86_lfp_grpo,6dfe97d2aff95bf6,0.5260326973049781,2.530596133358827,0.75,2.1540885310376026
mts86_lfp_grpo,6e5e2d80ec915e15,2.368223154682508,3.6023400504641074,1.0,1.0246802476706638
mts86_lfp_grpo,6f95e882286e5388,0.29566713003074124,2.1054823531909506,1.0,5.678583448188353
mts86_lfp_grpo,70248e0bb43a503b,1.304006836176615,-3.125,0.0,0.944337799201073
mts86_lfp_grpo,704c2533b66353b5,0.33120390710017883,2.5146206221947125,1.0,2.668750029505592
mts86_lfp_grpo,70d9d2c73e4155d4,4.047829181429926,3.2045827940627163,1.0,0.3362501348567496
mts86_lfp_grpo,70fb14aa330a5e1a,0.37809578280526135,0.0,0.0,4.713165050316081
mts86_lfp_grpo,711cc9425e2f5aff,0.3207154163065213,0.0,0.0,8.881894015311946
mts86_lfp_grpo,73b4b5fcc5e55858,0.32216287821412465,-26.041666666666657,0.0,4.68307886023524
mts86_lfp_grpo,742b1d2c6cf156c6,0.4149837484520799,14.016223149984725,0.25,2.3809169386849365
mts86_lfp_grpo,75341958391d5aba,0.39853653490595825,0.0,0.0,2.9630873844348082
mts86_lfp_grpo,759e9e451eba5b47,0.7352178763275172,3.909850017041819,0.75,1.9904854783863593
mts86_lfp_grpo,75b56424b7eb5ac6,1.201472447588426,0.0,0.0,0.9673607456724838
mts86_lfp_grpo,7640be138ae05408,0.4171655791696623,0.0,0.0,0.7059893146024242
mts86_lfp_grpo,770e1697a0255dc8,0.38323255524148364,4.499663150283482,0.0,7.408680823555665
mts86_lfp_grpo,772bea477f415d7e,0.7302756742776246,0.0,0.0,1.5907720870951874
mts86_lfp_grpo,77d96cb44005501c,0.4881298009069644,1.8697634682607571,1.0,3.496613162303027
mts86_lfp_grpo,7ae1fa9094f355c5,0.27346260804477057,0.0,0.0,2.5457495069047016
mts86_lfp_grpo,7af6867add5b5f2c,0.571844341050786,8.859630224793861,0.0,0.9211134385758957
mts86_lfp_grpo,7b20cfb388a15b3d,0.30419805393062715,3.683705951160306,1.0,1.4285853647427678
mts86_lfp_grpo,7b840b044a6a5e8d,1.9329081548539142,7.507542254692623,0.0,1.2572563495412399
mts86_lfp_grpo,7da1df98fb8e5af0,0.5184145248301787,0.0,0.0,4.799518335691106
mts86_lfp_grpo,7e6335968cbb5318,0.8304059396701873,3.551444354940074,0.0,2.8198788343434775
mts86_lfp_grpo,7eb9b36921b25d5b,0.324750235007214,-17.4681238812139,1.0,3.7855508821348227
mts86_lfp_grpo,7f15d26426a65449,0.5875161441016861,-13.2158256061104,0.0,2.9748023755175725
mts86_lfp_grpo,7fe310f364355e2d,4.151073701215044,1.2286276248231331,0.75,0.3757797716688689
mts86_lfp_grpo,7fe6e7ce9cb7559d,0.34842064066014033,0.0,0.0,7.624859689071082
mts86_lfp_grpo,802c127f63f955ed,1.417813786755126,13.159648250783107,0.5,1.486959218252645
mts86_lfp_grpo,80d5ce364722516b,0.309067141707686,0.4702131739358606,0.0,5.68685653069165
mts86_lfp_grpo,80dfd05ab759518f,0.28437350755494295,-37.46316562368513,0.0,4.698445270216627
mts86_lfp_grpo,8419b5d5eab75027,0.804851782826253,2.6133982371666065,1.0,1.7209062988803951
mts86_lfp_grpo,846947c0d14c5705,0.2825768350878649,2.7096587421890774,1.0,1.2076211819605482
mts86_lfp_grpo,8635030755615376,0.42240749651990783,2.610773081232651,0.0,2.779157801041492
mts86_lfp_grpo,86a8eb25b4045aba,0.3310704961745583,2.489098712450712,0.0,2.1480629559648903
mts86_lfp_grpo,86c52dfec8425716,0.35824165269058156,9.57943220212023,1.0,3.826859902767619
mts86_lfp_grpo,8783e69e8b9d5d5c,0.4992327506284235,2.7171937681349476,0.0,2.0417017182678614
mts86_lfp_grpo,886df3cce3a95a83,1.1502563251082067,4.505222289603438,0.0,1.0588948787018142
mts86_lfp_grpo,89c4479f74c05538,0.37287490086360636,0.0,0.0,7.73127895244396
mts86_lfp_grpo,8a022198e6885aed,0.34845268563344994,14.06210403113485,1.0,2.3310961086294983
mts86_lfp_grpo,8ae2f982585058f2,0.3260951936345268,-18.472372975500036,0.0,6.223048373590382
mts86_lfp_grpo,8b0773eaa2375bbf,0.4225888185053094,3.193809859093605,0.0,3.564132928681572
mts86_lfp_grpo,8c1a989cd94c5c12,0.41809952156652413,0.0,0.0,4.712632827456322
mts86_lfp_grpo,8caca31e4dc357be,0.29728793373726087,2.2879217922822477,1.0,8.899518584490204
mts86_lfp_grpo,8d76cc7ca097546b,0.3554511790859848,0.0,0.0,5.495614183736674
mts86_lfp_grpo,8f24138692dc51a0,0.5631733689363682,6.54160642239782,0.0,6.019952026112804
mts86_lfp_grpo,8fc454e70d1554b7,0.33830468351057796,0.006727278347682386,0.0,2.525743327667331
mts86_lfp_grpo,8fe647ed2b7a5aee,1.632356420703876,0.9083176708678877,0.0,2.1039678595739297
mts86_lfp_grpo,90c4cd28f0e55d46,0.4667295397489168,-2.6041666666666643,0.0,1.5254438987993395
mts86_lfp_grpo,90cee81074335c3c,0.3157587106574611,5.614780821469282,0.0,7.31842056640307
mts86_lfp_grpo,91e6cce9eb7d5765,0.3032244984568001,3.1854730269369327,1.0,5.95934941225323
mts86_lfp_grpo,9263d47ef82d5a88,0.4698496051776334,2.716000022177681,0.5,2.4493103418633266
mts86_lfp_grpo,928010107cd35cdd,0.3419613412791843,12.164686622698753,0.25,3.513867505354298
mts86_lfp_grpo,93aa103155cd5295,0.4272169653869282,0.0,0.0,1.1161273603428612
mts86_lfp_grpo,94e9664fcf2d5f9e,0.3495649872308272,0.0,0.0,10.508780201587957
mts86_lfp_grpo,9566c9689988532d,0.8078495447829768,2.8207762330741986,0.0,1.0810381991206726
mts86_lfp_grpo,969763763ce754a4,0.29164092573521594,0.0,0.0,2.887636326627709
mts86_lfp_grpo,972eb434cfd159e8,0.7752987727724344,11.531207262033874,1.0,1.3697480360760335
mts86_lfp_grpo,97f64f5b130055b0,0.325626624643762,10.328930357365508,1.0,9.002548195159909
mts86_lfp_grpo,984be293f9195416,0.33851310721891853,0.0,0.0,7.5319502820882835
mts86_lfp_grpo,9a83782a2cf85611,2.0027544809364626,3.0653254116933937,1.0,1.3220592904954855
mts86_lfp_grpo,9ac1e7123b245486,0.3315250410100695,3.267310335679923,0.0,3.5151757561031967
mts86_lfp_grpo,9c83725ca24453f5,0.48739754952232917,0.0,0.0,2.747443878419928
mts86_lfp_grpo,9cac2a2e22c25964,0.5213712710925831,-0.34613711231652644,1.0,3.1976353391211445
mts86_lfp_grpo,9d67b6d20a0256c3,0.6442576685837127,-31.753178250324183,0.0,4.543505895981762
mts86_lfp_grpo,9dedf462b1c0528f,0.3803833201982306,2.15203507050785,1.0,3.2107788492980798
mts86_lfp_grpo,9e454d3b139c5a3d,0.7489697783954153,1.189470712937478,0.0,1.3223964579559464
mts86_lfp_grpo,9e66bc21c0d4507d,0.311337080614999,0.0,0.0,1.4987490714082032
mts86_lfp_grpo,9ed0f61a7d9551dd,0.39990025720773253,3.0693331654401703,1.0,1.8668095577160637
mts86_lfp_grpo,9f4e94fa77b555dd,1.91413492830613,0.0,0.0,0.9137184322355416
mts86_lfp_grpo,a02463c8a92d56ce,0.4535277890145384,0.0,0.0,2.4833666503041205
mts86_lfp_grpo,a124b877d2b35519,1.136371182794286,0.0,0.0,2.0005610388958415
mts86_lfp_grpo,a2c048ba29a85ad0,1.5277945155877106,13.643164602394819,0.75,0.5576254412414993
mts86_lfp_grpo,a3d8003852145a71,2.118030711571919,2.0014652562689292,0.0,0.5827083536715189
mts86_lfp_grpo,a3e94bd829b75673,0.2187746546901135,2.6438271173833527,0.0,6.587711129497503
mts86_lfp_grpo,a3fa79234a9d5d7d,3.5633866905844354,0.0,0.0,0.581799404298813
mts86_lfp_grpo,a460f60f07f05098,0.3224079452770742,0.0,0.0,7.247624947975912
mts86_lfp_grpo,a488a24ace4e5a0e,0.3745407190680246,0.0,0.0,4.400511684114585
mts86_lfp_grpo,a4cf3a412034565a,1.2571722551232127,0.0,0.0,1.6936016040392976
mts86_lfp_grpo,a507cbf8c4055960,0.4817588024955667,4.032683106570943,0.0,2.179413752497762
mts86_lfp_grpo,a566b5f3bd0c5522,0.4974517167221907,2.3854748057068207,0.0,2.5823460207205247
mts86_lfp_grpo,a73551f67ae95c4d,0.4675963391347887,8.795675077219201,1.0,3.3981872712033643
mts86_lfp_grpo,a880ac22dd045d21,0.42964289835139996,6.640259058153362,1.0,1.190732742893003
mts86_lfp_grpo,a8c9f51e547a5fed,1.4301815782887708,5.356952583272985,0.75,3.2165650189170507
mts86_lfp_grpo,a9134306f1575f88,0.5320087073504782,0.0,0.0,7.421583218431336
mts86_lfp_grpo,ab000bda9ccf5150,0.8725476076848322,0.0,0.0,1.24727788732353
mts86_lfp_grpo,ab7c0c62ea5d56df,2.3071430025536968,0.0,0.0,0.44663842789740105
mts86_lfp_grpo,ac2dfd95a1e55c5e,0.5202041147412001,4.039961776881057,1.0,4.309704783325121
mts86_lfp_grpo,acb286057ba859da,0.37548026631541825,0.0,0.0,4.057996794994459
mts86_lfp_grpo,aceba8d21dfe5d03,0.2841984427106935,2.970890767293483,0.0,1.3071809335527536
mts86_lfp_grpo,af62d866653053f6,0.3609979687099444,5.520691446022383,1.0,3.8030625581477158
mts86_lfp_grpo,afe0ef0cd35b57f7,0.4414870063312499,3.4676457823179305,1.0,1.8948490710151378
mts86_lfp_grpo,b003c9652cb05ffd,0.2837665831675284,0.0,0.0,3.9872029183232356
mts86_lfp_grpo,b222df74b8155735,0.2877159925414951,2.0848728694933953,0.0,2.727055581511604
mts86_lfp_grpo,b23ede9a183b5b71,0.98832831550733,2.530753000943605,0.0,1.3162792109562724
mts86_lfp_grpo,b25e5caac7645be6,0.6908398628499318,3.929413816995961,0.75,2.7549388643900894
mts86_lfp_grpo,b3a6f577c20d5eb3,0.6689348160615,1.710226755325948,0.0,1.3675698907015879
mts86_lfp_grpo,b4206de96b755fb8,0.522654555269866,0.0,0.0,3.5440618333882266
mts86_lfp_grpo,b46befc3e5a756ec,0.5684924962991622,7.072038741098268,1.0,1.0792130984781012
mts86_lfp_grpo,b4929fe228725c94,0.375045818766443,9.489229227197512,1.0,1.37261951636616
mts86_lfp_grpo,b63b325909a058c9,0.4651075107726115,3.733689827031867,1.0,4.551286073422878
mts86_lfp_grpo,b790a763e1ee538e,4.027865767296033,7.094397464238014,0.25,0.45935006223583674
mts86_lfp_grpo,b7d4e7ebc5c75968,0.3967252332029648,3.270162686704495,1.0,3.7523547719110253
mts86_lfp_grpo,b940d77be0d45ec9,0.3499077168609119,2.349464880081129,1.0,3.3454593270437765
mts86_lfp_grpo,b9e0dc94c7725924,0.3968259075523148,1.356657122251633,1.0,3.4423303396052236
mts86_lfp_grpo,bc5eb52653bc5031,0.688201821653504,4.777201341975399,0.0,2.5633446446959334
mts86_lfp_grpo,bdfa1f8523c25328,0.6594650479810252,6.689105528476688,0.0,2.1566397057929447
mts86_lfp_grpo,bed1f99d06215f1b,0.5152133718079192,5.973893638579582,0.25,1.1200276691943039
mts86_lfp_grpo,c0b07b38110a556f,0.42930608328931597,0.0,0.0,1.075102784193035
mts86_lfp_grpo,c37c94fa634f5265,4.567761927207931,4.5530317303435766,0.0,0.4657373154671737
mts86_lfp_grpo,c3cb403773505798,0.34514668475091237,2.16514759255503,1.0,5.361186757459958
mts86_lfp_grpo,c402a7eb498a5736,0.33186215645511496,4.154706289072749,0.0,5.9275994127306335
mts86_lfp_grpo,c565fc593f9e5fad,0.3659053369659288,0.0,0.0,5.270183822580548
mts86_lfp_grpo,c5f7460ee0da513a,0.39340463568608947,2.998594540753885,1.0,1.828829617139726
mts86_lfp_grpo,c75edb67a65b5a33,0.3604932819111927,2.992789117200118,1.0,2.3926735540579656
mts86_lfp_grpo,c82e95254649534e,0.35993724828831797,0.0,0.0,4.969654594050022
mts86_lfp_grpo,c84f1984d6e459d4,0.47261309918609073,3.246535804682452,0.0,2.563882836519672
mts86_lfp_grpo,c97d721af0475e45,1.4528337510108034,5.8558421436000145,0.75,0.9467847174042933
mts86_lfp_grpo,cc94486698ff58d1,0.5055700076685375,8.10478404757049,1.0,1.2416626224380471
mts86_lfp_grpo,cd07f4279fa35240,0.3822913022614768,11.615918402822857,0.0,2.501253577552054
mts86_lfp_grpo,cd3f3ec4f0dc515f,1.873872339047405,0.0,0.0,1.347120082753044
mts86_lfp_grpo,cde84b97e6505437,0.669762375733492,4.39812407017304,0.0,1.888554585762595
mts86_lfp_grpo,cf26456f21fc55cc,0.46266924452687297,0.0,0.0,2.195029061675993
mts86_lfp_grpo,cf430322beb852ca,0.3224341968473397,3.0401118275496373,1.0,1.6326562827723974
mts86_lfp_grpo,d193c14478495b74,0.530908107876186,5.292262106255919,1.0,3.13257681847763
mts86_lfp_grpo,d341827e6b485782,0.41808361395310023,0.0,0.0,5.989781141823219
mts86_lfp_grpo,d45a215505f05382,0.3627483683741447,3.441840187328964,0.0,1.4392505328930745
mts86_lfp_grpo,d5e7dc43eb5c57cd,0.3326887739642477,0.0,0.0,1.4485050233692012
mts86_lfp_grpo,d68f1142da63586f,0.30364858872789197,3.100361606446569,0.0,4.5762393969227375
mts86_lfp_grpo,d6f1d7ade74c5d53,0.4480526952910153,0.0,0.0,5.461687866588385
mts86_lfp_grpo,d76b0458667c59a2,0.5058740408605967,0.0,0.0,0.8385666541359913
mts86_lfp_grpo,d92fd7e6c01d503b,0.3843074518045747,0.0,0.0,3.1397723446482577
mts86_lfp_grpo,da088bb9d4fb5d0e,0.5862692915951188,4.473131711791169,1.0,1.9083531477231097
mts86_lfp_grpo,da8c9449da6854ed,0.3329490019368315,2.9061623152276894,1.0,1.8794022809804658
mts86_lfp_grpo,dabc9a6d5e755758,0.40108530569439127,2.730863121558855,1.0,2.8224811859731544
mts86_lfp_grpo,dc28a01b78d45b17,0.29405980142479865,2.707177872939411,1.0,2.5178244177070788
mts86_lfp_grpo,dc76a771066b5553,0.3536875265254471,2.9461107142404472,1.0,2.3545477351562387
mts86_lfp_grpo,dc89cd046c135fae,0.5629095029670851,-4.751198188808672,1.0,4.356391386937839
mts86_lfp_grpo,dcb23119258e58ec,0.41615447474118533,2.0949285995802,1.0,1.8803259928183025
mts86_lfp_grpo,ddbfb3b2a05c5918,0.4085594151979621,0.0,0.0,3.7016213645612575
mts86_lfp_grpo,de37d906807d5da4,0.7009694052130309,0.0,0.0,3.6490449291911866
mts86_lfp_grpo,de8c2538d4305d9d,0.4482784495346519,3.1874301001631125,1.0,5.64543708456175
mts86_lfp_grpo,de94e95519d85f21,0.440087210743223,7.702878936167409,1.0,2.466194521530069
mts86_lfp_grpo,df51d2fef8c25f56,0.2908970955853159,0.0,0.0,8.93615299227335
mts86_lfp_grpo,e0c845f2d87555b3,0.4307186116983536,0.0,0.0,2.0081999759343114
mts86_lfp_grpo,e15983da12955abf,0.3890361310576741,5.764680249873862,1.0,2.0588804248690056
mts86_lfp_grpo,e1b0455379fd5adf,0.4624952643249283,0.0,0.0,2.4984190588583064
mts86_lfp_grpo,e34f51206f0e53db,0.48721540126581087,58.39518088161037,1.0,2.77400352711855
mts86_lfp_grpo,e47d448a999b5595,0.49270874150130034,4.774994200633728,1.0,1.424829229469166
mts86_lfp_grpo,e47dc9b07dd857a3,1.5944222432799424,1.1324912682592725,0.0,0.8783668154145712
mts86_lfp_grpo,e4bc6fc5aeb15a9b,0.39388407575066986,2.218847826766279,1.0,2.3155504812497276
mts86_lfp_grpo,e4fda5ede9c657f1,0.5593742659871366,8.071607669891748,1.0,3.7631543572818673
mts86_lfp_grpo,e671280656f55009,0.3195446735007757,2.443666459526952,1.0,2.669756288584187
mts86_lfp_grpo,e91a2d26f30e5b34,0.5615073951955054,-12.592444163470134,0.0,2.0918591399099706
mts86_lfp_grpo,e9cd4fda706e5516,0.4262826264307025,0.0,0.0,5.282048085792797
mts86_lfp_grpo,ec646e4956125fcf,0.3200700228640275,2.8523055839002893,0.0,2.875938001702817
mts86_lfp_grpo,ed47cee1c67e5d43,0.33255191202286594,2.3240813483512,1.0,1.904358114156852
mts86_lfp_grpo,ee05069c50295595,0.3850933276440245,0.0,0.0,4.936715947419604
mts86_lfp_grpo,ee81b62009285462,2.6760647270077405,0.0,0.0,0.6320241984601597
mts86_lfp_grpo,ef4f3026ae1b56a3,1.1448688898038015,4.699939336478096,0.25,0.9392535293579378
mts86_lfp_grpo,f0d107fb359953ff,0.4256861371331577,2.744515868018297,0.0,2.2286311889986075
mts86_lfp_grpo,f11aede9f6665b09,0.36434809573349847,6.888442506874398,0.0,4.886833783563134
mts86_lfp_grpo,f36236f06fb556a0,0.8025466721348778,3.6541725462558077,1.0,1.0004672268499961
mts86_lfp_grpo,f40040c002375188,0.5249447984055442,2.2715959764581584,1.0,4.228273828360187
mts86_lfp_grpo,f426002d6e275e78,0.3586728351102928,0.0,0.0,6.48845707035817
mts86_lfp_grpo,f4ab14a89bb7500e,0.3113856860760939,2.8556944218925935,1.0,2.531469662837116
mts86_lfp_grpo,f6741cbf60265367,0.43417797315371975,-12.682235277019188,0.0,3.9175938107262755
mts86_lfp_grpo,f6a1a2760a7b57a4,0.3050745400377242,3.736081359239847,0.0,6.537398792758069
mts86_lfp_grpo,f86b2f13b23d5470,0.32737235111363044,3.622426751991341,1.0,3.194436762307277
mts86_lfp_grpo,fa00af6ecc8a5cb4,0.5135239616118246,3.4052075854271777,1.0,3.3687264426123336
mts86_lfp_grpo,fad3b25206405469,0.6474687646417634,4.002022303549012,0.0,2.2750053646954407
mts86_lfp_grpo,fad9e78a17825042,0.38549251865066486,7.278322865434859,0.0,1.3328484542769004
mts86_lfp_grpo,fbec1eb4b33955e2,0.5338226100803304,3.1643109615120437,0.0,2.504938116896941
mts86_lfp_grpo,fddb21da30bb54c2,0.357385828104035,0.0,0.0,3.320684589622642
mts86_lfp_grpo,fe5811497ace53af,0.3352127232194584,3.8341226766916208,0.0,2.1416256222211354
mts86_lfp_grpo,feae0b42dda25c87,0.35047773521123066,0.0,0.0,4.833603231598368
mts86_lfp_grpo,fefa00cc3fe65b70,0.6650539096615297,4.675784173617643,1.0,3.807589554781075
mts86_lfp_grpo,ffb15604a2a25cb8,0.31133707753239054,0.0,0.0,3.2109275444786785
mts87_lfp_grpo,007505437ed45b53,0.7328671555358656,8.419511925092607,1.0,1.6641152420241732
mts87_lfp_grpo,01034b2411ce5ea0,0.45360498373863634,10.626815726030145,1.0,19.974416124357816
mts87_lfp_grpo,023664205ae95402,0.33993000098359716,7.450276639611346,1.0,3.9364263791203635
mts87_lfp_grpo,03925cda82c35516,0.2829672156936545,10.204273437441827,0.0,7.357029812582444
mts87_lfp_grpo,0481ff72500154f2,0.4836317704440201,-39.0625,0.0,4.555381144488999
mts87_lfp_grpo,05f01335f6e15d86,0.30277581253189545,2.1916926203436446,1.0,6.42591377672968
mts87_lfp_grpo,064bbfac76a95dae,0.46029248713994997,0.0,0.0,2.437276222420944
mts87_lfp_grpo,06f781885ea25f20,0.36802541159033414,5.697347298553069,1.0,9.799021015737367
mts87_lfp_grpo,073c4d0738b45047,5.873532277623633,10.690433366398779,0.75,0.17672518111897573
mts87_lfp_grpo,0827c1c05e0e5596,0.3876862388341731,0.0,0.0,0.981929006580829
mts87_lfp_grpo,089107cd2d6354e0,0.35576512682101824,0.0,0.0,6.5932178177664085
mts87_lfp_grpo,09961e24208b5972,0.4294687850306525,0.0,0.0,8.5246520834391
mts87_lfp_grpo,0a76d212e8fe5898,0.2046055385603941,10.962472907274133,1.0,34.062982591164086
mts87_lfp_grpo,0a87bb919dbb58b6,0.4070725677019107,5.454991169461806,1.0,9.25214852812757
mts87_lfp_grpo,0b2061c2aced52de,0.3537754357803865,6.181677190615133,1.0,3.9817385059219346
mts87_lfp_grpo,0d38caf0c7c650e8,0.25830198062201704,12.178828361648357,0.0,5.376432775242065
mts87_lfp_grpo,0ee58e583be85ffb,0.3489460651831382,2.123984652622539,1.0,11.894927173738429
mts87_lfp_grpo,1035d1c56f0f5ba9,0.3428784781654067,4.600386617668647,1.0,5.593337486237596
mts87_lfp_grpo,114a9052bd6851a2,0.3741991664760271,4.309822128956242,0.0,8.12056341816351
mts87_lfp_grpo,116f3217b5875595,0.41030588252932315,0.0,0.0,2.1394558809071005
mts87_lfp_grpo,117be7ce4bae59d9,0.5401735494733096,4.695555374715383,1.0,5.945639440210433
mts87_lfp_grpo,12115c5ca1215fb7,0.29969107004931417,7.878040842177143,1.0,4.374449983011248
mts87_lfp_grpo,1295232b65bf5f8d,0.409399505075366,5.344672926530066,1.0,4.296979769912545
mts87_lfp_grpo,1361ba1955125852,4.931330477857376,14.251237697044871,0.75,0.2656434485593125
mts87_lfp_grpo,1381f484e75c565a,2.8231025389069266,7.172087104969634,0.75,0.8849331867580011
mts87_lfp_grpo,14096d0f331a594a,0.3224558390456528,0.0,0.0,1.734516936954482
mts87_lfp_grpo,14b505fe90ef5fb8,0.30071641344130984,0.0,0.0,4.850283082030251
mts87_lfp_grpo,14d0749e1fc85004,0.3485105031596898,2.7243793328328962,1.0,4.91156643203731
mts87_lfp_grpo,1514fa6cda205491,0.4143077697782214,0.0,0.0,9.258925301970717
mts87_lfp_grpo,1526e5b224665c7e,0.3581533926858298,13.565584241412296,1.0,3.8817319929345375
mts87_lfp_grpo,161154cbf4245a3d,0.4439393894211234,2.198039135146857,1.0,4.758894300883317
mts87_lfp_grpo,16a705e621675626,0.4746058480488484,5.560071054362524,1.0,4.589938787181142
mts87_lfp_grpo,1734440b807a58ef,0.3946161235754432,9.342256982517384,1.0,4.509296476251832
mts87_lfp_grpo,190b153cfd3b5302,0.47832316118625473,3.433316332986948,1.0,5.743519273295839
mts87_lfp_grpo,1b064a029c0e513a,0.3780321341896379,4.526627661500356,1.0,6.1435640534887375
mts87_lfp_grpo,1bf169a6aaf65858,0.2437141938240816,0.0,0.0,16.511216779244037
mts87_lfp_grpo,1ce58516c7675036,0.34052803997806746,0.0,0.0,3.937719344815154
mts87_lfp_grpo,1d0a4f1f6cbd5e38,0.4200392158282077,0.0,0.0,2.971035018581978
mts87_lfp_grpo,1dbae60fb78c532a,0.43864549509850276,7.075273588160954,0.0,3.6154687833200607
mts87_lfp_grpo,1dda1a63c5735182,0.3629390008264732,0.0,0.0,7.085624643327675
mts87_lfp_grpo,1f22c13b337250e8,0.8274868694982144,0.0,0.0,0.634566429848958
mts87_lfp_grpo,1fe597d0fb1454dc,0.4673398231730082,5.437728294426222,1.0,7.304295299820772
mts87_lfp_grpo,228bc7a51ce85114,0.35434566496575204,66.1469241672344,1.0,9.187803981555343
mts87_lfp_grpo,2314cd5f97c5596c,0.46007529966907384,11.563988917993285,1.0,4.49163938945082
mts87_lfp_grpo,23724912b8f153f0,0.30090221199638345,0.0,0.0,4.731945197009417
mts87_lfp_grpo,24d4a97bf17f5883,0.7571559758458195,0.0,0.0,0.8685054433925942
mts87_lfp_grpo,2639525675535145,0.331816394703301,0.0,0.0,9.91286112297483
mts87_lfp_grpo,28c5133d23575e81,0.31160580297266566,8.185225557607609,0.0,6.037401514860645
mts87_lfp_grpo,293fd2580df350a8,0.4194443282578002,0.0,0.0,0.7709733358616037
mts87_lfp_grpo,29c1d95389d45573,0.38898947080489893,6.7071397415482465,0.75,1.1695341856847061
mts87_lfp_grpo,2a2403c9b08b53ac,0.4985239636270537,2.4938254019591,1.0,2.1373967511084584
mts87_lfp_grpo,2ab1b3941f7153cb,0.4778800392236492,5.565770551164192,1.0,6.652000695206567
mts87_lfp_grpo,2ae0a44cc4de5c4a,0.32543186669473495,0.34812024932645613,0.0,4.965221558558836
mts87_lfp_grpo,2c76b8e2d1d85701,0.32938636894439155,3.843812418557377,0.0,9.14943489765128
mts87_lfp_grpo,2ce54722e81a5726,0.40999568281656973,0.0,0.0,13.116853742049084
mts87_lfp_grpo,30e1141fbb1e5009,0.47188638922707316,8.246801140564543,1.0,4.245257599220152
mts87_lfp_grpo,3138ce4847ee5007,0.49352497768198667,10.360955686749477,1.0,3.4619722227151
mts87_lfp_grpo,331e21d3c8d65bae,0.2395115154443812,-2.453469501392675,0.75,9.133616590409272
mts87_lfp_grpo,3382fe7a030150df,0.6971949745361752,7.499431780788441,0.75,1.8259427893006057
mts87_lfp_grpo,3387bab95d41528a,1.3481825054317846,0.0,0.0,1.8606677859750078
mts87_lfp_grpo,3623f8728153513d,8.268213512053999,9.490567831667192,0.75,0.23872672032873837
mts87_lfp_grpo,36c5c837df3259f8,0.5104446123229214,9.548461812626371,1.0,2.936610060694118
mts87_lfp_grpo,36f37eab352d5150,0.5198879466253928,0.0,0.0,10.841767042189781
mts87_lfp_grpo,377d9bb5bb125691,0.5449329817962578,1.1571499648308645,0.0,2.507707394017247
mts87_lfp_grpo,3783e56bc9ef5e85,2.006504100145303,10.351279584790092,0.0,1.9789260224862282
mts87_lfp_grpo,392e034cb2a55053,0.532039145912031,-3.125,0.0,6.315454934793725
mts87_lfp_grpo,39fd3f2e5f005306,0.3986342438395437,0.0,0.0,0.6422250367375271
mts87_lfp_grpo,3c30c0c940045ac2,0.31057838500317314,17.33433787508025,1.0,10.113328257388032
mts87_lfp_grpo,3c84060e9d245ad7,0.3361256724439684,9.204818175986546,1.0,10.39915486839192
mts87_lfp_grpo,3d2dded3370e5d2f,0.3766479982410691,8.57945982562265,1.0,9.267598136591866
mts87_lfp_grpo,3d44a52acf525ec7,0.4394993799408793,0.0,0.0,4.159134073751447
mts87_lfp_grpo,4094b79867cd5f7b,1.090424816091485,8.332569794355265,1.0,1.2791396150040208
mts87_lfp_grpo,40b18724a90f5919,0.3137399961131599,0.0,0.0,10.734487284508353
mts87_lfp_grpo,4124b6e12f8b5f0d,0.4037517861175183,7.8340065144394515,1.0,4.133193998936399
mts87_lfp_grpo,42e6895442ab5601,0.37318650387776925,0.0,0.0,15.599766746939402
mts87_lfp_grpo,432cf993a4685755,6.989943950288169,15.65695944350098,0.0,0.21650797308047787
mts87_lfp_grpo,4393df900c6557cb,0.4347196605729379,0.0,0.0,1.6143544958952925
mts87_lfp_grpo,43df192ed9125ff3,0.4781620081291691,0.0,0.0,5.385799029553459
mts87_lfp_grpo,440da7a31b255ef9,0.34284058767758,3.592924236435806,0.0,7.741756688216398
mts87_lfp_grpo,449f34ad438e59d2,0.42548797204474464,0.0,0.0,13.51163607138224
mts87_lfp_grpo,451631b82dd757e4,0.31488901493781485,0.0,0.0,4.1957040374930035
mts87_lfp_grpo,45cace6f6d275159,0.28933425238907035,1.8461668389508077,1.0,6.8358184018486785
mts87_lfp_grpo,468894d189a75353,0.2995795441325104,0.0,0.0,5.188726199816357
mts87_lfp_grpo,480434fc72d455af,0.8054206327121297,4.836729919176776,0.0,2.090914784864006
mts87_lfp_grpo,481b84c931245f5d,0.3144927859740215,3.9518655462558456,1.0,8.974000133224138
mts87_lfp_grpo,48cf36e2f3e15071,0.41827907492085914,0.0,0.0,4.545648059972946
mts87_lfp_grpo,4a5834900788560a,8.332043771284994,9.504926706966813,0.75,0.23026741893031585
mts87_lfp_grpo,4b0df2804f165dda,0.3235229123490948,11.666467174057317,0.0,16.36051011856469
mts87_lfp_grpo,4cf79f853daa5e18,0.3572780530098406,0.0,0.0,13.05754806830873
mts87_lfp_grpo,4df92e2616c75be7,0.38488022079729106,4.143523623815582,0.0,6.287151041486468
mts87_lfp_grpo,4f0df6de49515352,0.3388890488555547,3.87354864682095,1.0,6.81997908160506
mts87_lfp_grpo,4fa6a8e71f4a5984,0.4453433583845262,0.0,0.0,5.80090023727285
mts87_lfp_grpo,502320eeaec55d1f,0.9487315082729744,5.129436240799507,0.0,1.4836958962108562
mts87_lfp_grpo,505c44ea52485f9d,0.5782560792709097,0.5882263863055215,0.0,7.039372728160282
mts87_lfp_grpo,50865b0784fc566d,0.476299153669044,4.184215061500765,1.0,3.9249869767753167
mts87_lfp_grpo,52caccf1b3b95e4e,0.5832763838583784,5.586002956081785,0.75,4.985208214584941
mts87_lfp_grpo,5370751917315916,0.3514159736911771,0.0,0.0,2.749682554556199
mts87_lfp_grpo,54d3068f889b58ee,5.0923572121971805,10.09048874312198,0.0,0.6120222306797867
mts87_lfp_grpo,55a649760430531d,0.5372974816154781,4.365596161069675,0.0,3.453269675371612
mts87_lfp_grpo,56df5b5a7f8d5964,0.3754804201259685,7.940645294545064,1.0,7.56336000243027
mts87_lfp_grpo,59b4fffb7aef599d,0.25901445975203696,0.0,0.0,6.83352940342356
mts87_lfp_grpo,5b3770f00cb55569,0.7971021839097181,5.751813215386008,1.0,2.1114920039459997
mts87_lfp_grpo,5b620dbb3b4d5892,0.4913037240614548,5.7707831682270125,0.0,6.618274866627541
mts87_lfp_grpo,5cfcccdb3e3c539b,0.29585856685533185,1.4322129568589617,0.0,16.72004045589688
mts87_lfp_grpo,5d3ce016a8a256cf,0.3761950587085853,7.268706285540105,1.0,4.286049294121991
mts87_lfp_grpo,5d83ddd5ec3c5326,0.3786320132457587,8.52545939185434,1.0,1.2631908770314353
mts87_lfp_grpo,5daaf9b25cb558f9,0.3298104550939235,0.0,0.0,0.8395561891877485
mts87_lfp_grpo,5dbd0aba5f315388,0.40205682900392553,0.0,0.0,8.348607400268866
mts87_lfp_grpo,5e7d1f34a80c5e46,0.3895133422759387,0.0,0.0,5.939019924704422
mts87_lfp_grpo,60691b9dd3355992,0.4200355356062718,4.997238589927008,1.0,3.61563749783641
mts87_lfp_grpo,6176348b971f52c5,0.4133846028168169,0.0,0.0,1.911114364306763
mts87_lfp_grpo,624789926abe5dac,0.3825909707528313,0.0,0.0,0.9285637357787195
mts87_lfp_grpo,63dcb963cece5b7d,0.348960854027993,7.445098790455248,0.0,4.230915853580137
mts87_lfp_grpo,65c6face44dc5242,0.2949172434372383,0.0,0.0,5.667526232382253
mts87_lfp_grpo,666ee535a52a5acc,0.41301501647372857,0.0,0.0,0.7909456725717604
mts87_lfp_grpo,66c135a6ec7f53c4,0.4869379742207488,0.0,0.0,3.7674577080493643
mts87_lfp_grpo,67b08ea8fc9956b0,0.24031488053112077,0.0,0.0,9.65275683061391
mts87_lfp_grpo,685c110d6a615ff8,0.5136131110408936,0.0,0.0,1.4086308810128993
mts87_lfp_grpo,6864977b221059e4,0.4391992784423874,10.770794501384515,0.0,21.318527010432543
mts87_lfp_grpo,68e39232887c5e4a,1.8967608088904284,7.344077976268238,0.75,0.8427600234832446
mts87_lfp_grpo,69560676d53a56c9,1.1340536809560784,8.969719903560133,0.0,1.053001888925891
mts87_lfp_grpo,6b5978b04dc85323,0.3815604691240023,2.257288778839012,0.0,2.0980055967084508
mts87_lfp_grpo,6b7469c8e2195492,0.5402148767648658,7.119008808794675,0.5,1.0138130364610598
mts87_lfp_grpo,6dfe97d2aff95bf6,0.4625801411142791,3.3174811947891243,1.0,4.3248981412251375
mts87_lfp_grpo,6e5e2d80ec915e15,0.5815126506055815,5.708876558066322,1.0,2.6076056006499173
mts87_lfp_grpo,6f95e882286e5388,0.4153664576189855,3.625360126466191,1.0,9.10000433967588
mts87_lfp_grpo,70248e0bb43a503b,2.4004110964970824,0.0,0.0,0.5801996032014897
mts87_lfp_grpo,704c2533b66353b5,0.3749278618690286,3.6782998832124747,1.0,7.953153171028643
mts87_lfp_grpo,70d9d2c73e4155d4,0.44434794449065546,5.254625969939468,1.0,3.3471142983978406
mts87_lfp_grpo,70fb14aa330a5e1a,0.4459519288497549,0.0,0.0,1.4611272169341791
mts87_lfp_grpo,711cc9425e2f5aff,0.2648202295425577,0.0,0.0,12.193483397854777
mts87_lfp_grpo,73b4b5fcc5e55858,0.3921538726995344,0.0,0.0,4.109057059367886
mts87_lfp_grpo,742b1d2c6cf156c6,0.2834934823465573,13.1407507070453,0.0,8.238377253786163
mts87_lfp_grpo,75341958391d5aba,0.4562537871189129,0.0,0.0,4.429649139529845
mts87_lfp_grpo,759e9e451eba5b47,0.43632889340648706,3.049133411640227,0.5,6.086770105043878
mts87_lfp_grpo,75b56424b7eb5ac6,0.4489240324467831,0.0,0.0,3.6553528130333395
mts87_lfp_grpo,7640be138ae05408,0.33895412994724977,0.0,0.0,0.9177839677455003
mts87_lfp_grpo,770e1697a0255dc8,0.3752816219409881,6.58541763096062,0.0,4.642351697510978
mts87_lfp_grpo,772bea477f415d7e,0.44764053245462354,0.0,0.0,3.5748940669128184
mts87_lfp_grpo,77d96cb44005501c,0.38342695543248556,1.708304840490257,1.0,9.559845732886524
mts87_lfp_grpo,7ae1fa9094f355c5,0.3995320084288537,0.0,0.0,4.2382127593933765
mts87_lfp_grpo,7af6867add5b5f2c,0.3778011629604493,8.90565008956068,0.0,8.723394350130237
mts87_lfp_grpo,7b20cfb388a15b3d,0.3390248580590854,5.130757388300552,0.0,5.991101938939842
mts87_lfp_grpo,7b840b044a6a5e8d,4.678212746986927,8.789338511886257,0.0,0.21728044852940573
mts87_lfp_grpo,7da1df98fb8e5af0,0.40700364629989927,0.0,0.0,4.088549931712402
mts87_lfp_grpo,7e6335968cbb5318,0.5512078563837712,7.268452845952737,0.0,4.85351591816891
mts87_lfp_grpo,7eb9b36921b25d5b,0.39186210030252255,4.5112384660478,0.75,1.3919429100925325
mts87_lfp_grpo,7f15d26426a65449,0.8146164161594515,6.533911806890259,0.0,1.7683926025422714
mts87_lfp_grpo,7fe310f364355e2d,0.7525959348834772,3.2802745912293005,1.0,2.42615885467886
mts87_lfp_grpo,7fe6e7ce9cb7559d,0.4228185105857015,0.0,0.0,9.86424656401211
mts87_lfp_grpo,802c127f63f955ed,4.312343464573263,13.794210271936336,0.25,0.5218317134917877
mts87_lfp_grpo,80d5ce364722516b,0.3044777798898413,0.0,0.0,8.70716067871718
mts87_lfp_grpo,80dfd05ab759518f,0.30079081514855,-36.03913424932031,-0.75,9.184493041655536
mts87_lfp_grpo,8419b5d5eab75027,4.18809916635677,5.7392993911822145,0.5,0.7486984846372556
mts87_lfp_grpo,846947c0d14c5705,0.2793376411399968,3.7467408984939965,1.0,0.7314303186480668
mts87_lfp_grpo,8635030755615376,0.3643051545160476,3.150023710011098,0.0,3.6337049354162296
mts87_lfp_grpo,86a8eb25b4045aba,0.45785058406394014,3.184807652979657,0.0,3.68044203690634
mts87_lfp_grpo,86c52dfec8425716,5.5287277338884975,11.283517220641926,0.25,0.21458344476230976
mts87_lfp_grpo,8783e69e8b9d5d5c,0.39082996462369685,8.220331786757754,0.0,6.342119975387969
mts87_lfp_grpo,886df3cce3a95a83,3.858062387285241,9.963121063258,0.0,0.4753047537626661
mts87_lfp_grpo,89c4479f74c05538,0.44658344322110366,0.0,0.0,0.9205357457288215
mts87_lfp_grpo,8a022198e6885aed,1.4558086886372301,0.0,0.0,0.6343209361239673
mts87_lfp_grpo,8ae2f982585058f2,0.32331358102606766,-6.13563365634684,1.0,11.094529930147944
mts87_lfp_grpo,8b0773eaa2375bbf,0.369996430844221,5.554752023695954,0.0,6.529691875336166
mts87_lfp_grpo,8c1a989cd94c5c12,0.499756389312448,0.0,0.0,8.430417441256916
mts87_lfp_grpo,8caca31e4dc357be,0.41781129333471834,7.266211034446982,1.0,6.692727876009849
mts87_lfp_grpo,8d76cc7ca097546b,0.36311276562779304,0.0,0.0,6.0760086158505535
mts87_lfp_grpo,8f24138692dc51a0,0.5802766541818832,10.35042534173256,0.0,2.7277680452900683
mts87_lfp_grpo,8fc454e70d1554b7,0.33318752438479393,0.0,0.0,13.157805262119561
mts87_lfp_grpo,8fe647ed2b7a5aee,0.3425405989207788,0.6938618382121575,0.0,3.8768130855019534
mts87_lfp_grpo,90c4cd28f0e55d46,0.25393010768131363,18.229166666666657,0.0,2.415591008692559
mts87_lfp_grpo,90cee81074335c3c,0.3235366612510727,5.582698821773661,0.0,12.24033476956947
mts87_lfp_grpo,91e6cce9eb7d5765,0.36121213498850924,5.29371925167726,1.0,6.137177349095127
mts87_lfp_grpo,9263d47ef82d5a88,0.5415120290587077,10.396955904285207,1.0,3.3469183235378
mts87_lfp_grpo,928010107cd35cdd,2.267117327381736,14.334411337778846,0.25,1.5083365662586607
mts87_lfp_grpo,93aa103155cd5295,0.3937742256530276,0.0,0.0,2.443870190933528
mts87_lfp_grpo,94e9664fcf2d5f9e,0.3410786350016419,0.0,0.0,11.120889956210387
mts87_lfp_grpo,9566c9689988532d,0.7359822871605943,0.0,0.0,4.46738061409244
mts87_lfp_grpo,969763763ce754a4,0.2943615547530985,0.0,0.0,1.6845176452881523
mts87_lfp_grpo,972eb434cfd159e8,0.8188380210376359,11.515077680269613,1.0,1.3319832070009054
mts87_lfp_grpo,97f64f5b130055b0,5.683780824680257,0.0900791326722441,0.0,0.6104636390271861
mts87_lfp_grpo,984be293f9195416,0.3219821429079808,0.0,0.0,7.965109939153487
mts87_lfp_grpo,9a83782a2cf85611,0.39829307079490633,2.619893818959767,1.0,6.952010704552755
mts87_lfp_grpo,9ac1e7123b245486,0.40665907559298026,1.2573428358759742,0.0,3.6805335636334156
mts87_lfp_grpo,9c83725ca24453f5,0.4165719610767372,0.0,0.0,5.607248450656704
mts87_lfp_grpo,9cac2a2e22c25964,0.5219971784890052,5.839005817861164,1.0,1.1317808132866265
mts87_lfp_grpo,9d67b6d20a0256c3,0.4478650903038829,-7.790667013356469,0.0,9.9535374398541
mts87_lfp_grpo,9dedf462b1c0528f,0.4142696798767648,3.1093821765245764,1.0,8.78705686466357
mts87_lfp_grpo,9e454d3b139c5a3d,0.3501177763610014,0.15874364663500273,0.0,8.348032324558039
mts87_lfp_grpo,9e66bc21c0d4507d,0.4025574105458522,0.0,0.0,1.8149638869081695
mts87_lfp_grpo,9ed0f61a7d9551dd,0.4040917436181368,2.1957998642924537,1.0,12.741075209271568
mts87_lfp_grpo,9f4e94fa77b555dd,0.7159064331272855,0.0,0.0,2.9997510870244524
mts87_lfp_grpo,a02463c8a92d56ce,0.28698689435270164,0.0,0.0,7.298294132908539
mts87_lfp_grpo,a124b877d2b35519,0.2941214067812176,0.0,0.0,6.7594246372259335
mts87_lfp_grpo,a2c048ba29a85ad0,2.7816718393919158,14.280674610240396,0.5,0.4645107799409035
mts87_lfp_grpo,a3d8003852145a71,0.3032975211400749,1.249496720861373,0.0,12.646730702444748
mts87_lfp_grpo,a3e94bd829b75673,0.23943246313372285,4.195404187912288,0.0,10.152397542861483
mts87_lfp_grpo,a3fa79234a9d5d7d,0.3228760376075605,40.625,0.0,1.6348136330316017
mts87_lfp_grpo,a460f60f07f05098,0.30453237104685527,0.0,0.0,5.2768517209807575
mts87_lfp_grpo,a488a24ace4e5a0e,0.33114237236175337,0.0,0.0,7.119125049706904
mts87_lfp_grpo,a4cf3a412034565a,0.45838754967787865,0.0,0.0,6.899938917467203
mts87_lfp_grpo,a507cbf8c4055960,0.4033375296511059,5.291245301503125,0.0,4.021556504967845
mts87_lfp_grpo,a566b5f3bd0c5522,0.42420789253400737,5.495615903602186,1.0,5.277180220442447
mts87_lfp_grpo,a73551f67ae95c4d,0.538816643445888,13.595229709733843,0.75,4.639644958921713
mts87_lfp_grpo,a880ac22dd045d21,0.4140266886878884,3.912760925575185,0.0,10.964638789681112
mts87_lfp_grpo,a8c9f51e547a5fed,0.47898824967202436,16.31464372377863,1.0,3.9687463022455023
mts87_lfp_grpo,a9134306f1575f88,0.5014620218916701,0.0,0.0,8.05654789310348
mts87_lfp_grpo,ab000bda9ccf5150,0.26800320626445406,0.0,0.0,4.9832249251398135
mts87_lfp_grpo,ab7c0c62ea5d56df,0.34820970764229386,0.0,0.0,6.283325800615792
mts87_lfp_grpo,ac2dfd95a1e55c5e,0.36897649108586617,4.148539190850116,1.0,3.920376521808179
mts87_lfp_grpo,acb286057ba859da,0.38616672797643464,0.0,0.0,11.30181559705517
mts87_lfp_grpo,aceba8d21dfe5d03,0.3201031390558058,2.4664331018613836,0.0,9.358538827786916
mts87_lfp_grpo,af62d866653053f6,0.3480898387058162,6.317381905661165,1.0,3.3372974951473955
mts87_lfp_grpo,afe0ef0cd35b57f7,0.33365024049568565,8.752966417206608,1.0,7.022089787919292
mts87_lfp_grpo,b003c9652cb05ffd,0.3093350268082652,0.0,0.0,5.338833019763407
mts87_lfp_grpo,b222df74b8155735,0.40575164215556286,3.614180562855168,0.0,8.027249670536149
mts87_lfp_grpo,b23ede9a183b5b71,0.34990733821882447,7.789620465955238,0.0,10.727974247555869
mts87_lfp_grpo,b25e5caac7645be6,0.8064102981519096,6.869000327977417,0.5,2.649002304786531
mts87_lfp_grpo,b3a6f577c20d5eb3,0.3872744809854468,1.1624367840318826,0.0,7.090801557428052
mts87_lfp_grpo,b4206de96b755fb8,0.3470194596030065,0.0,0.0,9.321647856138691
mts87_lfp_grpo,b46befc3e5a756ec,0.5519268524934355,9.52496995011461,1.0,3.889645267658887
mts87_lfp_grpo,b4929fe228725c94,0.3861800685643813,7.891170307539312,0.0,7.7505231243672705
mts87_lfp_grpo,b63b325909a058c9,0.3604957870061717,1.6260713764201569,0.0,5.062287460569126
mts87_lfp_grpo,b790a763e1ee538e,0.6457250357164481,3.44333598108868,1.0,2.154999538006664
mts87_lfp_grpo,b7d4e7ebc5c75968,0.41989490829565096,9.665676276671434,1.0,4.210666246481483
mts87_lfp_grpo,b940d77be0d45ec9,0.23783133207338072,2.7503992925849303,1.0,6.811289438435106
mts87_lfp_grpo,b9e0dc94c7725924,0.4097207469951309,0.5256930488626921,0.0,8.398500427183105
mts87_lfp_grpo,bc5eb52653bc5031,1.5678984834763707,5.166266086937782,0.0,1.3062071133261834
mts87_lfp_grpo,bdfa1f8523c25328,5.309035786701718,4.346213492553829,0.0,0.3595844838472311
mts87_lfp_grpo,bed1f99d06215f1b,0.3633212177959099,7.2426970452432045,0.0,6.2803339851702
mts87_lfp_grpo,c0b07b38110a556f,0.4431423719645308,0.0,0.0,1.0477935702278791
mts87_lfp_grpo,c37c94fa634f5265,0.5041678310876664,7.956887839151605,0.0,4.473909747402079
mts87_lfp_grpo,c3cb403773505798,0.4920228160894653,1.6793945121629008,0.0,7.869244340768541
mts87_lfp_grpo,c402a7eb498a5736,0.5697982531349041,3.199135149036792,0.0,4.241926990761684
mts87_lfp_grpo,c565fc593f9e5fad,0.3085086394103316,0.0,0.0,4.00190140025252
mts87_lfp_grpo,c5f7460ee0da513a,0.41530367044645417,4.906967832534036,1.0,5.210488487928941
mts87_lfp_grpo,c75edb67a65b5a33,0.339685877288719,2.0753310046615354,1.0,6.87015220024314
mts87_lfp_grpo,c82e95254649534e,0.40219815292346184,0.0,0.0,7.088450713267296
mts87_lfp_grpo,c84f1984d6e459d4,3.7860418794135247,2.585135652646102,0.0,0.6907898504160938
mts87_lfp_grpo,c97d721af0475e45,0.8933033817893908,7.841521592320788,1.0,4.086653553246736
mts87_lfp_grpo,cc94486698ff58d1,0.39472675945644026,8.259833472520796,1.0,6.653019020565899
mts87_lfp_grpo,cd07f4279fa35240,0.6965154840274711,10.659825696686227,0.0,10.80473933920791
mts87_lfp_grpo,cd3f3ec4f0dc515f,0.9193602344610906,0.0,0.0,1.9042208548522905
mts87_lfp_grpo,cde84b97e6505437,0.9978010456606851,6.841861673482711,0.0,2.657031980492476
mts87_lfp_grpo,cf26456f21fc55cc,0.30455583657812607,0.0,0.0,1.2241580758312696
mts87_lfp_grpo,cf430322beb852ca,0.3513259852243664,2.85633505289897,0.0,5.285957251361844
mts87_lfp_grpo,d193c14478495b74,0.45860930490680707,5.006729498512442,1.0,3.634197575579371
mts87_lfp_grpo,d341827e6b485782,0.2874177410944089,0.0,0.0,1.8848874440042327
mts87_lfp_grpo,d45a215505f05382,0.4997286419419145,6.656583775068526,0.0,4.572125274476882
mts87_lfp_grpo,d5e7dc43eb5c57cd,0.3041525842673784,0.0,0.0,1.763719411209044
mts87_lfp_grpo,d68f1142da63586f,0.33926932407872123,6.172655720919991,0.0,10.611033945562921
mts87_lfp_grpo,d6f1d7ade74c5d53,0.39139268370419156,0.0,0.0,8.177677118001307
mts87_lfp_grpo,d76b0458667c59a2,0.4742850213766147,0.0,0.0,0.5954595237299088
mts87_lfp_grpo,d92fd7e6c01d503b,0.34811504455061426,0.0,0.0,4.40980921974325
mts87_lfp_grpo,da088bb9d4fb5d0e,0.5696391094802078,5.794015366646448,1.0,5.025367931233076
mts87_lfp_grpo,da8c9449da6854ed,0.3451096347098393,3.755669086116086,0.0,6.830609416181158
mts87_lfp_grpo,dabc9a6d5e755758,0.3786228309467765,13.21632851392647,1.0,4.0671923042414315
mts87_lfp_grpo,dc28a01b78d45b17,0.28971050010446625,4.648112468708916,1.0,7.205655237264232
mts87_lfp_grpo,dc76a771066b5553,0.4227369376221804,6.953955296130772,1.0,3.700802442075414
mts87_lfp_grpo,dc89cd046c135fae,0.4852894658053301,6.932362970228112,1.0,2.9922680152757595
mts87_lfp_grpo,dcb23119258e58ec,0.3358468010185165,7.708562934044679,1.0,6.811510550197848
mts87_lfp_grpo,ddbfb3b2a05c5918,0.47910861994508575,0.0,0.0,4.135483260130573
mts87_lfp_grpo,de37d906807d5da4,0.4047990932596347,0.0,0.0,1.9800216428246629
mts87_lfp_grpo,de8c2538d4305d9d,10.540689276885287,17.085311463248516,0.5,0.21971162963775379
mts87_lfp_grpo,de94e95519d85f21,0.39256223381460204,7.190205536543644,1.0,0.887070383982739
mts87_lfp_grpo,df51d2fef8c25f56,0.2991839383863314,0.0,0.0,8.141226983564415
mts87_lfp_grpo,e0c845f2d87555b3,0.3001552999336529,0.0,0.0,4.915183992138846
mts87_lfp_grpo,e15983da12955abf,0.37224429978007223,8.048728794057823,0.0,5.142853926362101
mts87_lfp_grpo,e1b0455379fd5adf,0.49070598058023945,0.0,0.0,6.696502266828039
mts87_lfp_grpo,e34f51206f0e53db,0.5993642786346475,6.417954899234331,1.0,8.580808662825202
mts87_lfp_grpo,e47d448a999b5595,0.43780569223281474,6.952112667285206,1.0,3.6015406706836943
mts87_lfp_grpo,e47dc9b07dd857a3,4.006504186751115,0.7375213611497315,0.0,0.3701044152025649
mts87_lfp_grpo,e4bc6fc5aeb15a9b,0.4251283441760731,5.351579255488019,1.0,6.4357858317429955
mts87_lfp_grpo,e4fda5ede9c657f1,3.6474387563992794,6.478937806711571,0.25,0.5332315979702023
mts87_lfp_grpo,e671280656f55009,0.32396689395596073,6.716175252398585,1.0,6.453181545247236
mts87_lfp_grpo,e91a2d26f30e5b34,0.33868660828065456,1.8846277384445784,0.0,4.078708713113029
mts87_lfp_grpo,e9cd4fda706e5516,0.37399828078920944,0.0,0.0,5.657510665235363
mts87_lfp_grpo,ec646e4956125fcf,0.3293678894766022,4.8266173956360205,1.0,7.681550345190397
mts87_lfp_grpo,ed47cee1c67e5d43,0.33854784321598824,2.50715308636498,1.0,8.144641067845926
mts87_lfp_grpo,ee05069c50295595,0.547948064346742,0.0,0.0,1.9391684794740125
mts87_lfp_grpo,ee81b62009285462,0.42891863228591764,0.0,0.0,6.380943826462405
mts87_lfp_grpo,ef4f3026ae1b56a3,0.39843425657224446,9.967297078977126,1.0,6.267333633431344
mts87_lfp_grpo,f0d107fb359953ff,0.33170199007305146,11.38377141875597,1.0,5.9656411067660855
mts87_lfp_grpo,f11aede9f6665b09,3.0235707492420607,8.508214274086868,0.0,0.7962937544466766
mts87_lfp_grpo,f36236f06fb556a0,4.18139723936334,9.946402702910547,0.75,0.39430638773079985
mts87_lfp_grpo,f40040c002375188,0.5218932319537185,1.8093514722988857,0.0,5.6711774095214045
mts87_lfp_grpo,f426002d6e275e78,0.3800203024101403,0.0,0.0,1.5915817930092861
mts87_lfp_grpo,f4ab14a89bb7500e,0.38330702681971096,4.860410751121805,1.0,7.873833748084621
mts87_lfp_grpo,f6741cbf60265367,0.37989921201451937,7.323212191061586,1.0,2.2823159170487797
mts87_lfp_grpo,f6a1a2760a7b57a4,0.39003736364041985,3.9109901690466415,0.0,4.9165143384378815
mts87_lfp_grpo,f86b2f13b23d5470,0.586077147398641,5.502924517431325,1.0,4.936203397999421
mts87_lfp_grpo,fa00af6ecc8a5cb4,0.3410714231698462,2.8426247821508497,1.0,8.24593833829408
mts87_lfp_grpo,fad3b25206405469,0.4526385708368636,5.151191025674208,0.0,6.6380147100955575
mts87_lfp_grpo,fad9e78a17825042,0.3771087127557043,8.470348394915135,0.0,5.5706553444254405
mts87_lfp_grpo,fbec1eb4b33955e2,0.5017983311905467,4.8283749382217565,0.0,4.084239739464563
mts87_lfp_grpo,fddb21da30bb54c2,0.27442295477019785,0.0,0.0,1.0121159523761682
mts87_lfp_grpo,fe5811497ace53af,0.3347171959529972,4.584391546315246,0.0,9.545827340603784
mts87_lfp_grpo,feae0b42dda25c87,0.34388864828387133,0.0,0.0,1.566254712047677
mts87_lfp_grpo,fefa00cc3fe65b70,0.695709758963509,4.681958748966679,1.0,2.1611532881090025
mts87_lfp_grpo,ffb15604a2a25cb8,0.33075859086515386,0.0,0.0,0.824428787864934
official_il_grpo,007505437ed45b53,1.0,1.7962195136031056,1.0,1.3536957207544367
official_il_grpo,01034b2411ce5ea0,1.0,6.606944748050978,1.0,1.7368840774275234
official_il_grpo,023664205ae95402,1.0,0.501442567436527,0.0,1.0367296632193397
official_il_grpo,03925cda82c35516,1.0,3.9773553396178443,0.75,1.127511479057887
official_il_grpo,0481ff72500154f2,1.0,0.0,0.0,1.0034629176391525
official_il_grpo,05f01335f6e15d86,1.0,-2.6381594590253883,-1.0,1.2025215478350215
official_il_grpo,064bbfac76a95dae,1.0,0.0,0.0,1.072404427706664
official_il_grpo,06f781885ea25f20,1.0,2.192203727714059,1.0,1.2618030597374723
official_il_grpo,073c4d0738b45047,1.0,1.8725919908460327,1.0,1.191838244271829
official_il_grpo,0827c1c05e0e5596,1.0,37.76041666666666,0.25,1.075813830601655
official_il_grpo,089107cd2d6354e0,1.0,0.0,0.0,1.2260405495691078
official_il_grpo,09961e24208b5972,1.0,0.0,0.0,1.2362720564345688
official_il_grpo,0a76d212e8fe5898,1.0,9.289463116518704,0.0,1.053494118471239
official_il_grpo,0a87bb919dbb58b6,1.0,0.4226006931438917,0.25,1.2045775503940082
official_il_grpo,0b2061c2aced52de,1.0,0.9725537594886475,1.0,1.218081307244436
official_il_grpo,0d38caf0c7c650e8,1.0,2.440638195001867,0.0,1.0392414254173883
official_il_grpo,0ee58e583be85ffb,1.0,-0.1470006961590684,0.0,1.255764523568616
official_il_grpo,1035d1c56f0f5ba9,1.0,1.0079320269507264,1.0,1.0797019827955117
official_il_grpo,114a9052bd6851a2,1.0,3.9527436837750827,0.0,1.2822116882074825
official_il_grpo,116f3217b5875595,1.0,0.0,0.0,1.1092119206977467
official_il_grpo,117be7ce4bae59d9,1.0,0.8863053815209554,1.0,1.1648133002089816
official_il_grpo,12115c5ca1215fb7,1.0,1.8789558979205339,1.0,1.2704051825836336
official_il_grpo,1295232b65bf5f8d,1.0,1.6452127975579742,1.0,1.3964813786842083
official_il_grpo,1361ba1955125852,1.0,3.064491651412638,1.0,1.2448362206972474
official_il_grpo,1381f484e75c565a,1.0,0.17911630023976954,0.0,1.128807031153747
official_il_grpo,14096d0f331a594a,1.0,0.0,0.0,1.0850292530318817
official_il_grpo,14b505fe90ef5fb8,1.0,0.0,0.0,1.4586102685838624
official_il_grpo,14d0749e1fc85004,1.0,7.109766506589594,0.0,1.0972884291122051
official_il_grpo,1514fa6cda205491,1.0,0.0,0.0,1.2322020112565955
official_il_grpo,1526e5b224665c7e,1.0,2.4095098704542295,1.0,1.0702422553792312
official_il_grpo,161154cbf4245a3d,1.0,-2.608828835926488,-1.0,1.1689077617943082
official_il_grpo,16a705e621675626,1.0,-1.7196011027884737,-0.75,1.0599386601395127
official_il_grpo,1734440b807a58ef,1.0,1.051899373130567,1.0,1.2452895907449788
official_il_grpo,190b153cfd3b5302,1.0,-1.1375121251600575,-1.0,1.0994401825686697
official_il_grpo,1b064a029c0e513a,1.0,1.7656790928476909,1.0,1.142631952827967
official_il_grpo,1bf169a6aaf65858,1.0,0.0,0.0,1.2137090839686617
official_il_grpo,1ce58516c7675036,1.0,0.0,0.0,1.1281230889882798
official_il_grpo,1d0a4f1f6cbd5e38,1.0,0.0,0.0,1.1516055759368005
official_il_grpo,1dbae60fb78c532a,1.0,17.0298650887715,0.0,1.1795027405429226
official_il_grpo,1dda1a63c5735182,1.0,0.007024799809755677,0.0,1.1141206313527559
official_il_grpo,1f22c13b337250e8,1.0,0.0,0.0,1.7956352851925348
official_il_grpo,1fe597d0fb1454dc,1.0,15.501158674969844,1.0,1.2961658023052005
official_il_grpo,228bc7a51ce85114,1.0,-3.1219982708858396,-0.75,1.133038779984398
official_il_grpo,2314cd5f97c5596c,1.0,1.757472935237331,1.0,1.2778940696674157
official_il_grpo,23724912b8f153f0,1.0,-0.025405900115302416,0.0,1.2734511959741153
official_il_grpo,24d4a97bf17f5883,1.0,0.0,0.0,1.6974981784164065
official_il_grpo,2639525675535145,1.0,0.22102131512983192,0.0,1.0470877549363307
official_il_grpo,28c5133d23575e81,1.0,0.23928021311891712,0.0,1.1543754901792553
official_il_grpo,293fd2580df350a8,1.0,0.0,0.0,1.2669715132646053
official_il_grpo,29c1d95389d45573,1.0,-11.007451528121052,-1.0,1.1195490706402338
official_il_grpo,2a2403c9b08b53ac,1.0,-0.19566502513785622,0.0,1.0567326154783077
official_il_grpo,2ab1b3941f7153cb,1.0,0.9666059929998028,0.5,1.1636868450493871
official_il_grpo,2ae0a44cc4de5c4a,1.0,0.0,0.0,1.1550508208425052
official_il_grpo,2c76b8e2d1d85701,1.0,88.82345910687788,0.5,1.1693099166788377
official_il_grpo,2ce54722e81a5726,1.0,0.0,0.0,1.146464525594968
official_il_grpo,30e1141fbb1e5009,1.0,2.273223651080073,0.5,1.1934138829108485
official_il_grpo,3138ce4847ee5007,1.0,1.7213111549253028,1.0,1.2775266013249187
official_il_grpo,331e21d3c8d65bae,1.0,3.4511424831867856,-1.0,1.0680806250258097
official_il_grpo,3382fe7a030150df,1.0,-3.1417809921478863,-1.0,1.043193864495382
official_il_grpo,3387bab95d41528a,1.0,0.07177655663574001,0.0,1.191663360193166
official_il_grpo,3623f8728153513d,1.0,1.8574482607582894,1.0,1.2249178640947829
official_il_grpo,36c5c837df3259f8,1.0,1.48994356248555,1.0,1.218498807153029
official_il_grpo,36f37eab352d5150,1.0,0.0,0.0,1.3978014243756667
official_il_grpo,377d9bb5bb125691,1.0,-1.8493294142141252,-0.5,1.1794450966632934
official_il_grpo,3783e56bc9ef5e85,1.0,10.972508074580219,0.0,1.121323099345501
official_il_grpo,392e034cb2a55053,1.0,0.0,0.0,1.171836104098877
official_il_grpo,39fd3f2e5f005306,1.0,0.0,0.0,1.501922718132301
official_il_grpo,3c30c0c940045ac2,1.0,8.218566117809573,0.0,1.3309225156361248
official_il_grpo,3c84060e9d245ad7,1.0,4.013675976478055,0.25,1.2794115896922493
official_il_grpo,3d2dded3370e5d2f,1.0,35.00472057420812,1.0,1.300197569900446
official_il_grpo,3d44a52acf525ec7,1.0,0.0,0.0,1.1254869509461223
official_il_grpo,4094b79867cd5f7b,1.0,2.8305020329437554,1.0,1.2178971967173953
official_il_grpo,40b18724a90f5919,1.0,0.0,0.0,1.0089797141568113
official_il_grpo,4124b6e12f8b5f0d,1.0,2.1119309146666154,1.0,1.0899786633092914
official_il_grpo,42e6895442ab5601,1.0,0.0,0.0,1.282106898927803
official_il_grpo,432cf993a4685755,1.0,4.079781631782453,0.0,1.1431430498078394
official_il_grpo,4393df900c6557cb,1.0,0.0,0.0,1.0014494760841424
official_il_grpo,43df192ed9125ff3,1.0,0.0,0.0,1.5793993144808203
official_il_grpo,440da7a31b255ef9,1.0,2.1427132419156294,0.0,1.1917045214926025
official_il_grpo,449f34ad438e59d2,1.0,0.0,0.0,1.1344742169297062
official_il_grpo,451631b82dd757e4,1.0,0.0,0.0,1.2017190290264177
official_il_grpo,45cace6f6d275159,1.0,0.9194285501306467,1.0,1.175667180085494
official_il_grpo,468894d189a75353,1.0,0.0,0.0,1.1253660737275129
official_il_grpo,480434fc72d455af,1.0,6.421602632393231,0.0,1.3691239230855783
official_il_grpo,481b84c931245f5d,1.0,0.12773379115930084,0.0,1.071760986787623
official_il_grpo,48cf36e2f3e15071,1.0,2.45776546017791,0.25,1.1730690488429227
official_il_grpo,4a5834900788560a,1.0,0.719229336128592,0.75,1.2216417448819255
official_il_grpo,4b0df2804f165dda,1.0,11.378992465056669,0.0,1.2602171477757764
official_il_grpo,4cf79f853daa5e18,1.0,0.0156644386461835,0.0,1.165635298721359
official_il_grpo,4df92e2616c75be7,1.0,6.3175780881263535,0.0,1.1186324349160983
official_il_grpo,4f0df6de49515352,1.0,-0.10184649159174342,0.0,1.1038012130344415
official_il_grpo,4fa6a8e71f4a5984,1.0,-0.4968999937698584,0.0,1.1306216758667647
official_il_grpo,502320eeaec55d1f,1.0,1.2343651773714868,0.25,1.2820519489314801
official_il_grpo,505c44ea52485f9d,1.0,-0.20849007182293633,0.0,1.2636283070883485
official_il_grpo,50865b0784fc566d,1.0,0.3574473998982768,0.25,1.3023581785494172
official_il_grpo,52caccf1b3b95e4e,1.0,-0.11882507884755,0.0,1.0684328240859033
official_il_grpo,5370751917315916,1.0,0.0,0.0,1.0873526509683709
official_il_grpo,54d3068f889b58ee,1.0,8.012066865214678,0.25,1.191840922389021
official_il_grpo,55a649760430531d,1.0,1.0107144175979954,1.0,1.121647213785821
official_il_grpo,56df5b5a7f8d5964,1.0,0.45747873416158313,0.5,1.065280547401221
official_il_grpo,59b4fffb7aef599d,1.0,0.0,0.0,1.2714329745324597
official_il_grpo,5b3770f00cb55569,1.0,0.8510489010670597,0.0,1.0592126026352477
official_il_grpo,5b620dbb3b4d5892,1.0,0.5960178924786987,0.75,1.0639453056285537
official_il_grpo,5cfcccdb3e3c539b,1.0,4.099377477937054,0.25,1.103160903399702
official_il_grpo,5d3ce016a8a256cf,1.0,0.5917461755562385,1.0,1.1590250992152755
official_il_grpo,5d83ddd5ec3c5326,1.0,-4.424043363372306,-1.0,1.0430880555780897
official_il_grpo,5daaf9b25cb558f9,1.0,0.0,0.0,1.0291475568461566
official_il_grpo,5dbd0aba5f315388,1.0,0.0,0.0,1.0693650921614672
official_il_grpo,5e7d1f34a80c5e46,1.0,0.0,0.0,1.1422302887173346
official_il_grpo,60691b9dd3355992,1.0,1.3379691790520383,1.0,1.2165571369247647
official_il_grpo,6176348b971f52c5,1.0,0.0,0.0,1.0189545455215494
official_il_grpo,624789926abe5dac,1.0,0.0,0.0,1.0746504591353612
official_il_grpo,63dcb963cece5b7d,1.0,2.9569772966444106,1.0,1.1985744051298985
official_il_grpo,65c6face44dc5242,1.0,0.0,0.0,1.045697384211709
official_il_grpo,666ee535a52a5acc,1.0,0.0,0.0,1.1184421339830095
official_il_grpo,66c135a6ec7f53c4,1.0,0.0,0.0,1.0610364288203347
official_il_grpo,67b08ea8fc9956b0,1.0,0.0,0.0,1.0458718736213435
official_il_grpo,685c110d6a615ff8,1.0,0.0,0.0,1.2387248610924155
official_il_grpo,6864977b221059e4,1.0,14.971729133083059,0.0,1.319873641597334
official_il_grpo,68e39232887c5e4a,1.0,1.1155231224074242,1.0,1.2096532839778478
official_il_grpo,69560676d53a56c9,1.0,5.376663292830074,1.0,1.257714358688118
official_il_grpo,6b5978b04dc85323,1.0,-2.288942843482289,-1.0,1.1046434567726238
official_il_grpo,6b7469c8e2195492,1.0,-3.984754854027031,-1.0,1.0319410077472155
official_il_grpo,6dfe97d2aff95bf6,1.0,-1.3740026732047,-1.0,1.2068257688878674
official_il_grpo,6e5e2d80ec915e15,1.0,1.39284933633256,1.0,1.1230120256826095
official_il_grpo,6f95e882286e5388,1.0,-0.24217905613718926,-0.5,1.021637432551465
official_il_grpo,70248e0bb43a503b,1.0,0.0,0.0,1.277360952727259
official_il_grpo,704c2533b66353b5,1.0,0.5331239207093859,0.5,1.1905713477601574
official_il_grpo,70d9d2c73e4155d4,1.0,2.8825419055141026,1.0,1.3311239633553817
official_il_grpo,70fb14aa330a5e1a,1.0,0.0,0.0,0.9404104177536385
official_il_grpo,711cc9425e2f5aff,1.0,0.0,0.0,1.055414579213127
official_il_grpo,73b4b5fcc5e55858,1.0,0.0,0.0,0.9498279037083429
official_il_grpo,742b1d2c6cf156c6,1.0,10.049323488895354,0.0,1.329967108247628
official_il_grpo,75341958391d5aba,1.0,0.0,0.0,1.2463457399712796
official_il_grpo,759e9e451eba5b47,1.0,2.8611516206263587,0.0,1.0185664700776869
official_il_grpo,75b56424b7eb5ac6,1.0,0.0,0.0,1.1337304216297825
official_il_grpo,7640be138ae05408,1.0,0.0,0.0,1.0486907588103287
official_il_grpo,770e1697a0255dc8,1.0,0.912221329350956,0.0,1.1371985517132932
official_il_grpo,772bea477f415d7e,1.0,0.0,0.0,1.0346701882149902
official_il_grpo,77d96cb44005501c,1.0,-0.8709268775745045,0.0,1.293869271274303
official_il_grpo,7ae1fa9094f355c5,1.0,0.0,0.0,1.0121381671092589
official_il_grpo,7af6867add5b5f2c,1.0,10.728638934369599,0.0,1.3458748944135708
official_il_grpo,7b20cfb388a15b3d,1.0,1.4166386492935459,1.0,1.0840406933122877
official_il_grpo,7b840b044a6a5e8d,1.0,11.12955400260131,0.0,1.3194056639472702
official_il_grpo,7da1df98fb8e5af0,1.0,0.0,0.0,1.0929815006596098
official_il_grpo,7e6335968cbb5318,1.0,3.5627695722193806,0.5,1.2413603910299404
official_il_grpo,7eb9b36921b25d5b,1.0,-4.409380921053227,-1.0,0.9689048294699986
official_il_grpo,7f15d26426a65449,1.0,62.568418679067655,1.0,1.1982302695924347
official_il_grpo,7fe310f364355e2d,1.0,0.6534932005788079,0.5,1.0231983300830794
official_il_grpo,7fe6e7ce9cb7559d,1.0,0.0,0.0,1.1935687675944617
official_il_grpo,802c127f63f955ed,1.0,-0.7991470949112767,-0.25,1.0698595894445608
official_il_grpo,80d5ce364722516b,1.0,-50.511841384411085,0.0,1.2241513531265604
official_il_grpo,80dfd05ab759518f,1.0,2.502840145682754,0.25,1.202553215359941
official_il_grpo,8419b5d5eab75027,1.0,-1.1950015375276593,0.0,1.1590100876221017
official_il_grpo,846947c0d14c5705,1.0,-1.2090644073392554,-1.0,0.7303950643981123
official_il_grpo,8635030755615376,1.0,-5.804640791245973,-1.0,0.9317905288161068
official_il_grpo,86a8eb25b4045aba,1.0,0.646844824230044,0.75,1.210415369063178
official_il_grpo,86c52dfec8425716,1.0,5.786075432140223,0.0,1.1948464338746607
official_il_grpo,8783e69e8b9d5d5c,1.0,-0.5272878369059129,0.0,1.0709887785389434
official_il_grpo,886df3cce3a95a83,1.0,1.1932153030573005,0.25,1.2905660882814793
official_il_grpo,89c4479f74c05538,1.0,0.0,0.0,1.0720844139774377
official_il_grpo,8a022198e6885aed,1.0,10.045958003799015,0.0,1.0994158953908322
official_il_grpo,8ae2f982585058f2,1.0,7.693499560105167,0.25,1.076146046764925
official_il_grpo,8b0773eaa2375bbf,1.0,1.6469569014015093,0.75,1.1097907231126949
official_il_grpo,8c1a989cd94c5c12,1.0,15.625,0.0,1.0511935014586786
official_il_grpo,8caca31e4dc357be,1.0,0.8780618459031473,1.0,1.1420099232853682
official_il_grpo,8d76cc7ca097546b,1.0,0.0,0.0,1.1890804459042668
official_il_grpo,8f24138692dc51a0,1.0,7.738128684834621,0.0,1.2754656690092963
official_il_grpo,8fc454e70d1554b7,1.0,1.2166439039165482,0.0,1.0439852690789804
official_il_grpo,8fe647ed2b7a5aee,1.0,0.17985296551137253,0.0,1.2452961611297189
official_il_grpo,90c4cd28f0e55d46,1.0,9.114583333333343,0.0,1.1863387868753867
official_il_grpo,90cee81074335c3c,1.0,5.771526107036593,0.0,1.0574693175653518
official_il_grpo,91e6cce9eb7d5765,1.0,3.0830481933232363,0.25,1.1866921877603296
official_il_grpo,9263d47ef82d5a88,1.0,1.527590254800316,1.0,1.2173829351690837
official_il_grpo,928010107cd35cdd,1.0,11.881199064906411,0.0,1.225449049160891
official_il_grpo,93aa103155cd5295,1.0,0.0,0.0,1.095449587241919
official_il_grpo,94e9664fcf2d5f9e,1.0,0.0,0.0,1.1325011263637141
official_il_grpo,9566c9689988532d,1.0,8.402042155608726,0.0,1.1247647317684994
official_il_grpo,969763763ce754a4,1.0,0.0,0.0,1.1350182912596312
official_il_grpo,972eb434cfd159e8,1.0,0.704640872196137,0.0,1.2916312942916053
official_il_grpo,97f64f5b130055b0,1.0,10.54982110688158,0.0,1.316122863058994
official_il_grpo,984be293f9195416,1.0,0.0,0.0,1.1431918229995748
official_il_grpo,9a83782a2cf85611,1.0,2.6962319518412983,0.75,1.066607612334751
official_il_grpo,9ac1e7123b245486,1.0,0.5969258341782364,0.0,1.1729212400494993
official_il_grpo,9c83725ca24453f5,1.0,0.0,0.0,1.3591714074352466
official_il_grpo,9cac2a2e22c25964,1.0,-6.7423475018565,-1.0,1.103047283490812
official_il_grpo,9d67b6d20a0256c3,1.0,10.416666666666671,0.0,1.2324283310938966
official_il_grpo,9dedf462b1c0528f,1.0,0.7827612926297434,1.0,1.1954577494550305
official_il_grpo,9e454d3b139c5a3d,1.0,0.0,0.0,1.2316234994187607
official_il_grpo,9e66bc21c0d4507d,1.0,0.0,0.0,1.0818472364770424
official_il_grpo,9ed0f61a7d9551dd,1.0,-0.6470983446473753,0.0,1.3055324494792808
official_il_grpo,9f4e94fa77b555dd,1.0,0.0,0.0,1.041727010330622
official_il_grpo,a02463c8a92d56ce,1.0,0.0,0.0,1.082579424997112
official_il_grpo,a124b877d2b35519,1.0,0.0,0.0,1.0721931108874414
official_il_grpo,a2c048ba29a85ad0,1.0,9.77740872616539,0.0,1.1400675469033057
official_il_grpo,a3d8003852145a71,1.0,0.003860881353304535,0.0,1.1475304459183384
official_il_grpo,a3e94bd829b75673,1.0,-4.586076289742792,-1.0,1.2389635755179886
official_il_grpo,a3fa79234a9d5d7d,1.0,6.25,0.0,1.183792320685663
official_il_grpo,a460f60f07f05098,1.0,0.0,0.0,1.1423597929012081
official_il_grpo,a488a24ace4e5a0e,1.0,0.0,0.0,1.0369719316295283
official_il_grpo,a4cf3a412034565a,1.0,-0.37958134797140985,-0.25,1.0326034247690983
official_il_grpo,a507cbf8c4055960,1.0,1.9378479360370875,0.0,1.124480199613755
official_il_grpo,a566b5f3bd0c5522,1.0,-0.31341240751117994,0.0,1.196760442872136
official_il_grpo,a73551f67ae95c4d,1.0,8.671773433229731,0.0,1.3519718435171688
official_il_grpo,a880ac22dd045d21,1.0,4.9322279903578305,0.25,1.06997279505667
official_il_grpo,a8c9f51e547a5fed,1.0,5.8966031906702625,1.0,1.396549748664487
official_il_grpo,a9134306f1575f88,1.0,0.0,0.0,1.2226499079265585
official_il_grpo,ab000bda9ccf5150,1.0,0.0,0.0,0.921094238964302
official_il_grpo,ab7c0c62ea5d56df,1.0,0.0,0.0,1.2051868825090024
official_il_grpo,ac2dfd95a1e55c5e,1.0,-1.3362883239314982,0.0,1.1212697310504525
official_il_grpo,acb286057ba859da,1.0,0.0,0.0,1.1317572636659758
official_il_grpo,aceba8d21dfe5d03,1.0,7.415685894477974,0.0,1.0199302305550093
official_il_grpo,af62d866653053f6,1.0,0.626984143346192,0.75,1.157039845692325
official_il_grpo,afe0ef0cd35b57f7,1.0,2.3748728161299084,1.0,1.070097400123796
official_il_grpo,b003c9652cb05ffd,1.0,0.0,0.0,1.1180857684494094
official_il_grpo,b222df74b8155735,1.0,-0.23485559374064735,0.0,1.0504129237809379
official_il_grpo,b23ede9a183b5b71,1.0,0.2720455101660946,0.0,1.1855722869116743
official_il_grpo,b25e5caac7645be6,1.0,-4.001571099785892,-0.75,1.0282157132699052
official_il_grpo,b3a6f577c20d5eb3,1.0,0.002133438949925903,0.0,1.147838108837303
official_il_grpo,b4206de96b755fb8,1.0,0.2741104633893201,0.0,1.1594925906278433
official_il_grpo,b46befc3e5a756ec,1.0,-0.3805917294019139,-1.0,1.2292460708554893
official_il_grpo,b4929fe228725c94,1.0,9.332186969623152,0.0,1.1551294471471345
official_il_grpo,b63b325909a058c9,1.0,0.295814437822429,0.0,1.1811237901542906
official_il_grpo,b790a763e1ee538e,1.0,2.5781955628197863,1.0,1.0648540598615799
official_il_grpo,b7d4e7ebc5c75968,1.0,1.4923816580131444,1.0,1.238116348046686
official_il_grpo,b940d77be0d45ec9,1.0,0.542393333082714,0.25,1.0212371111324372
official_il_grpo,b9e0dc94c7725924,1.0,-0.7538197593097493,0.0,1.2298974790212298
official_il_grpo,bc5eb52653bc5031,1.0,11.615125515138232,0.0,1.2924550347949795
official_il_grpo,bdfa1f8523c25328,1.0,9.112129605980186,0.0,1.2249093707582912
official_il_grpo,bed1f99d06215f1b,1.0,3.8286963842347888,0.25,1.1455257777202257
official_il_grpo,c0b07b38110a556f,1.0,0.0,0.0,1.1804421426298168
official_il_grpo,c37c94fa634f5265,1.0,3.8605705450545287,0.75,1.2748912712960094
official_il_grpo,c3cb403773505798,1.0,0.40223369940480325,0.5,1.1682909760927918
official_il_grpo,c402a7eb498a5736,1.0,-2.151408130975895,-0.25,1.1527769124143268
official_il_grpo,c565fc593f9e5fad,1.0,0.0,0.0,1.014359679925715
official_il_grpo,c5f7460ee0da513a,1.0,-0.6504497393393791,0.0,1.0800329130074797
official_il_grpo,c75edb67a65b5a33,1.0,1.075173342000241,0.0,1.1186648846714744
official_il_grpo,c82e95254649534e,1.0,0.0,0.0,1.2019915752211632
official_il_grpo,c84f1984d6e459d4,1.0,0.0,0.0,1.0188376099144896
official_il_grpo,c97d721af0475e45,1.0,1.5998841182562131,0.5,1.226972901140565
official_il_grpo,cc94486698ff58d1,1.0,5.488606793035814,0.5,1.2031442465512119
official_il_grpo,cd07f4279fa35240,1.0,13.201040088737074,0.0,1.2154244460431471
official_il_grpo,cd3f3ec4f0dc515f,1.0,6.829026526697987,0.0,1.0368905000723023
official_il_grpo,cde84b97e6505437,1.0,1.3409304943883313,0.0,1.0036156618007017
official_il_grpo,cf26456f21fc55cc,1.0,0.0,0.0,1.212990229958276
official_il_grpo,cf430322beb852ca,1.0,-0.6027862513017794,-0.25,1.05419220612634
official_il_grpo,d193c14478495b74,1.0,-0.7638950097327211,-0.75,1.4360355570177028
official_il_grpo,d341827e6b485782,1.0,0.0,0.0,1.0908575437581458
official_il_grpo,d45a215505f05382,1.0,0.5796553393227981,0.75,1.19006253181418
official_il_grpo,d5e7dc43eb5c57cd,1.0,0.0,0.0,1.1337729630202036
official_il_grpo,d68f1142da63586f,1.0,1.2828952078510838,0.25,0.9811030147515335
official_il_grpo,d6f1d7ade74c5d53,1.0,0.0,0.0,1.1479027148462486
official_il_grpo,d76b0458667c59a2,1.0,0.0,0.0,1.6085051778910509
official_il_grpo,d92fd7e6c01d503b,1.0,0.0,0.0,1.1104161513607407
official_il_grpo,da088bb9d4fb5d0e,1.0,1.8906781683135705,0.0,1.128662926828451
official_il_grpo,da8c9449da6854ed,1.0,-0.31718590210100217,-0.25,1.1107093694854446
official_il_grpo,dabc9a6d5e755758,1.0,2.1511422606784976,1.0,1.207694586065557
official_il_grpo,dc28a01b78d45b17,1.0,-0.2964977815820191,-0.75,1.1509025964369972
official_il_grpo,dc76a771066b5553,1.0,1.0221237948698274,1.0,1.1868532566913743
official_il_grpo,dc89cd046c135fae,1.0,0.30939388127760026,0.0,1.2091381298057955
official_il_grpo,dcb23119258e58ec,1.0,8.88508563969448,0.0,1.3011105807426506
official_il_grpo,ddbfb3b2a05c5918,1.0,0.0,0.0,1.0791730152802765
official_il_grpo,de37d906807d5da4,1.0,0.0,0.0,1.1425638579101431
official_il_grpo,de8c2538d4305d9d,1.0,1.951074862395231,1.0,1.3693504056486816
official_il_grpo,de94e95519d85f21,1.0,-5.410076768342407,-1.0,1.0279557718290733
official_il_grpo,df51d2fef8c25f56,1.0,0.0,0.0,1.0653618772774258
official_il_grpo,e0c845f2d87555b3,1.0,0.0,0.0,1.366921445445372
official_il_grpo,e15983da12955abf,1.0,6.721515262019423,1.0,1.4114934766654776
official_il_grpo,e1b0455379fd5adf,1.0,0.0,0.0,1.1608183616714551
official_il_grpo,e34f51206f0e53db,1.0,-0.12949915125084033,0.0,1.2223128318512297
official_il_grpo,e47d448a999b5595,1.0,0.29333587079901235,0.0,1.239745567820876
official_il_grpo,e47dc9b07dd857a3,1.0,94.76008442470527,0.75,1.0304551345615494
official_il_grpo,e4bc6fc5aeb15a9b,1.0,0.39884192403133056,0.0,1.1434306410765673
official_il_grpo,e4fda5ede9c657f1,1.0,-8.356476611865958,-1.0,1.1673926263106154
official_il_grpo,e671280656f55009,1.0,-0.155829101547738,0.0,1.2156403450295126
official_il_grpo,e91a2d26f30e5b34,1.0,28.41908273028426,0.0,0.9235203025673383
official_il_grpo,e9cd4fda706e5516,1.0,0.0,0.0,1.1915269532517132
official_il_grpo,ec646e4956125fcf,1.0,0.091146570954038,0.0,1.0878453058453337
official_il_grpo,ed47cee1c67e5d43,1.0,-0.194711649274808,0.0,1.1820448050259467
official_il_grpo,ee05069c50295595,1.0,0.0,0.0,1.0600006773462618
official_il_grpo,ee81b62009285462,1.0,0.0,0.0,1.0417449277392548
official_il_grpo,ef4f3026ae1b56a3,1.0,5.1962512002181995,0.0,1.0778170434723355
official_il_grpo,f0d107fb359953ff,1.0,0.7474867798423901,1.0,1.125672449128212
official_il_grpo,f11aede9f6665b09,1.0,8.872766018598526,0.0,1.1213356868097322
official_il_grpo,f36236f06fb556a0,1.0,2.387295898805718,1.0,1.036785633889824
official_il_grpo,f40040c002375188,1.0,0.28269199717301774,0.0,1.3167870476083239
official_il_grpo,f426002d6e275e78,1.0,12.5,0.0,1.1542396584791454
official_il_grpo,f4ab14a89bb7500e,1.0,1.273412579720386,1.0,1.1467915850342842
official_il_grpo,f6741cbf60265367,1.0,-4.696177881176297,-1.0,1.0703294707650979
official_il_grpo,f6a1a2760a7b57a4,1.0,73.22498593594423,1.0,1.1002448476299695
official_il_grpo,f86b2f13b23d5470,1.0,0.4680090537921444,0.75,1.1848203703162346
official_il_grpo,fa00af6ecc8a5cb4,1.0,0.2740478963639674,0.5,1.1266198390763007
official_il_grpo,fad3b25206405469,1.0,-0.2823528876951116,0.0,1.1070866635707115
official_il_grpo,fad9e78a17825042,1.0,8.53838619533451,0.0,1.2618188564298842
official_il_grpo,fbec1eb4b33955e2,1.0,-1.61881160873655,-1.0,0.9756985137434224
official_il_grpo,fddb21da30bb54c2,1.0,0.0,0.0,1.0372828816849091
official_il_grpo,fe5811497ace53af,1.0,-0.0029672090781218685,-0.25,1.102227929933154
official_il_grpo,feae0b42dda25c87,1.0,0.0,0.0,1.2728794325776605
official_il_grpo,fefa00cc3fe65b70,1.0,-2.039360026089298,-0.75,1.3862509228750464
official_il_grpo,ffb15604a2a25cb8,1.0,0.0,0.0,0.9477295151202532
