token,core,far,boundary,near_good,far_good,eligible
23e39302332152b2,26,132,34,False,True,False
411a748874035630,11,164,17,True,True,False
79ebfc1d85bf5a51,15,160,17,False,True,False
40808270ce205b83,12,162,18,False,True,False
86208267d61253c0,13,158,21,True,True,False
f8268857204e554e,20,161,11,False,True,False
1bf169a6aaf65858,13,157,22,True,True,False
3764407c90d65df3,17,157,18,True,True,True
38cfd81687975661,17,155,20,False,True,False
42e6895442ab5601,15,160,17,True,True,False
b34272d337d350d2,18,163,11,False,True,False
b23ede9a183b5b71,15,163,14,False,True,False
fff951eab9f45288,10,121,61,False,True,False
4fa9113617d254d4,16,155,21,True,True,True
988785170de957da,16,158,18,False,True,False
046b1cc13f0d5f9d,18,160,14,True,True,True
d7fbd35a0f315447,21,153,18,False,True,False
951957b841e05cfa,9,162,21,True,True,False
61db822891625c3b,15,164,13,True,True,False
759e9e451eba5b47,21,150,21,False,True,False
9c05edf9d6e85716,14,152,26,False,True,False
467bbee636b65c84,19,164,9,False,True,False
4f6409df56a85592,18,164,10,True,True,True
16ddb1838af755e3,21,147,24,False,True,False
2ce59f70a15b5ddf,14,159,19,True,True,False
461fb854eaa3583e,11,160,21,True,True,False
8b800af555d35794,15,151,26,True,True,False
2ab1b3941f7153cb,21,144,27,False,True,False
4bc510a669d8549f,15,156,21,True,True,False
3387bab95d41528a,16,162,14,True,True,True
e5acc98f52f458cc,18,156,18,False,True,False
3e9026530c475726,16,162,14,False,True,False
2ae0a44cc4de5c4a,17,151,24,True,True,True
cc94486698ff58d1,13,145,34,False,True,False
969763763ce754a4,17,160,15,True,True,True
ff6ab495a139534e,23,160,9,False,True,False
70248e0bb43a503b,16,149,27,True,True,True
2a2403c9b08b53ac,16,156,20,True,True,True
854169aa74e95251,18,160,14,True,True,True
93a9927586995095,7,162,23,True,True,False
af62d866653053f6,14,164,14,False,True,False
17d296a87fb45380,20,154,18,False,True,False
5370751917315916,13,162,17,True,True,False
adaf33e4ba555709,17,162,13,True,True,True
1aa0acb229945e9b,15,161,16,False,True,False
fad9e78a17825042,10,162,20,False,True,False
4eaf32face4b5ece,16,162,14,True,True,True
2db045daf25c5bb7,13,162,17,False,True,False
b23f3d728c08529f,16,139,37,True,True,True
dc76a771066b5553,21,161,10,False,True,False
d76b0458667c59a2,19,161,12,True,True,True
8cf3b1868b2f5262,15,161,16,True,True,False
990bd9b32e5d5f60,18,153,21,True,True,True
6320ecb991675a39,14,162,16,False,True,False
66243e185353563a,17,163,12,False,True,False
cde84b97e6505437,17,160,15,False,True,False
d968f9c81b945be1,15,150,27,True,True,False
0a87bb919dbb58b6,11,162,19,False,True,False
fe5811497ace53af,19,155,18,False,True,False
1734440b807a58ef,15,162,15,False,True,False
480434fc72d455af,10,152,30,False,True,False
cb8e247140d55ab2,16,156,20,True,True,True
095770e79ccf5d82,19,158,15,True,True,True
d7f25a0ac141583a,17,159,16,False,True,False
4b0df2804f165dda,23,122,47,False,True,False
ab6ba1da1dd8592b,20,163,9,True,True,True
3feb7781f83754a7,18,161,13,True,True,True
6f471ee76c595c92,15,143,34,True,True,False
32516745ea1b59ef,21,149,22,False,True,False
a65dd6d24f575771,13,162,17,True,True,False
9ce305abb88f5ad0,14,161,17,False,True,False
7af6867add5b5f2c,21,160,11,False,True,False
b65e09c4d8125da0,15,163,14,False,True,False
cbe1e93e188f5490,15,155,22,True,True,False
6ca6a1a4f3dc5d85,10,164,18,False,True,False
0ee58e583be85ffb,15,127,50,True,True,False
a28a2771a9fa5c1d,12,159,21,True,True,False
488e4248a8985e5a,19,161,12,True,True,True
0beb530925b9514b,21,147,24,True,True,True
29b53c57c19b57fe,18,157,17,False,True,False
2639525675535145,16,144,32,True,True,True
9a83782a2cf85611,14,152,26,False,True,False
cd01f21ff39d541a,15,161,16,True,True,False
facaaf8c0e8c5c65,17,163,12,True,True,True
88757fb00fda507b,16,161,15,False,True,False
e9f4daa7d910568c,15,161,16,False,True,False
d6bb0cea4dbd5b44,15,162,15,False,True,False
efad2708409b5834,15,162,15,True,True,False
3a4cfdd4bfa55a5e,15,159,18,True,True,False
e926ec6a69cc575c,14,157,21,False,True,False
b6093d9c703e54b1,19,162,11,True,True,True
d58eb13402485ae7,18,162,12,True,True,True
f1aa5d5ed7c65114,17,159,16,False,True,False
4ea3d4068eda5cc5,22,160,10,True,True,True
6c0dbda0d8e45ae9,22,136,34,True,True,True
b4322d76ebf8569f,12,161,19,False,True,False
acfc271e3c3d58fa,15,162,15,False,True,False
b222df74b8155735,24,152,16,False,True,False
415d6cd62f3b5c1c,15,162,15,True,True,False
b28e9b2fa67452a7,9,158,25,False,True,False
bd8dea7f7efc5343,19,158,15,False,True,False
8224627048195e4f,14,161,17,True,True,False
3225bfcbea245dd7,21,144,27,True,True,True
114a9052bd6851a2,15,154,23,False,True,False
f80fe289f8135602,13,157,22,False,True,False
983b7ed08a4b5a88,17,156,19,True,True,True
34dd4c6fb6245b9a,15,162,15,True,True,False
5895d1e3cb355fb9,13,159,20,False,True,False
14b505fe90ef5fb8,19,161,12,True,True,True
1ce58516c7675036,21,160,11,False,True,False
b1e88b8722105d53,11,161,20,True,True,False
410fac99463459e6,15,160,17,True,True,False
5207306ed1a05de8,20,161,11,True,True,True
8ba3bff293265674,18,156,18,True,True,True
69560676d53a56c9,19,160,13,False,True,False
cef0adbb58ad5ca1,17,162,13,False,True,False
c5dcabed55395a6e,11,161,20,False,True,False
8b839595c4105c65,20,158,14,True,True,True
f32a0e56a5b75884,11,161,20,True,True,False
972eb434cfd159e8,17,160,15,False,True,False
505c44ea52485f9d,18,154,20,True,True,True
c0b07b38110a556f,15,162,15,True,True,False
7fe310f364355e2d,13,163,16,False,True,False
efdd48896e7a5f15,14,154,24,False,True,False
e47d448a999b5595,16,158,18,False,True,False
6c0b6e4fdf005a81,14,155,23,True,True,False
071d2ff38b4855ed,11,155,26,False,True,False
b450f88783c15dea,15,145,32,False,True,False
7b3902956ebc561d,13,152,27,True,True,False
dc73cea57e105ebd,11,163,18,False,True,False
b87bd020396b5670,17,160,15,True,True,True
ba1a894e5a6350d2,20,154,18,True,True,True
ddbfb3b2a05c5918,16,161,15,True,True,True
a93ffd0f36b65714,15,144,33,True,True,False
2b2663b56a6555a2,19,158,15,True,True,True
f9b32e71bedb5996,15,167,10,False,True,False
886df3cce3a95a83,15,164,13,False,True,False
160a7c3cbeee5f8b,12,165,15,True,True,False
24fab0f19fd35cd6,18,160,14,True,True,True
b63b325909a058c9,8,161,23,False,True,False
9b500f26b0f8560e,15,156,21,True,True,False
c9ba785129c35b36,19,151,22,True,True,True
aac1853286fb586a,15,161,16,False,True,False
022fef6d66485384,24,130,38,False,True,False
51480b09db315e89,17,150,25,False,True,False
5d3ce016a8a256cf,19,161,12,False,True,False
60691b9dd3355992,18,154,20,False,True,False
0056ae51961f5a18,16,141,35,True,True,True
80d5ce364722516b,10,164,18,False,True,False
f0ff3b146af85463,9,165,18,False,True,False
6f2a7bf7cf275dd3,14,161,17,True,True,False
1090fdb8b57850f6,17,155,20,True,True,True
a3fa79234a9d5d7d,16,158,18,True,True,True
36c6cbf6c8a25415,21,142,29,False,True,False
8fe647ed2b7a5aee,15,156,21,True,True,False
5abdbfe1845e59c5,20,148,24,False,True,False
4af11dadd34359fe,17,160,15,True,True,True
ad25b37aaad95a6b,15,156,21,False,True,False
d5201097ad6e5d67,17,150,25,False,True,False
f96a48c3bcd45c50,18,160,14,True,True,True
3f36d5316f0d5a94,16,163,13,True,True,True
b6bba53a1bef520e,18,161,13,False,True,False
7b840b044a6a5e8d,16,161,15,False,True,False
22a09b0100175b62,18,163,11,True,True,True
39fd3f2e5f005306,15,161,16,True,True,False
497e7be0400158a9,13,163,16,False,True,False
6a53dd2411825857,17,163,12,False,True,False
fb9dcf5b46d65616,20,138,34,False,True,False
39fe00229f7b5ac4,14,161,17,False,True,False
63dcb963cece5b7d,17,161,14,False,True,False
88f9b4f87b6b5bd5,12,160,20,False,True,False
90f5bf5743cf5df0,21,161,10,True,True,True
52caccf1b3b95e4e,19,156,17,False,True,False
1b064a029c0e513a,18,160,14,False,True,False
50790f7ba9405c67,17,151,24,True,True,True
0bc3c50e1292529c,14,120,58,True,True,False
ad906e8bb5375747,16,160,16,False,True,False
0a76d212e8fe5898,19,160,13,False,True,False
77d96cb44005501c,15,165,12,True,True,False
12ed1a1d4ae657d1,14,156,22,False,True,False
a3e94bd829b75673,16,161,15,False,True,False
d7d94b48775a52d4,16,153,23,True,True,True
7640be138ae05408,18,149,25,True,True,True
f82c33508e915106,15,159,18,True,True,False
3138ce4847ee5007,17,163,12,False,True,False
25822d3d04305af8,17,160,15,True,True,True
ba642ba3c9a65fe7,19,149,24,True,True,True
e34f51206f0e53db,11,156,25,False,True,False
5da31ca5ce165787,18,162,12,True,True,True
9a90853892925989,26,108,58,True,True,True
09c3d9dbca6455e5,14,142,36,True,True,False
42231e5449d3576a,16,164,12,True,True,True
bf78c475adfb5eb1,21,140,31,True,True,True
2fbab9ffc3fe5a5d,14,162,16,True,True,False
7fe6e7ce9cb7559d,18,150,24,True,True,True
ebb4d3e033ae55e2,17,147,28,True,True,True
f1d60841a46d53a5,13,140,39,False,True,False
8419b5d5eab75027,15,157,20,False,True,False
9c16cb6c4f94521c,14,161,17,True,True,False
35e2f788f41851c0,18,148,26,False,True,False
54d3068f889b58ee,14,156,22,False,True,False
e1ee982450c85213,14,153,25,False,True,False
4a8b4dff75c15a8a,20,137,35,True,True,True
1819e1b106b354ad,17,158,17,False,True,False
4ecdbea836725622,19,157,16,False,True,False
b9bcc9d0efaf5c7e,11,163,18,True,True,False
253b856b49ef52d2,17,148,27,True,True,True
68e39232887c5e4a,15,167,10,False,True,False
2e2bb8bb71265998,17,159,16,False,True,False
e34a1f5fb71c54da,22,134,36,True,True,True
1d10ae25c61f50c4,20,137,35,True,True,True
2af1778054cf51a4,12,162,18,False,True,False
0f276bab4fa85df0,8,167,17,False,True,False
6cc16446dbe45353,15,150,27,False,True,False
26043d2de718532d,21,160,11,True,True,True
e72eb72ebdc25a8a,20,160,12,True,True,True
c852239b5ac95394,20,154,18,False,True,False
3c297001ef2d5acb,17,153,22,False,True,False
123b77fa26425ac1,15,151,26,False,True,False
f97414b6f4a15866,19,155,18,True,True,True
957d3c9491ba5b5b,15,154,23,False,True,False
0c9d055f4ccc5d64,14,162,16,False,True,False
cbaf3221997c55be,20,155,17,False,True,False
a02463c8a92d56ce,17,151,24,True,True,True
d91a4c7d1d9e5647,18,151,23,False,True,False
742b1d2c6cf156c6,15,156,21,False,True,False
8b3e9121fd57540f,12,163,17,True,True,False
bdf3b83064235e17,17,162,13,True,True,True
ab000bda9ccf5150,17,127,48,True,True,True
e165b9b4eb5f5cf4,11,163,18,True,True,False
dcb23119258e58ec,14,161,17,False,True,False
f0328bdcd0e15d3a,9,152,31,False,True,False
c6538928de9c552b,26,160,6,False,True,False
56da0490b78b5033,15,162,15,False,True,False
8fc454e70d1554b7,20,119,53,True,True,True
3eceeb425c3a560b,15,163,14,False,True,False
5e7d1f34a80c5e46,20,163,9,True,True,True
ef4f3026ae1b56a3,28,129,35,False,True,False
d92fd7e6c01d503b,19,156,17,True,True,True
1381f484e75c565a,15,143,34,False,True,False
7b79090489c95c0b,18,161,13,False,True,False
f0d107fb359953ff,21,163,8,False,True,False
e0c845f2d87555b3,14,160,18,True,True,False
9e454d3b139c5a3d,16,162,14,True,True,True
468894d189a75353,15,159,18,True,True,False
9252ad8efde85a85,19,150,23,True,True,True
d99a3bc24ff75a68,17,161,14,True,True,True
1d45b9d20e9d5f92,19,153,20,True,True,True
39fc09d325a05606,17,159,16,False,True,False
75341958391d5aba,20,161,11,True,True,True
e65ea4e886535732,18,160,14,True,True,True
a9134306f1575f88,15,164,13,True,True,False
3609537de0105997,15,160,17,False,True,False
90c4cd28f0e55d46,15,157,20,True,True,False
8a022198e6885aed,19,163,10,False,True,False
f6f213b156de552d,16,163,13,False,True,False
1cb9fa36aea25d6a,17,146,29,True,True,True
e15983da12955abf,21,153,18,False,True,False
8635030755615376,16,162,14,False,True,False
86fbc624ea435e56,17,158,17,True,True,True
66e564907f5f5601,19,161,12,False,True,False
808ff2e869ff5d92,8,163,21,False,True,False
1b53682e2df854e1,19,130,43,False,True,False
dd175b6e08565a4e,16,146,30,False,True,False
8e475454489d5f5b,11,157,24,False,True,False
dc2d27a848115b56,16,154,22,False,True,False
3783e56bc9ef5e85,20,156,16,False,True,False
d45a215505f05382,11,164,17,False,True,False
4775f8e1a53d5c6f,14,153,25,True,True,False
802c127f63f955ed,19,153,20,True,True,True
f102259e52d35ac5,16,162,14,False,True,False
db5aa5f382f25aaa,18,120,54,False,True,False
598efc24965e57ba,20,123,49,True,True,True
3e83f47571b05337,17,162,13,True,True,True
f36236f06fb556a0,14,161,17,False,True,False
ed717de405885939,9,162,21,False,True,False
a8b0833c7a065b81,10,155,27,True,True,False
f426002d6e275e78,14,158,20,True,True,False
3382fe7a030150df,10,164,18,True,True,False
a0283fb79a975f2c,12,163,17,False,True,False
45e7e76381d85846,19,157,16,True,True,True
9cac2a2e22c25964,16,161,15,True,True,True
f86b2f13b23d5470,20,150,22,False,True,False
6e5e2d80ec915e15,17,165,10,False,True,False
b5d7c17fe5375141,20,161,11,True,True,True
bae3d8ac0ee85cad,18,161,13,True,True,True
4833c4f6d87f5021,23,162,7,True,True,False
a507cbf8c4055960,16,158,18,False,True,False
331e21d3c8d65bae,17,155,20,True,True,True
c5f7460ee0da513a,16,160,16,True,True,True
7eb9b36921b25d5b,21,147,24,True,True,True
8d76cc7ca097546b,14,164,14,True,True,False
7b20cfb388a15b3d,14,158,20,False,True,False
87a04f063e505051,15,161,16,True,True,False
e4fda5ede9c657f1,17,153,22,True,True,True
163693e2ba175db3,17,144,31,True,True,True
007505437ed45b53,12,156,24,False,True,False
b1199a48987b5f73,12,155,25,False,True,False
a1bcc195c8e85f37,15,163,14,True,True,False
99c663a7b4e15514,17,161,14,False,True,False
2b9bcbd586b55042,20,156,16,True,True,True
113b14c30cc25989,18,129,45,True,True,True
b37b1679fd745ac9,18,164,10,False,True,False
a4b7b2795e615efb,17,156,19,False,True,False
c75edb67a65b5a33,11,162,19,False,True,False
fbec1eb4b33955e2,11,151,30,False,True,False
c1ae700926d4577c,13,156,23,False,True,False
eba5b88270db545e,9,161,22,False,True,False
0481ff72500154f2,16,154,22,True,True,True
70d9d2c73e4155d4,14,160,18,False,True,False
685c110d6a615ff8,15,160,17,True,True,False
b1483be2f1e35882,15,160,17,True,True,False
de0fb293bb4859e7,12,155,25,False,True,False
335528f321b45d88,18,137,37,True,True,True
e5ba0fd6afc15419,18,148,26,True,True,True
07bd6c8c7de152a6,16,147,29,True,True,True
0b9f2aceebbf5003,14,163,15,True,True,False
e8991ab64afb5db6,19,161,12,True,True,True
66c135a6ec7f53c4,21,161,10,True,True,True
1fe597d0fb1454dc,14,145,33,False,True,False
fefa00cc3fe65b70,17,161,14,True,True,True
fddb21da30bb54c2,15,161,16,True,True,False
aceba8d21dfe5d03,14,162,16,False,True,False
ac940ab1e16558e9,18,163,11,True,True,True
4ac0a91fc4dd5ca9,16,162,14,True,True,True
cdec4cc7781e5d4d,28,144,20,True,True,True
01034b2411ce5ea0,28,140,24,False,True,False
fb7f5f4fd1a25f13,15,161,16,True,True,False
dcea502e05ca5eb5,17,150,25,False,True,False
28b79e32839a543b,11,160,21,True,True,False
2b07bad4bce156cd,19,158,15,True,True,True
66d778b97714583a,21,142,29,True,True,True
a8c9f51e547a5fed,14,166,12,False,True,False
7a0635b7942859c6,17,162,13,False,True,False
84b13f58e18551a8,10,162,20,True,True,False
87ec42ef94f75f0c,16,158,18,True,True,True
feae0b42dda25c87,19,148,25,True,True,True
b663343f65cd5e92,22,160,10,True,True,True
71495dbc0a3255dc,18,156,18,False,True,False
244f412a59375c65,11,162,19,False,True,False
5c1f98237d1852b9,16,164,12,True,True,True
9eddebd4be385650,10,164,18,False,True,False
b53636b863815077,16,161,15,False,True,False
1ef92a1e554b567c,15,164,13,True,True,False
019cfd828c3f5b7c,18,159,15,False,True,False
55a649760430531d,14,162,16,False,True,False
377d9bb5bb125691,15,153,24,False,True,False
a40383b62c8b5f0a,13,160,19,True,True,False
6822dc0570565ef4,5,161,26,False,True,False
6b5978b04dc85323,15,155,22,False,True,False
28c5133d23575e81,14,165,13,False,True,False
0726ca723042500c,37,124,31,True,True,True
e1b339d45b635f03,18,161,13,False,True,False
60e4b765d65a534a,17,156,19,False,True,False
cb8ed00b6b6e5650,17,149,26,False,True,False
f11aede9f6665b09,18,157,17,False,True,False
8ae2f982585058f2,18,159,15,True,True,True
ee81b62009285462,21,160,11,True,True,True
8783e69e8b9d5d5c,17,158,17,False,True,False
9566c9689988532d,15,160,17,False,True,False
a49f197b94e15a20,18,162,12,False,True,False
d4b1d28cb67b5618,12,166,14,False,True,False
9fd73df50f1d5a2b,22,155,15,False,True,False
40bdcf910bed5013,19,135,38,True,True,True
c72fac839d7b5bdf,23,112,57,True,True,True
23cb188abddf5851,19,145,28,False,True,False
a488a24ace4e5a0e,16,159,17,True,True,True
a2e11073e3025626,18,157,17,True,True,True
56df5b5a7f8d5964,21,130,41,False,True,False
9f7eb558c5125bca,18,142,32,True,True,True
b7520d4aabdb522f,12,151,29,True,True,False
c97d721af0475e45,14,150,28,False,True,False
2c87600ce5a15f76,15,160,17,True,True,False
5d0d7322ddea55ce,15,162,15,False,True,False
fad3b25206405469,13,163,16,True,True,False
117be7ce4bae59d9,12,163,17,False,True,False
36f37eab352d5150,12,154,26,True,True,False
ada4bd96b21350f3,13,152,27,True,True,False
116f3217b5875595,18,158,16,True,True,True
2ce54722e81a5726,15,149,28,True,True,False
f0e8b02b16cc5161,11,155,26,True,True,False
4db513bb187a5415,14,161,17,False,True,False
f679ed3e8e975575,12,163,17,True,True,False
bc9f53029a6b5c52,16,162,14,True,True,True
8fcd3f59e5d35e62,15,163,14,False,True,False
895b56e6e7d1506f,20,161,11,True,True,True
f22f6cb0966f5ddf,18,161,13,False,True,False
8d16e85f8f505b74,12,155,25,False,True,False
3e58b4e75b4d5910,14,114,64,True,True,False
a68174740e5d53d2,21,152,19,False,True,False
9c83725ca24453f5,11,162,19,True,True,False
af80a080342354b5,12,150,30,True,True,False
7592a60634a65972,12,159,21,False,True,False
312f7d68b7845c0f,11,158,23,True,True,False
2ad520fb925f5ace,17,158,17,False,True,False
d69754f18e1b5816,18,161,13,False,True,False
1514fa6cda205491,9,156,27,True,True,False
65c6face44dc5242,17,155,20,True,True,True
116b808c2f825f23,23,98,71,False,True,False
0502652852d456e7,16,163,13,False,True,False
d139b76f0b1e5791,20,155,17,False,True,False
e6a85ef20b3054c4,18,156,18,True,True,True
d2b1e07b5d38547e,18,160,14,False,True,False
56faab1d1228542e,21,159,12,False,True,False
a5aa2c07692a5f9b,12,163,17,True,True,False
ccb3b418f0a45229,14,145,33,True,True,False
9e326c77e25f526d,13,163,16,False,True,False
a11285de52f553a7,20,145,27,False,True,False
b3b328a0d89255ea,16,161,15,False,True,False
ab7c0c62ea5d56df,11,161,20,True,True,False
822b5a4a2e075ace,19,160,13,False,True,False
6ee8095e2d8b599c,15,161,16,True,True,False
e536a7424867539d,12,163,17,True,True,False
228bc7a51ce85114,12,159,21,True,True,False
b386322960ff5784,16,163,13,False,True,False
1779dc029c945352,17,157,18,True,True,True
e66f72e612d05320,16,155,21,True,True,True
8a7b81e3d8ec589e,15,161,16,False,True,False
79d01df5793f5d1a,18,161,13,False,True,False
78273a4b69465c1f,11,161,20,True,True,False
e9c9a2873a275365,21,154,17,True,True,True
063ebdc4cd7e5bd9,14,153,25,False,True,False
40b18724a90f5919,18,160,14,True,True,True
7f6ac29877365766,27,139,26,False,True,False
2617f0cd70705817,18,141,33,True,True,True
9356731128d95d59,18,157,17,False,True,False
d68f1142da63586f,17,161,14,False,True,False
8c4982f5d16e51a8,20,162,10,False,True,False
75b56424b7eb5ac6,21,145,26,True,True,True
12264b570ba358e9,10,159,23,False,True,False
2320cdddd8465622,19,163,10,True,True,True
5fec23f5a5d052cd,19,160,13,False,True,False
a3d8003852145a71,15,160,17,True,True,False
fadbd438f57e5612,24,156,12,False,True,False
23ba8f4aee055e34,18,160,14,False,True,False
edf80e77e2e65098,16,155,21,False,True,False
ec646e4956125fcf,13,163,16,False,True,False
9069684898175278,18,158,16,False,True,False
c83e41bd3afa534c,17,148,27,False,True,False
c3fa71763867515b,14,158,20,True,True,False
43916f0a6f7f5717,16,154,22,False,True,False
e8bd03529c905c16,12,157,23,True,True,False
130e725a1594571f,13,145,34,False,True,False
03d9c9a7f1655e53,13,161,18,False,True,False
3c84060e9d245ad7,13,144,35,False,True,False
440da7a31b255ef9,14,165,13,False,True,False
8deb3aea4c075024,19,158,15,True,True,True
fa72914538895375,7,155,30,True,True,False
095453a7aea65260,10,162,20,False,True,False
b5a136c8bff95db6,18,156,18,True,True,True
16cf679d9cd35d85,11,163,18,False,True,False
0424e5fd9a5c5e60,23,156,13,False,True,False
97de4a69dec65c80,18,163,11,False,True,False
e5a8e75d4450516b,19,148,25,False,True,False
4669e83db7965ed0,15,161,16,False,True,False
00bbc908bd5758e6,18,150,24,True,True,True
97f64f5b130055b0,16,164,12,False,True,False
101da9987c395ba4,9,162,21,False,True,False
e20db842c987530f,18,161,13,False,True,False
d14c834404a75404,21,130,41,True,True,True
b20465ed49f953d3,17,151,24,False,True,False
f6741cbf60265367,13,166,13,True,True,False
4df92e2616c75be7,22,153,17,False,True,False
b3a6f577c20d5eb3,19,162,11,True,True,True
d7c39e8608e25e88,14,162,16,False,True,False
db42252e1f655f26,14,155,23,True,True,False
b4375fa743295bd8,13,159,20,False,True,False
5b620dbb3b4d5892,22,158,12,False,True,False
9a78f0e3d0335345,12,161,19,False,True,False
576835726a7c57d4,17,160,15,False,True,False
23c842d3f001597a,21,155,16,False,True,False
db4611f3cf8a5db7,18,126,48,True,True,True
bed1f99d06215f1b,12,159,21,False,True,False
770e1697a0255dc8,19,149,24,False,True,False
339d5c1111125971,15,162,15,False,True,False
4a5cb683d82059f0,13,160,19,True,True,False
6be7246860e057c8,24,146,22,True,True,True
4c31e06f0fc858a0,16,152,24,False,True,False
ac2dfd95a1e55c5e,15,150,27,True,True,False
664b084487e05ba0,13,158,21,True,True,False
b4206de96b755fb8,15,162,15,True,True,False
2fd40c15042e53d4,17,161,14,True,True,True
fc2be4c9cc135538,20,157,15,True,True,True
9ac1e7123b245486,16,161,15,False,True,False
bca73d6fa8f85d39,18,162,12,True,True,True
f57d194633ae5571,13,150,29,True,True,False
99d1ae48071a5aec,15,165,12,False,True,False
008a9f9434c75b99,13,164,15,True,True,False
dc89cd046c135fae,12,149,31,True,True,False
b5d3d18e7d115933,18,161,13,False,True,False
7da1df98fb8e5af0,12,164,16,True,True,False
af816d6041dd5257,19,158,15,True,True,True
ec765c8fe97a51bd,13,161,18,False,True,False
4c188096aeb950bc,17,161,14,False,True,False
392e034cb2a55053,16,162,14,False,True,False
be6fe40f664154d7,16,147,29,False,True,False
a400f271c6cd51f6,17,162,13,True,True,True
e93e621b5e14563f,15,163,14,False,True,False
2e976da85a8b5e5b,17,157,18,False,True,False
2f4462b637dc5044,16,161,15,False,True,False
b548689d07d15535,15,147,30,False,True,False
f696561dbf6055df,17,161,14,False,True,False
7bb8d2878b1f53cb,19,151,22,False,True,False
bff852b39f62557d,17,161,14,False,True,False
b940d77be0d45ec9,21,141,30,False,True,False
5050ddd89f6850ea,21,134,37,True,True,True
31c9a3082fa15d55,18,162,12,True,True,True
48f80f817e0656d9,15,161,16,False,True,False
602d680df54553a2,15,147,30,True,True,False
cc8872f4a1fb5895,16,161,15,False,True,False
09d7ac879b745ba7,16,136,40,True,True,True
1f22c13b337250e8,16,161,15,True,True,True
df16f52f5bea51cc,18,164,10,True,True,True
de8c2538d4305d9d,17,161,14,False,True,False
9c7f841d11e6542d,20,160,12,False,True,False
89a7b788217c5f67,17,162,13,True,True,True
3d53eff55b2855c2,16,149,27,True,True,True
8fb50dd1fb5552df,15,157,20,True,True,False
1dda1a63c5735182,16,158,18,True,True,True
006cbccbfae95262,18,159,15,True,True,True
cea771061cb25651,17,160,15,False,True,False
053ae221b0d351f5,21,150,21,False,True,False
edfca2d846ee5acf,20,114,58,False,True,False
278907212b495e23,19,162,11,False,True,False
449f34ad438e59d2,14,159,19,True,True,False
8c1a989cd94c5c12,20,158,14,True,True,True
48d4fcc3437755a8,19,160,13,False,True,False
13f740d88bf75471,19,155,18,True,True,True
8eb1bf4722515ad3,13,155,24,False,True,False
21249a2d4eb25ed6,13,151,28,True,True,False
3d44a52acf525ec7,18,157,17,True,True,True
9fad4614acc251d6,17,141,34,True,True,True
727278e9914354b1,17,154,21,True,True,True
9d722cf10d7f5bd1,16,151,25,True,True,True
14d0749e1fc85004,10,162,20,True,True,False
ee05069c50295595,12,157,23,True,True,False
5e7dad82583e5536,19,158,15,False,True,False
2c772a570884587c,25,139,28,True,True,True
aee904e6c2c35a90,15,147,30,False,True,False
0264cfbeb1705e5f,26,116,50,False,True,False
279ff8e3850c54e2,21,109,62,False,True,False
7c767d74b5fb5b5e,18,155,19,False,True,False
5daaf9b25cb558f9,23,161,8,True,True,True
864f5df8a94a508e,15,148,29,False,True,False
df51d2fef8c25f56,12,160,20,True,True,False
ac5b4b33a03c57fe,13,157,22,True,True,False
99adfd4cd925504d,15,136,41,False,True,False
1cba0de871fc5bfb,18,158,16,True,True,True
f84ac4472da55b91,16,159,17,False,True,False
bcc74e9eaae05ca4,16,159,17,True,True,True
4fe8a056f88154d5,16,162,14,False,True,False
16ff52ac5d085cac,18,163,11,False,True,False
584a14a3e42050c4,17,147,28,True,True,True
4a5834900788560a,14,162,16,False,True,False
e6046882cf485f3a,19,160,13,True,True,True
873f4bc746a55d13,13,153,26,True,True,False
96886b2d240e5275,15,118,59,True,True,False
190b153cfd3b5302,20,138,34,True,True,True
e1b0455379fd5adf,21,153,18,True,True,True
a801ebe0c8a55faf,17,162,13,True,True,True
8caca31e4dc357be,15,158,19,False,True,False
a8263f179cca558d,22,156,14,True,True,True
22dddd249c8e5fe4,19,163,10,False,True,False
bcd578c19d9857ea,16,160,16,False,True,False
c4c0b5cb93d85645,17,155,20,False,True,False
0fae6a22120d5bc2,20,161,11,True,True,True
9d67b6d20a0256c3,14,160,18,True,True,False
548d6bf7b63459e7,14,163,15,False,True,False
0f44c6e6440654d0,15,152,25,True,True,False
85fb576381c15527,15,160,17,True,True,False
d79d2c9951f35626,16,160,16,False,True,False
980c4467fdf156c4,15,161,16,True,True,False
11ceee170b09535e,17,162,13,True,True,True
c550cadc4a515e6b,15,161,16,False,True,False
4fdf21ae819f5cf9,20,140,32,True,True,True
9af521b071b75ede,15,160,17,True,True,False
94fd2d5eaaff5125,19,161,12,False,True,False
3bfe55c892ef5093,12,155,25,True,True,False
76c61e8e77975178,13,161,18,True,True,False
6aa0f931a89f5d9a,14,160,18,True,True,False
7f3aa59671c45291,8,148,36,True,True,False
c17be2d2a6f65008,22,163,7,True,True,False
f6d7cbb8505f5782,17,155,20,True,True,True
59b4fffb7aef599d,14,144,34,True,True,False
5c722cde25ba50d9,14,158,20,True,True,False
248aeb1af182529b,18,159,15,True,True,True
8dff3247e7415c0d,14,162,16,False,True,False
df244d376fd85a93,19,163,10,True,True,True
06f781885ea25f20,9,163,20,False,True,False
dabc9a6d5e755758,14,136,42,False,True,False
666ee535a52a5acc,21,157,14,True,True,True
afe0ef0cd35b57f7,14,161,17,False,True,False
b7d4e7ebc5c75968,17,159,16,False,True,False
bc5eb52653bc5031,19,161,12,False,True,False
6793006a7d995092,17,159,16,True,True,True
9e7acfb214dd58eb,12,161,19,True,True,False
6cda2f0cbda156bd,18,155,19,False,True,False
beea15c8657d59a2,17,156,19,False,True,False
1971c4278e675b9d,18,162,12,False,True,False
c7009bf1a2025be7,13,161,18,False,True,False
c37c94fa634f5265,11,160,21,False,True,False
caaf3bef91ac58a3,15,162,15,False,True,False
89c4479f74c05538,19,138,35,True,True,True
7f35bb1a29c1549f,11,161,20,True,True,False
b46befc3e5a756ec,11,163,18,True,True,False
f06dec0352685bd7,20,162,10,False,True,False
9956d04c0d275e7d,16,151,25,True,True,True
edb7e230c20f542a,16,155,21,True,True,True
bbe9d736a2595720,11,161,20,False,True,False
8f7d5b80e1f85c3c,15,160,17,False,True,False
3c9433a90ab05621,19,163,10,True,True,True
b37c26e5cdf853d5,12,158,22,True,True,False
6dfe97d2aff95bf6,14,163,15,True,True,False
9e66bc21c0d4507d,11,163,18,True,True,False
121fdf5f01785268,13,158,21,False,True,False
9349bacb4a225ae3,16,152,24,False,True,False
704c2533b66353b5,20,160,12,False,True,False
4ffc3aacc76d5d43,17,160,15,False,True,False
ea808fbdaf2a5375,19,161,12,True,True,True
e47dc9b07dd857a3,15,161,16,False,True,False
0d38caf0c7c650e8,17,156,19,False,True,False
3ac61ac2f2b652b7,17,152,23,True,True,True
0d9f56cc8fa15657,15,161,16,True,True,False
296345c58a77547f,22,154,16,False,True,False
94e9664fcf2d5f9e,13,144,35,True,True,False
a880ac22dd045d21,13,155,24,False,True,False
5b3770f00cb55569,12,161,19,True,True,False
36c5c837df3259f8,18,161,13,False,True,False
665c2a0c88735b1f,16,162,14,True,True,True
24d4a97bf17f5883,17,160,15,True,True,True
acb286057ba859da,8,160,24,True,True,False
4f0df6de49515352,11,160,21,False,True,False
482b5439cb6c5350,17,143,32,True,True,True
a84fec66330e5157,13,162,17,False,True,False
02ef12eeec9c5667,19,161,12,True,True,True
076f5a91273050e6,23,137,32,True,True,True
a566b5f3bd0c5522,13,165,14,True,True,False
fe1348a14b7f5fda,14,151,27,True,True,False
cf430322beb852ca,12,153,27,False,True,False
05986621844f54a2,16,161,15,False,True,False
37ab6257bb545b45,17,144,31,False,True,False
1526e5b224665c7e,18,162,12,False,True,False
66df470c3c2c5b62,26,146,20,True,True,True
ce800a53730f5ae7,17,154,21,False,True,False
7ff20da52e205bf0,17,141,34,False,True,False
9c9fd38ec0485088,10,162,20,False,True,False
ec90c27de29a594c,15,160,17,False,True,False
86c52dfec8425716,15,157,20,False,True,False
0f54c1a676a954ce,17,161,14,True,True,True
a86e7f16bd64596a,14,164,14,True,True,False
cb397fd17507594b,19,160,13,False,True,False
c84f1984d6e459d4,18,161,13,True,True,True
8b744d45e7945aa5,13,161,18,True,True,False
68f3beae8cd25dba,15,152,25,False,True,False
aff2feebf9cb5afb,17,161,14,True,True,True
6e7bf5900d7f594f,17,160,15,False,True,False
7da6b01adf435bd5,8,165,19,False,True,False
4934fe6008f8564b,21,156,15,False,True,False
c0c2ed50261f54e5,12,162,18,False,True,False
0cb726068f4d5c59,16,159,17,True,True,True
fead2572a884512c,12,153,27,True,True,False
c82e95254649534e,17,159,16,True,True,True
2581d16dc1aa557e,18,160,14,True,True,True
74356ec7c3d15e10,12,156,24,False,True,False
a77cad5e29a5585e,22,137,33,False,True,False
711cc9425e2f5aff,20,162,10,True,True,True
2314cd5f97c5596c,13,154,25,False,True,False
dc932b3cf2ba5b1b,19,146,27,False,True,False
675f0d4dff9c5318,15,162,15,True,True,False
9fe72fe991c859f0,24,123,45,False,True,False
f6a1a2760a7b57a4,18,161,13,False,True,False
6176348b971f52c5,15,160,17,True,True,False
1decf76c77be59c8,16,147,29,True,True,True
91e6cce9eb7d5765,17,157,18,False,True,False
d360abe45ec55059,14,159,19,True,True,False
45cace6f6d275159,17,160,15,False,True,False
9551d9bffa515426,18,150,24,True,True,True
6f95e882286e5388,19,158,15,True,True,True
fcc0457324f15902,18,157,17,True,True,True
aa58d1ab2faa5746,18,144,30,True,True,True
5d711f77d42054d6,17,157,18,False,True,False
fa00af6ecc8a5cb4,20,145,27,False,True,False
bf6158f005f956ae,16,162,14,False,True,False
67b08ea8fc9956b0,14,149,29,True,True,False
5cfcccdb3e3c539b,14,160,18,False,True,False
288f0194b6d45858,14,150,28,False,True,False
4094b79867cd5f7b,20,161,11,False,True,False
abd994ef714a595c,8,162,22,True,True,False
4668501db7065e02,17,157,18,True,True,True
289087a782995ef0,17,150,25,True,True,True
0eea4103d56352dd,24,114,54,True,True,True
b790a763e1ee538e,16,161,15,False,True,False
6ca255559e0350a5,15,163,14,False,True,False
6848c7497a065ae0,11,164,17,False,True,False
8a5bb66e9bb65101,22,162,8,False,True,False
4fa6a8e71f4a5984,23,148,21,False,True,False
77ded26c7a9654ad,18,162,12,False,True,False
5d83ddd5ec3c5326,14,161,17,True,True,False
7a03013d34b355c1,14,156,22,False,True,False
0b2061c2aced52de,21,160,11,False,True,False
945dcb42cd645cc2,33,114,45,False,True,False
66d5a6841d835e3a,27,131,34,False,True,False
1035d1c56f0f5ba9,18,153,21,False,True,False
98ad6d2817355b99,19,155,18,True,True,True
293fd2580df350a8,10,162,20,True,True,False
6864977b221059e4,20,165,7,False,True,False
161154cbf4245a3d,17,160,15,True,True,True
023664205ae95402,24,116,52,True,True,True
cd07f4279fa35240,21,149,22,False,True,False
7ae1fa9094f355c5,15,161,16,True,True,False
b7b9f31751e459f0,23,161,8,False,True,False
94cf3d2feed759ac,17,160,15,True,True,True
9f4e94fa77b555dd,15,151,26,True,True,False
5985ea459f145e5c,11,146,35,False,True,False
624789926abe5dac,28,124,40,True,True,True
adb657c849df5d9e,13,162,17,True,True,False
095f95bdbf1054d0,12,162,18,True,True,False
d117940fcb945ac1,15,162,15,False,True,False
ef023f6f394f5be8,19,157,16,False,True,False
451631b82dd757e4,15,158,19,True,True,False
b25e5caac7645be6,14,161,17,True,True,False
277898ef740c5ab1,19,144,29,True,True,True
de94e95519d85f21,12,165,15,True,True,False
cec9570f9fd3504b,15,154,23,True,True,False
654a0ce9f6305cee,12,161,19,True,True,False
672173aac8685233,12,162,18,False,True,False
74bf7898a5565ef7,15,165,12,False,True,False
4393df900c6557cb,18,152,22,True,True,True
059fb1d0f20e58d6,11,163,18,True,True,False
b76fdedd0d1d5f46,17,162,13,True,True,True
005a44fa33b55e7b,11,158,23,True,True,False
cdf23d07ec42535e,17,128,47,False,True,False
5bb0b67e360f5a85,18,156,18,False,True,False
d5b5493184c257bd,25,143,24,True,True,True
a85370bd50145fbc,29,102,61,True,True,True
6b0de122978c5d6c,27,116,49,False,True,False
9257645ceccb550b,15,156,21,True,True,False
5d03327b42d153b1,17,160,15,False,True,False
f53ce90fba735a76,12,162,18,False,True,False
89ba731076de572c,16,162,14,False,True,False
d49e1049666e5596,14,156,22,False,True,False
30e1141fbb1e5009,18,155,19,False,True,False
377ceb5650355d8b,20,155,17,False,True,False
93aa103155cd5295,19,161,12,True,True,True
1dbae60fb78c532a,21,162,9,False,True,False
50fefa46fcc855fb,16,157,19,True,True,True
baef6630583c5f87,12,145,35,True,True,False
8b0773eaa2375bbf,14,161,17,False,True,False
80e2038fd0555030,21,158,13,False,True,False
d341827e6b485782,16,152,24,True,True,True
d6f1d7ade74c5d53,14,161,17,True,True,False
0827c1c05e0e5596,18,157,17,True,True,True
e9cd4fda706e5516,18,150,24,True,True,True
bae5037e472250dc,19,162,11,False,True,False
3e7e4bd1053d5d92,22,161,9,False,True,False
bc6cd32ccb1b5427,14,152,26,True,True,False
a4c4b9cae9f356bb,16,166,10,False,True,False
1e8cca8760da5948,16,155,21,False,True,False
c7e306be08105b70,16,146,30,True,True,True
26e0f72c031b5f07,13,163,16,True,True,False
56e525076cab5f42,17,163,12,True,True,True
4ce4021236435fc2,12,163,17,False,True,False
3ae8bec3c87f599a,11,154,27,False,True,False
de9dfb594099510e,15,149,28,True,True,False
ba1ace8df74d5f7b,14,153,25,False,True,False
502320eeaec55d1f,19,163,10,False,True,False
2dd169c11ca55cf5,17,158,17,False,True,False
14bd7947aab75ae6,17,158,17,True,True,True
3acaadb297b15413,20,149,23,True,True,True
4667b479001e52d3,14,154,24,False,True,False
7f15d26426a65449,17,163,12,False,True,False
70fb14aa330a5e1a,23,139,30,True,True,True
390944a5467b51c5,22,156,14,True,True,True
de37d906807d5da4,12,162,18,True,True,False
9ed0f61a7d9551dd,18,155,19,True,True,True
772bea477f415d7e,13,152,27,True,True,False
cf05fb873d635a08,15,163,14,True,True,False
6ef435e921f9538a,16,158,18,True,True,True
e60a241cf8df5ae6,20,153,19,False,True,False
430843d30f9258ed,14,154,24,False,True,False
05f01335f6e15d86,13,149,30,True,True,False
4be639c52c2656db,13,162,17,True,True,False
3f67a285648156d8,13,160,19,True,True,False
d193c14478495b74,19,160,13,True,True,True
be62b590e24a520d,10,162,20,False,True,False
ee2a0378652e53d0,13,154,25,False,True,False
adf177418b8a5f6f,9,162,21,True,True,False
8ba72029d7d75a0c,21,142,29,True,True,True
a893fc739c0b567c,16,122,54,True,True,True
ade775b8413358d6,12,162,18,False,True,False
cf26456f21fc55cc,17,162,13,True,True,True
f5134ec4baf153c9,17,131,44,False,True,False
09961e24208b5972,14,159,19,True,True,False
7e6335968cbb5318,11,163,18,False,True,False
ac20d4e2400c58a9,15,159,18,True,True,False
f503e5d4f2815027,28,107,57,True,True,True
43df192ed9125ff3,9,164,19,True,True,False
b63a589b5dcf521d,19,158,15,True,True,True
0996ce03d2325a75,10,161,21,False,True,False
5da5fed529065c9a,17,163,12,True,True,True
4d4d070cb9095f94,17,161,14,True,True,True
14096d0f331a594a,13,159,20,True,True,False
432cf993a4685755,18,164,10,False,True,False
c668fc93191352f5,19,160,13,False,True,False
a73551f67ae95c4d,28,128,36,False,True,False
928010107cd35cdd,22,155,15,False,True,False
f4ab14a89bb7500e,18,156,18,False,True,False
dc28a01b78d45b17,11,161,20,True,True,False
3f159d73e87a5e06,18,146,28,False,True,False
bdfa1f8523c25328,7,163,22,False,True,False
12115c5ca1215fb7,16,160,16,False,True,False
c402a7eb498a5736,18,142,32,True,True,True
c94d20755cae51cf,12,161,19,False,True,False
c44b12de78555426,16,162,14,False,True,False
50e0c2fe698655a9,13,161,18,False,True,False
e91a2d26f30e5b34,22,157,13,True,True,True
c8b4c92530f15b8e,16,157,19,False,True,False
3d2dded3370e5d2f,13,162,17,False,True,False
1361ba1955125852,18,153,21,False,True,False
b78f23cd3a155154,13,161,18,True,True,False
25652aabb1615c8d,12,159,21,False,True,False
3623f8728153513d,11,147,34,False,True,False
9288a151789f507b,14,161,17,False,True,False
e671280656f55009,16,151,25,True,True,True
48cf36e2f3e15071,15,166,11,False,True,False
4acdad2d68815972,23,153,16,False,True,False
b35fe1e3a6d857e7,14,160,18,True,True,False
095eafbb5c8f5b02,16,160,16,False,True,False
6f3254ac0fb25c0e,19,146,27,False,True,False
846947c0d14c5705,21,162,9,True,True,True
da088bb9d4fb5d0e,15,160,17,False,True,False
2d6b6f9cbf895767,18,157,17,True,True,True
2b6a3141bbd95909,13,162,17,True,True,False
c565fc593f9e5fad,11,163,18,True,True,False
2b62f0fd336e5ce1,13,137,42,True,True,False
4521af05098b5726,13,162,17,False,True,False
4cf79f853daa5e18,15,163,14,True,True,False
91c9748ec36d552e,14,163,15,False,True,False
b74282046c9b5e26,19,134,39,True,True,True
9b2f62944222523c,13,147,32,True,True,False
b4e37918a3075f27,17,158,17,False,True,False
172b3176b06c5658,18,159,15,False,True,False
29c1d95389d45573,17,156,19,True,True,True
03925cda82c35516,17,155,20,False,True,False
8f24138692dc51a0,17,162,13,False,True,False
e4bc6fc5aeb15a9b,18,161,13,False,True,False
58e62444275353ac,18,132,42,False,True,False
b4929fe228725c94,18,145,29,False,True,False
9703fd67a8ba55e3,11,162,19,False,True,False
21ef5641389c54b2,16,161,15,True,True,True
1672f5b30038519f,12,165,15,False,True,False
50865b0784fc566d,11,164,17,False,True,False
a4cf3a412034565a,13,161,18,False,True,False
1295232b65bf5f8d,17,154,21,False,True,False
7ecb22e3bba55b12,21,161,10,False,True,False
6b7469c8e2195492,18,158,16,True,True,True
5ed66db305a55f73,13,160,19,False,True,False
0b8065082f3a5b3b,20,138,34,True,True,True
40d00a52b5345430,13,152,27,True,True,False
2c274b54e82b55e7,11,157,24,False,True,False
2f7f18f806515128,13,141,38,True,True,False
daaed109e7eb5f66,16,164,12,False,True,False
de9806cb0a2c53a3,13,153,26,False,True,False
cd3f3ec4f0dc515f,22,161,9,False,True,False
481b84c931245f5d,19,156,17,False,True,False
6aeb37c47f385f06,15,143,34,False,True,False
165b4475bd6b5188,17,157,18,False,True,False
c5a1a4e21a4952b7,21,160,11,False,True,False
aac897560e0f5dab,9,160,23,False,True,False
1e66e2bddb1d5b49,12,161,19,False,True,False
dfdc23aed4e95e49,15,144,33,True,True,False
49a1e581f3a35a49,12,161,19,True,True,False
9263d47ef82d5a88,20,162,10,False,True,False
c216554d4bd6519f,16,159,17,False,True,False
0354be0727e25157,17,161,14,False,True,False
26dfdbfcecfe50bd,12,165,15,False,True,False
cc3160abbcbb543a,16,161,15,False,True,False
fc696e1d378654d4,20,162,10,False,True,False
3fa2f81cff025162,13,163,16,False,True,False
1d0a4f1f6cbd5e38,16,162,14,True,True,True
eff59f39f085525f,15,161,16,True,True,False
984be293f9195416,11,159,22,True,True,False
b235c02d47915476,17,163,12,False,True,False
3ac7810599d457a1,14,148,30,True,True,False
682378d23c335e89,19,161,12,False,True,False
73b4b5fcc5e55858,18,163,11,True,True,True
6f31d072740b5885,16,160,16,True,True,True
305b1bf4e7f45522,14,162,16,False,True,False
42d309d92a3a59c0,18,144,30,False,True,False
af16ba268df55dca,12,163,17,True,True,False
2ae8ac90c0ae5c8d,17,150,25,False,True,False
b512bc2c568d5b7a,15,154,23,True,True,False
7405ff66092d51da,19,159,14,True,True,True
23724912b8f153f0,15,161,16,True,True,False
6522fd9a31d25eb2,14,151,27,False,True,False
c6fcfafbbe7a59f8,14,160,18,False,True,False
5dbd0aba5f315388,22,161,9,True,True,True
958b596dd699594a,16,159,17,True,True,True
350714230cb55761,20,157,15,True,True,True
775b0dd554395fa3,18,162,12,False,True,False
635be215dc9d58c3,23,155,14,False,True,False
1499e758c6855a74,17,162,13,True,True,True
e9b0d4743b3f5256,16,160,16,True,True,True
3ff6652d6dec55da,19,150,23,True,True,True
3c30c0c940045ac2,12,155,25,False,True,False
b9e0dc94c7725924,14,156,22,False,True,False
0506b1697fb05337,11,157,24,True,True,False
7cfa2141cf77549d,17,162,13,False,True,False
089107cd2d6354e0,15,161,16,True,True,False
b03c039a00bd5792,19,163,10,True,True,True
064bbfac76a95dae,10,167,15,True,True,False
ad8019f55bc554de,14,160,18,True,True,False
073c4d0738b45047,12,160,20,False,True,False
b29e1677139a5f6b,18,161,13,False,True,False
c615107923dc5602,16,140,36,True,True,True
ffb15604a2a25cb8,15,159,18,True,True,False
4124b6e12f8b5f0d,10,162,20,False,True,False
a3298b678d225d61,18,151,23,True,True,True
e20b77b0ed075fb6,18,148,26,False,True,False
71452581394b54da,16,163,13,True,True,True
54399d56e69f5a2c,14,134,44,False,True,False
2bdd7e6fdc0e5977,16,140,36,True,True,True
2f875dc108ed572f,14,158,20,True,True,False
91513086606a567e,18,141,33,True,True,True
80dfd05ab759518f,16,153,23,False,True,False
d5e7dc43eb5c57cd,18,157,17,True,True,True
13014abb5b115ee2,20,162,10,False,True,False
9430278b77c05446,15,161,16,True,True,False
97e38fdccf915283,15,158,19,True,True,False
8787fbb12fed5433,14,158,20,False,True,False
a460f60f07f05098,13,160,19,True,True,False
570334268a395022,27,142,23,True,True,True
16a705e621675626,15,158,19,True,True,False
377030639621540e,16,159,17,True,True,True
2e94974489245ae6,11,157,24,True,True,False
dc2a30b4130f5ab4,12,161,19,True,True,False
11f415ea61f95bbb,14,164,14,True,True,False
7fd57c3a03465a0a,14,160,18,False,True,False
bfabfb64124e5563,19,155,18,True,True,True
0dff173b10b75b6a,14,160,18,True,True,False
efd13cf71f83504e,18,162,12,True,True,True
86a8eb25b4045aba,15,163,14,False,True,False
04f77fbd6bf3505a,16,160,16,False,True,False
69cd8ef1721f550d,16,143,33,True,True,True
738c5da7a06d554c,18,161,13,False,True,False
a57d242401f951f5,14,160,18,False,True,False
d57a735214e65851,16,147,29,True,True,True
9bbb66957b9d5e1c,13,161,18,True,True,False
ccb7a68f3e0a57fc,19,141,32,False,True,False
05c91985246d58a6,15,152,25,False,True,False
2d1c26e4b5895e96,19,160,13,True,True,True
1f71cdf4e4c65299,17,161,14,False,True,False
1b7a2afa56df5d20,17,154,21,False,True,False
1f37959067985e67,15,162,15,False,True,False
f07db0b393fd522e,16,161,15,True,True,True
fa4cc4b0188c5b79,15,162,15,False,True,False
eb2ede89ad9b5a6e,16,161,15,False,True,False
bc4345e13302535e,19,147,26,False,True,False
66568e650e4d57e7,14,155,23,False,True,False
74ae55238ee5525d,17,148,27,True,True,True
a124b877d2b35519,19,160,13,True,True,True
1c6a5ee8a5785b0e,10,160,22,True,True,False
ed47cee1c67e5d43,16,155,21,False,True,False
838c6ba50bd25cd5,14,165,13,False,True,False
089b0ec6d7d35c09,21,160,11,True,True,True
9dedf462b1c0528f,15,153,24,False,True,False
61987c90d8635129,14,161,17,False,True,False
bbbae26a26605b08,17,141,34,False,True,False
8142f060944c56fd,13,158,21,True,True,False
2c76b8e2d1d85701,16,156,20,False,True,False
8a0b4dd476055911,21,161,10,False,True,False
b8adc82de5ae50e2,18,160,14,False,True,False
025b2d4de25c5036,16,166,10,True,True,True
9a7fc4d0041650fc,18,157,17,True,True,True
ad1af1160bd05ef7,14,154,24,True,True,False
d4185f4edc7e54e5,10,161,21,True,True,False
1b1311d50d47553f,16,157,19,False,True,False
573ac67fb17a5a71,19,148,25,False,True,False
da8c9449da6854ed,15,153,24,False,True,False
7f2409d7f6705308,13,163,16,False,True,False
94ae5d67804c539d,22,160,10,False,True,False
4f9a94c1302e56d8,20,159,13,False,True,False
ed54b128881a5278,12,154,26,True,True,False
21c8e0c8fe5f5495,19,152,21,False,True,False
24ab9ae0499950e9,27,107,58,False,True,False
0d24b5cc9f005fe0,22,161,9,False,True,False
c3cb403773505798,12,161,19,False,True,False
b696a6cffd3a5700,17,156,19,True,True,True
0a02ef840f2d5d8e,13,159,20,False,True,False
ee0d56667d9755c2,13,160,19,False,True,False
575564a1b87c5502,19,161,12,True,True,True
7e5d78b37ed653b1,18,162,12,False,True,False
b003c9652cb05ffd,25,106,61,True,True,True
a9e5ed5e52b555bb,6,162,24,False,True,False
a2c048ba29a85ad0,11,152,29,False,True,False
90cee81074335c3c,14,149,29,False,True,False
f40040c002375188,15,161,16,False,True,False
7ff1d8c18a215751,20,163,9,False,True,False
2eaf758421aa5190,16,162,14,False,True,False
4bfb866afaf35777,15,161,16,True,True,False
