scope,membership,model,protocol,kind,scenes,teachers,nearest_ADE,hit64_0p25,hit16_0p25,mass64_0p25,hit64_0p5,hit16_0p5,mass64_0p5,hit64_1p0,hit16_1p0,mass64_1p0,weighted_nearest_ADE,weighted_hit64_0p25,weighted_hit16_0p25,weighted_mass64_0p25,weighted_hit64_0p5,weighted_hit16_0p5,weighted_mass64_0p5,weighted_hit64_1p0,weighted_hit16_1p0,weighted_mass64_1p0
FULL5000,PSI_TRAIN,official_il,eval,ALL,4111,6273,1.011801257763512,0.221681667072083,0.20391429498094543,0.11588826725046622,0.29441336252331146,0.28600097299927024,0.24178588441579502,0.42284926619638374,0.4103421714100381,0.36766069691072734,0.9409463019609792,0.26999513276068143,0.24904220136223673,0.14295696608762534,0.34580393875349874,0.33673071965658585,0.287547127118756,0.47770615247907616,0.4654129135912423,0.4218193156597354
FULL5000,PSI_TRAIN,official_il,eval,GT,1679,1679,0.18668663302162455,0.7891602144133413,0.7319833234067897,0.4291058665872543,0.9511614055985705,0.9324002382370459,0.8173950268016676,0.9922572960095295,0.9907683144729006,0.978316706372841,0.18668663302162455,0.7891602144133413,0.7319833234067897,0.4291058665872543,0.9511614055985705,0.9324002382370459,0.8173950268016676,0.9922572960095295,0.9907683144729006,0.978316706372841
FULL5000,PSI_TRAIN,official_il,eval,NON_GT,3677,4594,1.2562581624492277,0.04047683800199437,0.0329525881606382,0.011610744719427067,0.09500498594869004,0.08920315474571662,0.0640333208684616,0.2444021394252561,0.2293763031456804,0.18015493268969268,1.2429444223301938,0.041854772841376,0.03405629583503489,0.012116280228085969,0.097756322948447,0.09179358159211916,0.06575821822728006,0.256173510646444,0.24076692901829322,0.18890888420312782
FULL5000,PSI_TRAIN,official_il,native_grpo,ALL,4111,6273,1.150758658540536,0.0,0.0,0.0,0.00012162490878131841,3.0406227195329603e-05,1.9003891997081002e-06,0.367712640882186,0.18530568393740374,0.01586571596529636,1.1253700037125514,0.0,0.0,0.0,0.000170274869394082,4.25687173485205e-05,2.6605448342825312e-06,0.4164923358372429,0.21561055537109333,0.018616022409930575
FULL5000,PSI_TRAIN,official_il,native_grpo,GT,1679,1679,0.858327342755316,0.0,0.0,0.0,0.0005955926146515784,0.0001488981536628946,9.306134603930912e-06,0.9225729600952948,0.5327575938058368,0.04768463371054199,0.858327342755316,0.0,0.0,0.0,0.0005955926146515784,0.0001488981536628946,9.306134603930912e-06,0.9225729600952948,0.5327575938058368,0.04768463371054199
FULL5000,PSI_TRAIN,official_il,native_grpo,NON_GT,3677,4594,1.233608178399262,0.0,0.0,0.0,0.0,0.0,0.0,0.19485994016861571,0.07667029281116851,0.005904524748436225,1.2271134657220475,0.0,0.0,0.0,0.0,0.0,0.0,0.20126461768753345,0.07960633653716805,0.006135691448677354
FULL5000,PSI_TRAIN,original_grpo_11970,eval,ALL,4111,6273,1.0228383132675447,0.060407038028054805,0.04893375496635044,0.018142382226546665,0.221681667072083,0.20661031379226466,0.1394663960512446,0.4512284115786913,0.43530568393740365,0.37542885449606744,0.9636011265165699,0.07617367955200634,0.06236013061654913,0.02372407838924215,0.26525176176042403,0.247610068272657,0.1694871592870047,0.5076502049978386,0.49136766908602886,0.4290862139543223
FULL5000,PSI_TRAIN,original_grpo_11970,eval,GT,1679,1679,0.407333631558813,0.23108993448481238,0.1919297200714711,0.07453283204288266,0.7534246575342466,0.710541989279333,0.5014331447290054,0.9797498511018463,0.9739428231089935,0.9331261167361524,0.407333631558813,0.23108993448481238,0.1919297200714711,0.07453283204288266,0.7534246575342466,0.710541989279333,0.5014331447290054,0.9797498511018463,0.9739428231089935,0.9331261167361524
FULL5000,PSI_TRAIN,original_grpo_11970,eval,NON_GT,3677,4594,1.215638772374526,0.006935001359804188,0.005031275496328529,0.0015212809355452815,0.058108965642280845,0.05098132535581543,0.028242849696310402,0.2775360348109872,0.25952996101894665,0.1976425811349832,1.20406588164318,0.007152570016947589,0.005180853948114616,0.0015586755484918034,0.05954582532495463,0.05204650524244835,0.02879215389675531,0.2910116939707427,0.2722803910189684,0.20742814238040094
FULL5000,PSI_TRAIN,original_grpo_11970,native_grpo,ALL,4111,6273,1.1246141348549759,0.0,0.0,0.0,0.00012162490878131841,3.0406227195329603e-05,1.9003891997081002e-06,0.3650774345252574,0.16131517068028867,0.013056307265061217,1.1008175219012941,0.0,0.0,0.0,0.000170274869394082,4.25687173485205e-05,2.6605448342825312e-06,0.4121989766500548,0.18683714285851744,0.015282169666763814
FULL5000,PSI_TRAIN,original_grpo_11970,native_grpo,GT,1679,1679,0.8898615971997496,0.0,0.0,0.0,0.0005955926146515784,0.0001488981536628946,9.306134603930912e-06,0.8558665872543181,0.43478260869565216,0.037094252531268614,0.8898615971997496,0.0,0.0,0.0,0.0005955926146515784,0.0001488981536628946,9.306134603930912e-06,0.8558665872543181,0.43478260869565216,0.037094252531268614
FULL5000,PSI_TRAIN,original_grpo_11970,native_grpo,NON_GT,3677,4594,1.198499064569341,0.0,0.0,0.0,0.0,0.0,0.0,0.20746079231257364,0.07672695131901006,0.005663017858761671,1.1928354849917817,0.0,0.0,0.0,0.0,0.0,0.0,0.21438672815226392,0.07966752773212096,0.0058875271851925835
FULL5000,PSI_TRAIN,psi_sft,eval,ALL,4111,6273,0.9060135784719119,0.18243736317197762,0.1486965863942269,0.04906424835806373,0.2910078650774345,0.27341279494040377,0.18783193464688236,0.5230276493959296,0.4921855996108003,0.393921541798427,0.8428008653036843,0.21879104667120505,0.17868219242967906,0.05990045700356821,0.34191194158550364,0.3221813400469247,0.22256236884036612,0.5785940144146715,0.5486256354947184,0.4490057133809656
FULL5000,PSI_TRAIN,psi_sft,eval,GT,1679,1679,0.2800574397902321,0.6104824300178677,0.5035735556879095,0.17460169743895176,0.8921977367480644,0.8522930315664086,0.6098030821917808,0.9815366289458011,0.9767718880285885,0.9339450565812983,0.2800574397902321,0.6104824300178677,0.5035735556879095,0.17460169743895176,0.8921977367480644,0.8522930315664086,0.6098030821917808,0.9815366289458011,0.9767718880285885,0.9339450565812983
FULL5000,PSI_TRAIN,psi_sft,eval,NON_GT,3677,4594,1.1122162832488727,0.0415646813525519,0.031207506119118846,0.007544788550448735,0.10171335327712809,0.09145816335780982,0.05332840404315112,0.3621158553168344,0.3258544102982504,0.21638309083491977,1.0999148080744983,0.043772096709450335,0.03300924657932403,0.008092534648817309,0.10625509904362697,0.0957030185521346,0.055800839553964275,0.3766929559533221,0.3402502032800767,0.22737413259065561
FULL5000,PSI_TRAIN,psi_sft,native_grpo,ALL,4111,6273,1.1719113944424124,0.0,0.0,0.0,8.108327252087893e-05,2.0270818130219733e-05,1.2669261331387333e-06,0.2657504256871807,0.09537419930268384,0.0068002260196221515,1.149773069452816,0.0,0.0,0.0,0.000170274869394082,4.25687173485205e-05,2.6605448342825312e-06,0.2998783738399706,0.10907625806785448,0.007807178855281232
FULL5000,PSI_TRAIN,psi_sft,native_grpo,GT,1679,1679,0.9608555855745358,0.0,0.0,0.0,0.0005955926146515784,0.0001488981536628946,9.306134603930912e-06,0.6372840976771889,0.2473198332340679,0.018091125670041692,0.9608555855745358,0.0,0.0,0.0,0.0005955926146515784,0.0001488981536628946,9.306134603930912e-06,0.6372840976771889,0.2473198332340679,0.018091125670041692
FULL5000,PSI_TRAIN,psi_sft,native_grpo,NON_GT,3677,4594,1.2413587702302982,0.0,0.0,0.0,0.0,0.0,0.0,0.14250747892303509,0.04554210860302783,0.003115509699936543,1.236254117250248,0.0,0.0,0.0,0.0,0.0,0.0,0.1474571660189386,0.0473143866375344,0.0032403708801842642
FULL5000,PSI_VALIDATION,official_il,eval,ALL,889,889,0.4780220452589229,0.39032620922384703,0.3388638920134983,0.1783253655793026,0.6681664791901012,0.6242969628796401,0.468275449943757,0.8998875140607424,0.8849831271091113,0.8243110236220472,0.4780220452589229,0.39032620922384703,0.3388638920134983,0.1783253655793026,0.6681664791901012,0.6242969628796401,0.468275449943757,0.8998875140607424,0.8849831271091113,0.8243110236220472
FULL5000,PSI_VALIDATION,official_il,eval,GT,889,889,0.4780220452589229,0.39032620922384703,0.3388638920134983,0.1783253655793026,0.6681664791901012,0.6242969628796401,0.468275449943757,0.8998875140607424,0.8849831271091113,0.8243110236220472,0.4780220452589229,0.39032620922384703,0.3388638920134983,0.1783253655793026,0.6681664791901012,0.6242969628796401,0.468275449943757,0.8998875140607424,0.8849831271091113,0.8243110236220472
FULL5000,PSI_VALIDATION,official_il,native_grpo,ALL,889,889,0.9720509994284777,0.0,0.0,0.0,0.0022497187851518562,0.0005624296962879641,3.5151856017997754e-05,0.7232845894263217,0.37598425196850394,0.03232213160854893,0.9720509994284777,0.0,0.0,0.0,0.0022497187851518562,0.0005624296962879641,3.5151856017997754e-05,0.7232845894263217,0.37598425196850394,0.03232213160854893
FULL5000,PSI_VALIDATION,official_il,native_grpo,GT,889,889,0.9720509994284777,0.0,0.0,0.0,0.0022497187851518562,0.0005624296962879641,3.5151856017997754e-05,0.7232845894263217,0.37598425196850394,0.03232213160854893,0.9720509994284777,0.0,0.0,0.0,0.0022497187851518562,0.0005624296962879641,3.5151856017997754e-05,0.7232845894263217,0.37598425196850394,0.03232213160854893
FULL5000,PSI_VALIDATION,original_grpo_11970,eval,ALL,889,889,0.7031242957148026,0.09898762654668167,0.08014623172103487,0.02891240157480315,0.374578177727784,0.33352080989876265,0.21013779527559054,0.8166479190101237,0.7930258717660292,0.6918061023622047,0.7031242957148026,0.09898762654668167,0.08014623172103487,0.02891240157480315,0.374578177727784,0.33352080989876265,0.21013779527559054,0.8166479190101237,0.7930258717660292,0.6918061023622047
FULL5000,PSI_VALIDATION,original_grpo_11970,eval,GT,889,889,0.7031242957148026,0.09898762654668167,0.08014623172103487,0.02891240157480315,0.374578177727784,0.33352080989876265,0.21013779527559054,0.8166479190101237,0.7930258717660292,0.6918061023622047,0.7031242957148026,0.09898762654668167,0.08014623172103487,0.02891240157480315,0.374578177727784,0.33352080989876265,0.21013779527559054,0.8166479190101237,0.7930258717660292,0.6918061023622047
FULL5000,PSI_VALIDATION,original_grpo_11970,native_grpo,ALL,889,889,1.0156873303671923,0.0,0.0,0.0,0.0011248593925759281,0.00028121484814398203,1.7575928008998877e-05,0.6107986501687289,0.26462317210348707,0.021671119235095612,1.0156873303671923,0.0,0.0,0.0,0.0011248593925759281,0.00028121484814398203,1.7575928008998877e-05,0.6107986501687289,0.26462317210348707,0.021671119235095612
FULL5000,PSI_VALIDATION,original_grpo_11970,native_grpo,GT,889,889,1.0156873303671923,0.0,0.0,0.0,0.0011248593925759281,0.00028121484814398203,1.7575928008998877e-05,0.6107986501687289,0.26462317210348707,0.021671119235095612,1.0156873303671923,0.0,0.0,0.0,0.0011248593925759281,0.00028121484814398203,1.7575928008998877e-05,0.6107986501687289,0.26462317210348707,0.021671119235095612
FULL5000,PSI_VALIDATION,psi_sft,eval,ALL,889,889,0.5546390190971984,0.27671541057367827,0.20191226096737908,0.052534448818897635,0.592800899887514,0.5115298087739033,0.27414932508436446,0.8796400449943758,0.8503937007874016,0.7161136107986502,0.5546390190971984,0.27671541057367827,0.20191226096737908,0.052534448818897635,0.592800899887514,0.5115298087739033,0.27414932508436446,0.8796400449943758,0.8503937007874016,0.7161136107986502
FULL5000,PSI_VALIDATION,psi_sft,eval,GT,889,889,0.5546390190971984,0.27671541057367827,0.20191226096737908,0.052534448818897635,0.592800899887514,0.5115298087739033,0.27414932508436446,0.8796400449943758,0.8503937007874016,0.7161136107986502,0.5546390190971984,0.27671541057367827,0.20191226096737908,0.052534448818897635,0.592800899887514,0.5115298087739033,0.27414932508436446,0.8796400449943758,0.8503937007874016,0.7161136107986502
FULL5000,PSI_VALIDATION,psi_sft,native_grpo,ALL,889,889,1.1005347717063096,0.0,0.0,0.0,0.0,0.0,0.0,0.38357705286839144,0.1296400449943757,0.00920978627671541,1.1005347717063096,0.0,0.0,0.0,0.0,0.0,0.0,0.38357705286839144,0.1296400449943757,0.00920978627671541
FULL5000,PSI_VALIDATION,psi_sft,native_grpo,GT,889,889,1.1005347717063096,0.0,0.0,0.0,0.0,0.0,0.0,0.38357705286839144,0.1296400449943757,0.00920978627671541,1.1005347717063096,0.0,0.0,0.0,0.0,0.0,0.0,0.38357705286839144,0.1296400449943757,0.00920978627671541
NEW4000,PSI_TRAIN,official_il,eval,ALL,3276,4983,1.004005034419484,0.22481684981684982,0.20645095645095646,0.11800547542735043,0.30087505087505084,0.29185744810744807,0.24562633547008547,0.42958892958892964,0.4172644485144485,0.37384815705128205,0.9343726787635412,0.2729090331838681,0.25139651767300014,0.14514103368017367,0.35099206167990765,0.34133851986210134,0.29046426415505966,0.4831501814526516,0.47105082126973385,0.42728508180558855
NEW4000,PSI_TRAIN,official_il,eval,GT,1351,1351,0.18759855266376435,0.7897853441894893,0.730940044411547,0.4299824204293116,0.9526276831976314,0.9326424870466321,0.8148362324204294,0.9911176905995559,0.9896373056994818,0.9775513508512214,0.18759855266376435,0.7897853441894893,0.730940044411547,0.4299824204293116,0.9526276831976314,0.9326424870466321,0.8148362324204294,0.9911176905995559,0.9896373056994818,0.9775513508512214
NEW4000,PSI_TRAIN,official_il,eval,NON_GT,2910,3632,1.2510024613736013,0.04129438717067583,0.03397766323024055,0.012249427262313858,0.0997709049255441,0.0936426116838488,0.06741748997709049,0.2501718213058419,0.2351947308132875,0.18466942296678118,1.2378108998344526,0.04250859099974747,0.034974226749844566,0.012766859937728066,0.10225085897748823,0.09591924386847879,0.06900155704766128,0.2618213054548014,0.2464003431018685,0.19362005970130364
NEW4000,PSI_TRAIN,official_il,native_grpo,ALL,3276,4983,1.1484122520110256,0.0,0.0,0.0,0.0,0.0,0.0,0.37047212047212047,0.18813593813593812,0.016163957570207572,1.1233244012672823,0.0,0.0,0.0,0.0,0.0,0.0,0.4181929164553591,0.2179639788210319,0.018868284344318368
NEW4000,PSI_TRAIN,official_il,native_grpo,GT,1351,1351,0.8595075955397989,0.0,0.0,0.0,0.0,0.0,0.0,0.921539600296077,0.5349740932642487,0.0479390266469282,0.8595075955397989,0.0,0.0,0.0,0.0,0.0,0.0,0.921539600296077,0.5349740932642487,0.0479390266469282
NEW4000,PSI_TRAIN,official_il,native_grpo,NON_GT,2910,3632,1.2325017937475053,0.0,0.0,0.0,0.0,0.0,0.0,0.1964490263459336,0.07807846506300115,0.006032538659793815,1.2260756156903363,0.0,0.0,0.0,0.0,0.0,0.0,0.2021993125222393,0.08070876274987594,0.006244899044005373
NEW4000,PSI_TRAIN,original_grpo_11970,eval,ALL,3276,4983,1.0173522512427324,0.06018518518518518,0.04819139194139193,0.017826935795685797,0.22461334961334958,0.2091346153846154,0.140635333994709,0.4573158323158323,0.4402599715099715,0.37967811991249495,0.9589438367412131,0.07585470005415007,0.06135912626863472,0.023280581973108744,0.26686507762752026,0.2493246314712824,0.17033062257004564,0.5130494488209886,0.49550518629588053,0.43221725906462605
NEW4000,PSI_TRAIN,original_grpo_11970,eval,GT,1351,1351,0.4105265797629434,0.22797927461139897,0.18708364174685418,0.07243477054034049,0.7468541820873427,0.7055884529977794,0.49820734641006664,0.9792746113989638,0.9729829755736491,0.9299130273871207,0.4105265797629434,0.22797927461139897,0.18708364174685418,0.07243477054034049,0.7468541820873427,0.7055884529977794,0.49820734641006664,0.9792746113989638,0.9729829755736491,0.9299130273871207
NEW4000,PSI_TRAIN,original_grpo_11970,eval,NON_GT,2910,3632,1.2114210841581994,0.006357388316151203,0.004725085910652921,0.0014282646048109965,0.06122565864833906,0.05345074455899198,0.028665521191294382,0.2830469644902635,0.263659793814433,0.2017790664375716,1.1997245389366478,0.006563573870871894,0.004845360817573324,0.0014497422667610687,0.06231958756536962,0.05438144324264166,0.029212306667426503,0.296958762499475,0.27669243924703796,0.21167686808041433
NEW4000,PSI_TRAIN,original_grpo_11970,native_grpo,ALL,3276,4983,1.1234524799863352,0.0,0.0,0.0,0.00015262515262515263,3.8156288156288156e-05,2.3847680097680098e-06,0.3673687423687424,0.16327075702075702,0.013179817867317865,1.0999445816608866,0.0,0.0,0.0,0.00021367521003634647,5.341880250908662e-05,3.3386751568179136e-06,0.41373626200962127,0.18835851511666699,0.015351466990191994
NEW4000,PSI_TRAIN,original_grpo_11970,native_grpo,GT,1351,1351,0.892665322448129,0.0,0.0,0.0,0.0007401924500370096,0.0001850481125092524,1.1565507031828275e-05,0.850481125092524,0.4319022945965951,0.03676674685418209,0.892665322448129,0.0,0.0,0.0,0.0007401924500370096,0.0001850481125092524,1.1565507031828275e-05,0.850481125092524,0.4319022945965951,0.03676674685418209
NEW4000,PSI_TRAIN,original_grpo_11970,native_grpo,NON_GT,2910,3632,1.1980910355282812,0.0,0.0,0.0,0.0,0.0,0.0,0.2084765177548683,0.07822164948453608,0.00574080040091638,1.1924458139335987,0.0,0.0,0.0,0.0,0.0,0.0,0.21524054965202752,0.08114690707157977,0.005967031775804115
NEW4000,PSI_TRAIN,psi_sft,eval,ALL,3276,4983,0.8988821168472224,0.18737281237281234,0.1528032153032153,0.05035835113960113,0.29502442002442003,0.277765059015059,0.1920652408933659,0.5279812779812779,0.4977106227106227,0.4009637642450143,0.8367033526756242,0.22347374673436995,0.18219245866314032,0.06082732312327822,0.344948105486758,0.32540445402264595,0.22617831196842353,0.5820360179440152,0.5528655342680376,0.45509839258074275
NEW4000,PSI_TRAIN,psi_sft,eval,GT,1351,1351,0.2797466474195748,0.616580310880829,0.506661732050333,0.17541404515173945,0.8904515173945226,0.850481125092524,0.6137467616580311,0.9807549962990377,0.9768689859363434,0.9351175055514434,0.2797466474195748,0.616580310880829,0.506661732050333,0.17541404515173945,0.8904515173945226,0.850481125092524,0.6137467616580311,0.9807549962990377,0.9768689859363434,0.9351175055514434
NEW4000,PSI_TRAIN,psi_sft,eval,NON_GT,2910,3632,1.107576348806677,0.04266895761741122,0.0325028636884307,0.00770332187857961,0.10332187857961053,0.09355670103092784,0.054144294100801835,0.3671821305841924,0.3306701030927835,0.22111880727376865,1.0952439053489784,0.04472508581028771,0.03411512019503157,0.008079896887757934,0.10780068705581718,0.09768900322852675,0.05639739034879838,0.38159793788419966,0.34487542886146155,0.23195527222958037
NEW4000,PSI_TRAIN,psi_sft,native_grpo,ALL,3276,4983,1.1696744766245541,0.0,0.0,0.0,0.00010175010175010175,2.5437525437525436e-05,1.5898453398453398e-06,0.27045177045177043,0.09797262922262924,0.007012807794057795,1.1476890308479977,0.0,0.0,0.0,0.00021367521003634647,5.341880250908662e-05,3.3386751568179136e-06,0.3037698400526402,0.1113782043958831,0.008003281386767007
NEW4000,PSI_TRAIN,psi_sft,native_grpo,GT,1351,1351,0.9605589006937141,0.0,0.0,0.0,0.0007401924500370096,0.0001850481125092524,1.1565507031828275e-05,0.6365655070318282,0.24870466321243523,0.018273501110288675,0.9605589006937141,0.0,0.0,0.0,0.0007401924500370096,0.0001850481125092524,1.1565507031828275e-05,0.6365655070318282,0.24870466321243523,0.018273501110288675
NEW4000,PSI_TRAIN,psi_sft,native_grpo,NON_GT,2910,3632,1.2403482007406832,0.0,0.0,0.0,0.0,0.0,0.0,0.14547537227949597,0.04676403207331042,0.003195697308132875,1.2351305295921273,0.0,0.0,0.0,0.0,0.0,0.0,0.15034364245806364,0.048505154549051396,0.0033201782581719643
NEW4000,PSI_VALIDATION,official_il,eval,ALL,724,724,0.4672140617589904,0.393646408839779,0.3446132596685083,0.18380956491712708,0.6781767955801105,0.6332872928176796,0.48111619475138123,0.9060773480662984,0.8912292817679558,0.8326786947513812,0.4672140617589904,0.393646408839779,0.3446132596685083,0.18380956491712708,0.6781767955801105,0.6332872928176796,0.48111619475138123,0.9060773480662984,0.8912292817679558,0.8326786947513812
NEW4000,PSI_VALIDATION,official_il,eval,GT,724,724,0.4672140617589904,0.393646408839779,0.3446132596685083,0.18380956491712708,0.6781767955801105,0.6332872928176796,0.48111619475138123,0.9060773480662984,0.8912292817679558,0.8326786947513812,0.4672140617589904,0.393646408839779,0.3446132596685083,0.18380956491712708,0.6781767955801105,0.6332872928176796,0.48111619475138123,0.9060773480662984,0.8912292817679558,0.8326786947513812
NEW4000,PSI_VALIDATION,official_il,native_grpo,ALL,724,724,0.9633153360851562,0.0,0.0,0.0,0.0027624309392265192,0.0006906077348066298,4.316298342541436e-05,0.7320441988950276,0.38363259668508287,0.03325707872928177,0.9633153360851562,0.0,0.0,0.0,0.0027624309392265192,0.0006906077348066298,4.316298342541436e-05,0.7320441988950276,0.38363259668508287,0.03325707872928177
NEW4000,PSI_VALIDATION,official_il,native_grpo,GT,724,724,0.9633153360851562,0.0,0.0,0.0,0.0027624309392265192,0.0006906077348066298,4.316298342541436e-05,0.7320441988950276,0.38363259668508287,0.03325707872928177,0.9633153360851562,0.0,0.0,0.0,0.0027624309392265192,0.0006906077348066298,4.316298342541436e-05,0.7320441988950276,0.38363259668508287,0.03325707872928177
NEW4000,PSI_VALIDATION,original_grpo_11970,eval,ALL,724,724,0.6983538719707102,0.08701657458563536,0.07216850828729282,0.02479713397790055,0.3812154696132597,0.3383977900552486,0.2082613950276243,0.8218232044198895,0.801450276243094,0.6973843232044199,0.6983538719707102,0.08701657458563536,0.07216850828729282,0.02479713397790055,0.3812154696132597,0.3383977900552486,0.2082613950276243,0.8218232044198895,0.801450276243094,0.6973843232044199
NEW4000,PSI_VALIDATION,original_grpo_11970,eval,GT,724,724,0.6983538719707102,0.08701657458563536,0.07216850828729282,0.02479713397790055,0.3812154696132597,0.3383977900552486,0.2082613950276243,0.8218232044198895,0.801450276243094,0.6973843232044199,0.6983538719707102,0.08701657458563536,0.07216850828729282,0.02479713397790055,0.3812154696132597,0.3383977900552486,0.2082613950276243,0.8218232044198895,0.801450276243094,0.6973843232044199
NEW4000,PSI_VALIDATION,original_grpo_11970,native_grpo,ALL,724,724,1.007691829985018,0.0,0.0,0.0,0.0013812154696132596,0.0003453038674033149,2.158149171270718e-05,0.6187845303867403,0.26588397790055246,0.02175414364640884,1.007691829985018,0.0,0.0,0.0,0.0013812154696132596,0.0003453038674033149,2.158149171270718e-05,0.6187845303867403,0.26588397790055246,0.02175414364640884
NEW4000,PSI_VALIDATION,original_grpo_11970,native_grpo,GT,724,724,1.007691829985018,0.0,0.0,0.0,0.0013812154696132596,0.0003453038674033149,2.158149171270718e-05,0.6187845303867403,0.26588397790055246,0.02175414364640884,1.007691829985018,0.0,0.0,0.0,0.0013812154696132596,0.0003453038674033149,2.158149171270718e-05,0.6187845303867403,0.26588397790055246,0.02175414364640884
NEW4000,PSI_VALIDATION,psi_sft,eval,ALL,724,724,0.5415077832172424,0.292817679558011,0.21132596685082872,0.05565866712707182,0.606353591160221,0.5279696132596685,0.2836887085635359,0.8812154696132597,0.8549723756906077,0.7271452002762431,0.5415077832172424,0.292817679558011,0.21132596685082872,0.05565866712707182,0.606353591160221,0.5279696132596685,0.2836887085635359,0.8812154696132597,0.8549723756906077,0.7271452002762431
NEW4000,PSI_VALIDATION,psi_sft,eval,GT,724,724,0.5415077832172424,0.292817679558011,0.21132596685082872,0.05565866712707182,0.606353591160221,0.5279696132596685,0.2836887085635359,0.8812154696132597,0.8549723756906077,0.7271452002762431,0.5415077832172424,0.292817679558011,0.21132596685082872,0.05565866712707182,0.606353591160221,0.5279696132596685,0.2836887085635359,0.8812154696132597,0.8549723756906077,0.7271452002762431
NEW4000,PSI_VALIDATION,psi_sft,native_grpo,ALL,724,724,1.0943576570867835,0.0,0.0,0.0,0.0,0.0,0.0,0.3839779005524862,0.13156077348066297,0.009387948895027625,1.0943576570867835,0.0,0.0,0.0,0.0,0.0,0.0,0.3839779005524862,0.13156077348066297,0.009387948895027625
NEW4000,PSI_VALIDATION,psi_sft,native_grpo,GT,724,724,1.0943576570867835,0.0,0.0,0.0,0.0,0.0,0.0,0.3839779005524862,0.13156077348066297,0.009387948895027625,1.0943576570867835,0.0,0.0,0.0,0.0,0.0,0.0,0.3839779005524862,0.13156077348066297,0.009387948895027625
OLD1000,PSI_TRAIN,official_il,eval,ALL,835,1290,1.042388596296489,0.2093812375249501,0.19396207584830338,0.10758171157684632,0.269061876247505,0.26302395209580837,0.22671843812375247,0.3964071856287425,0.383183632734531,0.34338510479041917,0.9667369481823045,0.25856287193869404,0.23980538671066662,0.13438809730536388,0.3254490995835401,0.31865269154488685,0.2761021679200366,0.4563473034761623,0.4432934099328732,0.40037518405037636
OLD1000,PSI_TRAIN,official_il,eval,GT,328,328,0.1829305249834206,0.7865853658536586,0.7362804878048781,0.4254954268292683,0.9451219512195121,0.9314024390243902,0.8279344512195121,0.9969512195121951,0.9954268292682927,0.981469131097561,0.1829305249834206,0.7865853658536586,0.7362804878048781,0.4254954268292683,0.9451219512195121,0.9314024390243902,0.8279344512195121,0.9969512195121951,0.9954268292682927,0.981469131097561
OLD1000,PSI_TRAIN,official_il,eval,NON_GT,767,962,1.276198306034721,0.03737505432420686,0.02906345067362016,0.0091875814863103,0.07692307692307693,0.07235984354628422,0.05119377444589309,0.22251195132551066,0.20730117340286833,0.16302694480660582,1.262421020065013,0.03937418504364332,0.030573663550685252,0.009647979113276965,0.08070404153448352,0.07614080815769081,0.0534529822855469,0.2347457624165611,0.21939374129573244,0.1710346720783669
OLD1000,PSI_TRAIN,official_il,native_grpo,ALL,835,1290,1.159964440325777,0.0,0.0,0.0,0.0005988023952095808,0.0001497005988023952,9.3562874251497e-06,0.3568862275449102,0.17420159680638725,0.014695608782435131,1.1333956248032118,0.0,0.0,0.0,0.0008383233390168516,0.0002095808347542129,1.3098802172138306e-05,0.40982035726844196,0.20637724372798097,0.017626309718847454
OLD1000,PSI_TRAIN,official_il,native_grpo,GT,328,328,0.8534659966826439,0.0,0.0,0.0,0.003048780487804878,0.0007621951219512195,4.763719512195122e-05,0.926829268292683,0.5236280487804879,0.046636814024390245,0.8534659966826439,0.0,0.0,0.0,0.003048780487804878,0.0007621951219512195,4.763719512195122e-05,0.926829268292683,0.5236280487804879,0.046636814024390245
OLD1000,PSI_TRAIN,official_il,native_grpo,NON_GT,767,962,1.2378058046529936,0.0,0.0,0.0,0.0,0.0,0.0,0.18883094306823117,0.07132768361581922,0.0054188396349413295,1.2310510714486183,0.0,0.0,0.0,0.0,0.0,0.0,0.1977183830473849,0.07542372861150969,0.005721357547237284
OLD1000,PSI_TRAIN,original_grpo_11970,eval,ALL,835,1290,1.0443620727804606,0.061277445109780435,0.05184630738522954,0.01937999001996008,0.21017964071856288,0.1967065868263473,0.1348802395209581,0.42734530938123755,0.4158682634730539,0.3587574850299401,0.9818733196950958,0.07742514881545198,0.06628742432166003,0.02546407151409609,0.25892215363993615,0.24088323110056495,0.16617795483761294,0.4864670639623425,0.4751347273142038,0.4168020178089866
OLD1000,PSI_TRAIN,original_grpo_11970,eval,GT,328,328,0.3941821894131419,0.24390243902439024,0.21189024390243902,0.08317454268292683,0.7804878048780488,0.7309451219512195,0.514719893292683,0.9817073170731707,0.9778963414634146,0.946360518292683,0.3941821894131419,0.24390243902439024,0.21189024390243902,0.08317454268292683,0.7804878048780488,0.7309451219512195,0.514719893292683,0.9817073170731707,0.9778963414634146,0.946360518292683
OLD1000,PSI_TRAIN,original_grpo_11970,eval,NON_GT,767,962,1.231640692465153,0.009126466753585397,0.006192959582790091,0.0018741851368970013,0.046284224250325946,0.041612342459800084,0.026639232942199047,0.25662755323772274,0.24386136462407643,0.18194874511082137,1.2205369471920826,0.009387222931002701,0.006453715760207394,0.0019719687034284897,0.04902216415206332,0.0431877443812195,0.027198093189254424,0.2684485004653831,0.2555410685369835,0.19130846599573476
OLD1000,PSI_TRAIN,original_grpo_11970,native_grpo,ALL,835,1290,1.1291717173096663,0.0,0.0,0.0,0.0,0.0,0.0,0.3560878243512974,0.15364271457085832,0.012571731536926149,1.10424237486845,0.0,0.0,0.0,0.0,0.0,0.0,0.4061676630716838,0.1808682619989989,0.015010291784667147
OLD1000,PSI_TRAIN,original_grpo_11970,native_grpo,GT,328,328,0.878313326435845,0.0,0.0,0.0,0.0,0.0,0.0,0.8780487804878049,0.44664634146341464,0.038443216463414635,0.878313326435845,0.0,0.0,0.0,0.0,0.0,0.0,0.8780487804878049,0.44664634146341464,0.038443216463414635
OLD1000,PSI_TRAIN,original_grpo_11970,native_grpo,NON_GT,767,962,1.2000471278150824,0.0,0.0,0.0,0.0,0.0,0.0,0.20360712733594089,0.0710560625814863,0.005367910691003911,1.1943138980026196,0.0,0.0,0.0,0.0,0.0,0.0,0.21114732715576848,0.07405475866064098,0.005585886561099289
OLD1000,PSI_TRAIN,psi_sft,eval,ALL,835,1290,0.9339928219239869,0.16307385229540916,0.13258483033932136,0.043987025948103796,0.275249500998004,0.25633732534930137,0.17122317864271455,0.5035928143712575,0.47050898203592817,0.36629241516966066,0.8667235615546118,0.20041915995632104,0.16491017784187179,0.05626403376025087,0.3299999979441751,0.3095359252152329,0.20837574646010726,0.5650898185318816,0.5319910146786782,0.4251019803768102
OLD1000,PSI_TRAIN,psi_sft,eval,GT,328,328,0.28133756324376274,0.5853658536585366,0.49085365853658536,0.17125571646341464,0.899390243902439,0.8597560975609756,0.5935594512195121,0.9847560975609756,0.9763719512195121,0.9291158536585366,0.28133756324376274,0.5853658536585366,0.49085365853658536,0.17125571646341464,0.899390243902439,0.8597560975609756,0.5935594512195121,0.9847560975609756,0.9763719512195121,0.9291158536585366
OLD1000,PSI_TRAIN,psi_sft,eval,NON_GT,767,962,1.1298202066214798,0.03737505432420686,0.026292916123424596,0.006943312690134725,0.09561060408518035,0.08349630595393306,0.05023291503694046,0.3428943937418514,0.30758365927857456,0.19841577031725338,1.117636225194788,0.04015645357589523,0.028813559197695657,0.008140482347230324,0.10039113409516087,0.08816818751132473,0.05353752428282057,0.3580834417175283,0.32270208536374057,0.2099932768549697
OLD1000,PSI_TRAIN,psi_sft,native_grpo,ALL,835,1290,1.1806876133302016,0.0,0.0,0.0,0.0,0.0,0.0,0.2473053892215569,0.08517964071856288,0.00596619261477046,1.1579494891766302,0.0,0.0,0.0,0.0,0.0,0.0,0.2846107770582873,0.100044909360523,0.0070377993425298595
OLD1000,PSI_TRAIN,psi_sft,native_grpo,GT,328,328,0.9620776016537737,0.0,0.0,0.0,0.0,0.0,0.0,0.6402439024390244,0.24161585365853658,0.017339939024390245,0.9620776016537737,0.0,0.0,0.0,0.0,0.0,0.0,0.6402439024390244,0.24161585365853658,0.017339939024390245
OLD1000,PSI_TRAIN,psi_sft,native_grpo,NON_GT,767,962,1.2451928735090203,0.0,0.0,0.0,0.0,0.0,0.0,0.13124728378965667,0.04090612777053455,0.002811277705345502,1.2405170117549822,0.0,0.0,0.0,0.0,0.0,0.0,0.1365058668822322,0.04279661007623784,0.0029375814799962484
OLD1000,PSI_VALIDATION,official_il,eval,ALL,165,165,0.5254461667980208,0.37575757575757573,0.31363636363636366,0.15426136363636364,0.6242424242424243,0.5848484848484848,0.4119318181818182,0.8727272727272727,0.8575757575757575,0.787594696969697,0.5254461667980208,0.37575757575757573,0.31363636363636366,0.15426136363636364,0.6242424242424243,0.5848484848484848,0.4119318181818182,0.8727272727272727,0.8575757575757575,0.787594696969697
OLD1000,PSI_VALIDATION,official_il,eval,GT,165,165,0.5254461667980208,0.37575757575757573,0.31363636363636366,0.15426136363636364,0.6242424242424243,0.5848484848484848,0.4119318181818182,0.8727272727272727,0.8575757575757575,0.787594696969697,0.5254461667980208,0.37575757575757573,0.31363636363636366,0.15426136363636364,0.6242424242424243,0.5848484848484848,0.4119318181818182,0.8727272727272727,0.8575757575757575,0.787594696969697
OLD1000,PSI_VALIDATION,official_il,native_grpo,ALL,165,165,1.0103820313106884,0.0,0.0,0.0,0.0,0.0,0.0,0.6848484848484848,0.3424242424242424,0.02821969696969697,1.0103820313106884,0.0,0.0,0.0,0.0,0.0,0.0,0.6848484848484848,0.3424242424242424,0.02821969696969697
OLD1000,PSI_VALIDATION,official_il,native_grpo,GT,165,165,1.0103820313106884,0.0,0.0,0.0,0.0,0.0,0.0,0.6848484848484848,0.3424242424242424,0.02821969696969697,1.0103820313106884,0.0,0.0,0.0,0.0,0.0,0.0,0.6848484848484848,0.3424242424242424,0.02821969696969697
OLD1000,PSI_VALIDATION,original_grpo_11970,eval,ALL,165,165,0.7240563368706993,0.15151515151515152,0.11515151515151516,0.04696969696969697,0.34545454545454546,0.31212121212121213,0.21837121212121213,0.793939393939394,0.7560606060606061,0.6673295454545455,0.7240563368706993,0.15151515151515152,0.11515151515151516,0.04696969696969697,0.34545454545454546,0.31212121212121213,0.21837121212121213,0.793939393939394,0.7560606060606061,0.6673295454545455
OLD1000,PSI_VALIDATION,original_grpo_11970,eval,GT,165,165,0.7240563368706993,0.15151515151515152,0.11515151515151516,0.04696969696969697,0.34545454545454546,0.31212121212121213,0.21837121212121213,0.793939393939394,0.7560606060606061,0.6673295454545455,0.7240563368706993,0.15151515151515152,0.11515151515151516,0.04696969696969697,0.34545454545454546,0.31212121212121213,0.21837121212121213,0.793939393939394,0.7560606060606061,0.6673295454545455
OLD1000,PSI_VALIDATION,original_grpo_11970,native_grpo,ALL,165,165,1.0507706168926123,0.0,0.0,0.0,0.0,0.0,0.0,0.5757575757575758,0.2590909090909091,0.02130681818181818,1.0507706168926123,0.0,0.0,0.0,0.0,0.0,0.0,0.5757575757575758,0.2590909090909091,0.02130681818181818
OLD1000,PSI_VALIDATION,original_grpo_11970,native_grpo,GT,165,165,1.0507706168926123,0.0,0.0,0.0,0.0,0.0,0.0,0.5757575757575758,0.2590909090909091,0.02130681818181818,1.0507706168926123,0.0,0.0,0.0,0.0,0.0,0.0,0.5757575757575758,0.2590909090909091,0.02130681818181818
OLD1000,PSI_VALIDATION,psi_sft,eval,ALL,165,165,0.6122572904734901,0.20606060606060606,0.1606060606060606,0.038825757575757576,0.5333333333333333,0.4393939393939394,0.23229166666666667,0.8727272727272727,0.8303030303030303,0.6677083333333333,0.6122572904734901,0.20606060606060606,0.1606060606060606,0.038825757575757576,0.5333333333333333,0.4393939393939394,0.23229166666666667,0.8727272727272727,0.8303030303030303,0.6677083333333333
OLD1000,PSI_VALIDATION,psi_sft,eval,GT,165,165,0.6122572904734901,0.20606060606060606,0.1606060606060606,0.038825757575757576,0.5333333333333333,0.4393939393939394,0.23229166666666667,0.8727272727272727,0.8303030303030303,0.6677083333333333,0.6122572904734901,0.20606060606060606,0.1606060606060606,0.038825757575757576,0.5333333333333333,0.4393939393939394,0.23229166666666667,0.8727272727272727,0.8303030303030303,0.6677083333333333
OLD1000,PSI_VALIDATION,psi_sft,native_grpo,ALL,165,165,1.1276392019156254,0.0,0.0,0.0,0.0,0.0,0.0,0.38181818181818183,0.12121212121212122,0.008428030303030304,1.1276392019156254,0.0,0.0,0.0,0.0,0.0,0.0,0.38181818181818183,0.12121212121212122,0.008428030303030304
OLD1000,PSI_VALIDATION,psi_sft,native_grpo,GT,165,165,1.1276392019156254,0.0,0.0,0.0,0.0,0.0,0.0,0.38181818181818183,0.12121212121212122,0.008428030303030304,1.1276392019156254,0.0,0.0,0.0,0.0,0.0,0.0,0.38181818181818183,0.12121212121212122,0.008428030303030304
