scope,model,metric,n,mean_difference,median_difference,ci_low,ci_high,log_cluster_ci_low,log_cluster_ci_high,win_fraction,tie_fraction,log_count
FULL5000,official_il,pairwise_ADE,5000,1.8483949976395815,1.8486298965290189,1.8469637853203063,1.849839879829739,1.846892244583391,1.8498881908725249,1.0,0.0,991
FULL5000,official_il,pairwise_ADE64,5000,1.8482469343096017,1.8487279415130615,1.8468737300008162,1.8495816908420808,1.8467649769859182,1.8497119150406862,1.0,0.0,991
FULL5000,official_il,centroid_displacement,5000,0.0,0.0,0.0,0.0,0.0,0.0,0.0,1.0,991
FULL5000,official_il,feasible_rate,5000,-0.238846875,-0.21875,-0.24516960937499999,-0.23267484375,-0.2463567194865062,-0.2313822149846491,0.0442,0.096,991
FULL5000,official_il,mean_PDMS,5000,-22.394326138789662,-17.87584964005098,-22.887524204960947,-21.900083886870707,-22.975840952184516,-21.79821723567877,0.0246,0.0004,991
FULL5000,official_il,min_PDMS,5000,-65.75996769181599,-75.0,-66.63277631000255,-64.88896542013876,-66.72755601079214,-64.77264319112466,0.0,0.0442,991
FULL5000,official_il,max_PDMS,5000,2.9182038686215384,0.8933630699817385,2.6325824888779263,3.211990532600494,2.5845261889319713,3.247866005261621,0.574,0.3666,991
FULL5000,official_il,CVaR25_PDMS,5000,-53.30448210281748,-52.35940912325103,-54.107194932132614,-52.50608403402966,-54.26548702716371,-52.37435882828676,0.0014,0.0298,991
FULL5000,official_il,Spread_AUC,5000,1.4741303321193904,1.475089207291603,1.4729508925746568,1.475253323333366,1.47289408827266,1.475340802337712,1.0,0.0,991
FULL5000,official_il,hard_failure_rate,5000,0.1552125,0.078125,0.14983375,0.16063140625,0.14839476218952016,0.1622032008878007,0.7418,0.2362,991
FULL5000,official_il,zero_score_rate,5000,0.151059375,0.078125,0.145802578125,0.15629171875,0.14433624538543352,0.1576671124831,0.724,0.2546,991
FULL5000,official_il,std_PDMS,5000,24.99453850023804,25.120363583355044,24.646666418689893,25.346963863134132,24.595524955522446,25.417051432324712,0.9862,0.0004,991
FULL5000,official_il,no_safe_group,5000,-0.02475,0.0,-0.029,-0.020698749999999995,-0.029519190624759033,-0.020219089162785205,0.0056,0.9598,991
FULL5000,official_il,best_safe_PDMS,4802,1.5219388853451872,0.643266465219618,1.4539875989959368,1.5895417475658298,1.443507630765988,1.6056218652292298,0.5589337775926697,0.3758850478967097,977
FULL5000,official_il,Hit16,5000,0.2743,0.0,0.2629975,0.2858,0.2568483665191741,0.29238186222828805,0.4036,0.5586,991
FULL5000,official_il,GT_center_distance,5000,0.06625629114333671,0.06738116821302056,0.06469128986887769,0.06781836310885486,0.06446059482959796,0.06799829424686885,0.8778,0.0,991
FULL5000,original_grpo_11970,pairwise_ADE,5000,1.8221957394832746,1.8240475105121732,1.8206435466623445,1.8237900751030305,1.8205883851901072,1.8238491471825662,1.0,0.0,991
FULL5000,original_grpo_11970,pairwise_ADE64,5000,1.8220941771432757,1.8241355493664742,1.8206546074369923,1.82366628838405,1.8205184737418243,1.823660975286628,1.0,0.0,991
FULL5000,original_grpo_11970,centroid_displacement,5000,-0.0017065808489918708,1.77919864654541e-05,-0.002203846036605537,-0.0012261889656633137,-0.002255819937840856,-0.001121700210412275,0.5006,0.0,991
FULL5000,original_grpo_11970,feasible_rate,5000,-0.173890625,-0.125,-0.179231328125,-0.16875,-0.18071116561983883,-0.16747458743752522,0.0362,0.1042,991
FULL5000,original_grpo_11970,mean_PDMS,5000,-15.944544905737205,-12.465927792793735,-16.28456786483202,-15.601257455998434,-16.37836085997879,-15.5252955633636,0.0114,0.0006,991
FULL5000,original_grpo_11970,min_PDMS,5000,-62.392675815592355,-64.58333333333333,-63.140437101301096,-61.63640724755913,-63.24508567916307,-61.508707407289634,0.0,0.0132,991
FULL5000,original_grpo_11970,max_PDMS,5000,2.0992900486004977,0.18269678596463734,1.909623061812273,2.2985812588481536,1.8816034911979462,2.3448103989162714,0.517,0.4526,991
FULL5000,original_grpo_11970,CVaR25_PDMS,5000,-43.915654712896455,-39.2542912371693,-44.56581004202303,-43.27028917331215,-44.700804142355764,-43.10793918195395,0.0,0.0116,991
FULL5000,original_grpo_11970,Spread_AUC,5000,1.4521603261306881,1.4541773423552513,1.4508548693259433,1.4534461272852495,1.4508564143729492,1.4534903141500939,1.0,0.0,991
FULL5000,original_grpo_11970,hard_failure_rate,5000,0.08371875,0.03125,0.0802121875,0.08747515624999999,0.0789663497146292,0.08858368083740775,0.7102,0.2812,991
FULL5000,original_grpo_11970,zero_score_rate,5000,0.0808875,0.03125,0.077386953125,0.084425,0.07602906945039851,0.08571971630191938,0.6922,0.2992,991
FULL5000,original_grpo_11970,std_PDMS,5000,21.455752742345997,20.577465641477843,21.160650349610535,21.751900613400544,21.119268202326985,21.7943673966938,0.9964,0.0004,991
FULL5000,original_grpo_11970,no_safe_group,5000,-0.02195,0.0,-0.0259,-0.018248749999999994,-0.026796639427147738,-0.017387665553595912,0.0034,0.966,991
FULL5000,original_grpo_11970,best_safe_PDMS,4807,1.3932613934944336,0.033351147214347066,1.3243460608057505,1.4598040678151736,1.3230630073214849,1.4652599218407776,0.5046806740170584,0.4578739338464739,976
FULL5000,original_grpo_11970,Hit16,5000,0.11015,0.0,0.10219875,0.1180025,0.10207475932769718,0.11875667907116054,0.1548,0.8292,991
FULL5000,original_grpo_11970,GT_center_distance,5000,0.024093732590584914,0.024964965474484846,0.022410046790787678,0.025767297748088266,0.022490749047055968,0.025726937119182086,0.6694,0.0,991
FULL5000,psi_sft,pairwise_ADE,5000,1.9479790670223533,1.9507862385362387,1.9459843850966543,1.9499587314766273,1.945668212956972,1.9502504037573085,1.0,0.0,991
FULL5000,psi_sft,pairwise_ADE64,5000,1.9477836093574763,1.94991884380579,1.9458530792092532,1.9497512451474368,1.945571073929106,1.9500643619137723,1.0,0.0,991
FULL5000,psi_sft,centroid_displacement,5000,0.05804132907539606,0.06589507311582565,0.05566705953091383,0.06058845850793645,0.055420031362160796,0.0607141617601801,0.763,0.0,991
FULL5000,psi_sft,feasible_rate,5000,-0.287628125,-0.28125,-0.29375734375,-0.28101867187499996,-0.29564958564649246,-0.2800264657717471,0.0456,0.0636,991
FULL5000,psi_sft,mean_PDMS,5000,-26.31440785477386,-23.437499999999993,-26.812309613220954,-25.84621320966694,-26.896206974138295,-25.756433594635332,0.024,0.0008,991
FULL5000,psi_sft,min_PDMS,5000,-68.46045414636608,-79.16666666666667,-69.28592646441484,-67.61947539058536,-69.4368943931768,-67.48475451379527,0.0,0.0582,991
FULL5000,psi_sft,max_PDMS,5000,1.6194475525510805,0.0,1.3880214950997585,1.873205272964713,1.3664196829699518,1.8950077316298535,0.4746,0.4068,991
FULL5000,psi_sft,CVaR25_PDMS,5000,-58.32545250575845,-60.93674821469327,-59.12832438612678,-57.474838525004714,-59.2184069264209,-57.41634084129087,0.0006,0.0388,991
FULL5000,psi_sft,Spread_AUC,5000,1.5539000884622336,1.5557914525270462,1.5523405157281458,1.555508971427828,1.552165177899925,1.5557778313290125,1.0,0.0,991
FULL5000,psi_sft,hard_failure_rate,5000,0.18225,0.140625,0.17694375,0.18745984375000002,0.17594352501421373,0.1884965519611437,0.8028,0.1732,991
FULL5000,psi_sft,zero_score_rate,5000,0.177821875,0.125,0.172496171875,0.18312890625,0.17104836543051302,0.18422158170396608,0.787,0.1904,991
FULL5000,psi_sft,std_PDMS,5000,25.99978657031675,27.563736796048673,25.646958739114712,26.338365146966908,25.609568969299453,26.390682322885894,0.9764,0.0008,991
FULL5000,psi_sft,no_safe_group,5000,-0.0165,0.0,-0.0201,-0.012898749999999995,-0.0208714419841916,-0.012343803642428913,0.0108,0.9592,991
FULL5000,psi_sft,best_safe_PDMS,4829,0.6547326810420105,0.0,0.6004292783065325,0.7108983882968619,0.5916326752881416,0.7244009861462747,0.44957548146614207,0.4139573410644026,976
FULL5000,psi_sft,Hit16,5000,0.0213,0.0,0.01545,0.02740250000000001,0.015131580570815015,0.027949738197350506,0.0806,0.8444,991
FULL5000,psi_sft,GT_center_distance,5000,0.10038733972389885,0.10220887068306983,0.0974396675724538,0.10333009738661184,0.09712912295475562,0.1036279012337989,0.8328,0.0,991
NEW4000,official_il,pairwise_ADE,4000,1.847825718246866,1.8479722365736961,1.8460789651957457,1.8493712983370352,1.8461233217925428,1.849552538457078,1.0,0.0,944
NEW4000,official_il,pairwise_ADE64,4000,1.8474991450570524,1.8481419831514359,1.8459369789391988,1.8490693877166604,1.8458592256803716,1.8491445712551295,1.0,0.0,944
NEW4000,official_il,centroid_displacement,4000,0.0,0.0,0.0,0.0,0.0,0.0,0.0,1.0,944
NEW4000,official_il,feasible_rate,4000,-0.23639453125,-0.203125,-0.24343759765625,-0.2295146484375,-0.2443011276425723,-0.2283264732115994,0.0455,0.096,944
NEW4000,official_il,mean_PDMS,4000,-22.25589817525789,-17.63469392103221,-22.824221681616425,-21.733627574808907,-22.90115802456575,-21.62145054275238,0.0255,0.0,944
NEW4000,official_il,min_PDMS,4000,-65.47934806326752,-74.72918982555471,-66.42061496335141,-64.53993085465339,-66.52570079397475,-64.47900898732604,0.0,0.0465,944
NEW4000,official_il,max_PDMS,4000,3.012513208638154,0.8820190931807588,2.68869124450089,3.3634802123449803,2.661039304372686,3.396628645985846,0.5705,0.36825,944
NEW4000,official_il,CVaR25_PDMS,4000,-53.06242149096143,-51.73489362206047,-54.005941954380724,-52.16694162484167,-54.09489632596571,-52.03845326646078,0.00125,0.03175,944
NEW4000,official_il,Spread_AUC,4000,1.473698256162461,1.4746849238872528,1.4723969026903039,1.4749467978674917,1.472309667410888,1.4750843047432045,1.0,0.0,944
NEW4000,official_il,hard_failure_rate,4000,0.15390625,0.078125,0.14820644531250002,0.15994189453125,0.14648665143794384,0.16106631237795246,0.742,0.23475,944
NEW4000,official_il,zero_score_rate,4000,0.1497421875,0.078125,0.14367509765625,0.15578154296875002,0.14235078940633814,0.15706641853444184,0.72475,0.25275,944
NEW4000,official_il,std_PDMS,4000,24.910336386170258,24.85215378839831,24.505022374062708,25.32440651274995,24.4706416408085,25.34033775769388,0.986,0.0,944
NEW4000,official_il,no_safe_group,4000,-0.0261875,0.0,-0.03125,-0.021435937499999995,-0.03176175163621392,-0.020928165784700754,0.006,0.95775,944
NEW4000,official_il,best_safe_PDMS,3839,1.491340049928402,0.617254499228352,1.4173860905450804,1.564682122813161,1.4069145822469729,1.5781918394181924,0.5537900494920552,0.37926543370669447,928
NEW4000,official_il,Hit16,4000,0.2751875,0.0,0.2624375,0.2886265625,0.2574236681198844,0.2938924580370537,0.40225,0.56225,944
NEW4000,official_il,GT_center_distance,4000,0.06569640790099002,0.06706262751900444,0.06390936404405168,0.06744086316030058,0.0637683381503165,0.06764105390517881,0.87575,0.0,944
NEW4000,original_grpo_11970,pairwise_ADE,4000,1.821544742088765,1.8234267495572567,1.8197296815955895,1.823343114999286,1.8197360628080854,1.8233936557253714,1.0,0.0,944
NEW4000,original_grpo_11970,pairwise_ADE64,4000,1.8212882228754461,1.8232773318886757,1.8194734694566579,1.8230736364190931,1.8195149644343316,1.8231041052703045,1.0,0.0,944
NEW4000,original_grpo_11970,centroid_displacement,4000,-0.0018952226862311364,-0.00010816752910614014,-0.002436033428972587,-0.0013275960110127924,-0.002479909625394801,-0.0012888228222863965,0.4955,0.0,944
NEW4000,original_grpo_11970,feasible_rate,4000,-0.17347265625,-0.125,-0.179703515625,-0.16722216796875,-0.18033193219400165,-0.1665171045974568,0.0355,0.106,944
NEW4000,original_grpo_11970,mean_PDMS,4000,-15.930838306142723,-12.471838272224431,-16.32098513988241,-15.544758177924763,-16.41903439812131,-15.481146078214334,0.012,0.0005,944
NEW4000,original_grpo_11970,min_PDMS,4000,-62.17099476279621,-64.58333333333333,-63.00093770456391,-61.2926160274708,-63.06464012688501,-61.22077928792487,0.0,0.014,944
NEW4000,original_grpo_11970,max_PDMS,4000,2.137224137559446,0.1725860409288842,1.915998194999961,2.360680304500149,1.8896784635211932,2.4196600092715475,0.51675,0.45225,944
NEW4000,original_grpo_11970,CVaR25_PDMS,4000,-43.7853552405874,-39.164655911425236,-44.58361913056668,-43.01657133943336,-44.60638965871267,-43.00123593680747,0.0,0.0125,944
NEW4000,original_grpo_11970,Spread_AUC,4000,1.4516502121780068,1.453122891485691,1.450235210912861,1.4530581232657191,1.4501209313169063,1.4531374200555391,1.0,0.0,944
NEW4000,original_grpo_11970,hard_failure_rate,4000,0.08329296875,0.03125,0.07912890625,0.0874654296875,0.07824328743638266,0.08877389727851198,0.71025,0.28075,944
NEW4000,original_grpo_11970,zero_score_rate,4000,0.0803828125,0.03125,0.07644121093749999,0.08426269531250001,0.07561399891738046,0.0854345921219311,0.69225,0.29875,944
NEW4000,original_grpo_11970,std_PDMS,4000,21.381863147608666,20.556168670232324,21.066920146160733,21.701251210063116,21.020567541015843,21.7303565739606,0.99575,0.00025,944
NEW4000,original_grpo_11970,no_safe_group,4000,-0.0225,0.0,-0.0270015625,-0.018125,-0.02812431632795016,-0.017448645416702525,0.00425,0.96525,944
NEW4000,original_grpo_11970,best_safe_PDMS,3845,1.3899086985765348,0.03191267707275358,1.3183109132516204,1.4602985367246129,1.3148312228901535,1.465865106869429,0.5037711313394018,0.45851755526658,927
NEW4000,original_grpo_11970,Hit16,4000,0.1080625,0.0,0.099125,0.11743906250000001,0.09850817115800341,0.11762474196165369,0.1515,0.83125,944
NEW4000,original_grpo_11970,GT_center_distance,4000,0.0236312887894841,0.02452125429221108,0.02182125925190474,0.025445198625386453,0.021748705549508977,0.025530251878378454,0.668,0.0,944
NEW4000,psi_sft,pairwise_ADE,4000,1.94703659668006,1.9494180623441935,1.9449281431640733,1.9492152990158647,1.944607935855003,1.9495760359984473,1.0,0.0,944
NEW4000,psi_sft,pairwise_ADE64,4000,1.946691405646503,1.948418065905571,1.9444559872695244,1.9488776599821633,1.944365934067203,1.9491174670844145,1.0,0.0,944
NEW4000,psi_sft,centroid_displacement,4000,0.05787311776354909,0.06563018262386322,0.05510848644853104,0.06047973258504644,0.05492134991426448,0.060768815823437655,0.7605,0.0,944
NEW4000,psi_sft,feasible_rate,4000,-0.285765625,-0.28125,-0.29312695312500003,-0.27845283203125004,-0.293954011056333,-0.2774928924949617,0.0465,0.065,944
NEW4000,psi_sft,mean_PDMS,4000,-26.169233974417416,-23.24603218000636,-26.69950013412591,-25.632957385313293,-26.76296181964307,-25.547218900361983,0.02525,0.0005,944
NEW4000,psi_sft,min_PDMS,4000,-68.35817087454285,-79.16666666666666,-69.33728745152523,-67.39200373790277,-69.40376770188277,-67.33494774746892,0.0,0.059,944
NEW4000,psi_sft,max_PDMS,4000,1.6819604812563025,0.0,1.398220086196747,1.9554116875340715,1.3883049480414003,2.010376657630775,0.47425,0.40525,944
NEW4000,psi_sft,CVaR25_PDMS,4000,-58.143037123671355,-60.669972054651026,-59.051050570024294,-57.22627612810124,-59.10750904207987,-57.15447547582178,0.00075,0.0405,944
NEW4000,psi_sft,Spread_AUC,4000,1.5532178854830563,1.5545847341418266,1.551457427000627,1.5549719765494578,1.5511691598134043,1.555251600528785,1.0,0.0,944
NEW4000,psi_sft,hard_failure_rate,4000,0.180265625,0.125,0.174471875,0.18602744140625,0.17333710752678108,0.18718046090308546,0.8005,0.17375,944
NEW4000,psi_sft,zero_score_rate,4000,0.1758046875,0.125,0.1699599609375,0.18161328125,0.16878527812895636,0.18286143286978432,0.78475,0.191,944
NEW4000,psi_sft,std_PDMS,4000,25.936619183447753,27.48676675890664,25.53763234943894,26.313979566859597,25.512978212170562,26.367693966673972,0.97575,0.0005,944
NEW4000,psi_sft,no_safe_group,4000,-0.0169375,0.0,-0.0211890625,-0.0129375,-0.02175886465036264,-0.012330584431847185,0.01125,0.95825,944
NEW4000,psi_sft,best_safe_PDMS,3860,0.6557112802982094,0.0,0.5938671571101629,0.7188184298437698,0.5837103925393857,0.7250694482031604,0.4492227979274611,0.41347150259067356,927
NEW4000,psi_sft,Hit16,4000,0.0206875,0.0,0.0143109375,0.027375,0.014212345021519456,0.027437676290028207,0.079,0.846,944
NEW4000,psi_sft,GT_center_distance,4000,0.09974024769593387,0.10146368862082733,0.09645158403734827,0.10304296753727744,0.09606288411614455,0.10344296501146989,0.83225,0.0,944
OLD1000,official_il,pairwise_ADE,1000,1.8506721152104437,1.8514057081192732,1.84770005987538,1.8537364841790638,1.8475922439357702,1.8536535123762072,1.0,0.0,512
OLD1000,official_il,pairwise_ADE64,1000,1.8512380913197994,1.851687066257,1.8481987030763178,1.8543205214325338,1.8481320502657181,1.8542781054111148,1.0,0.0,512
OLD1000,official_il,centroid_displacement,1000,0.0,0.0,0.0,0.0,0.0,0.0,0.0,1.0,512
OLD1000,official_il,feasible_rate,1000,-0.24865625,-0.21875,-0.262250390625,-0.2339375,-0.26344007804663994,-0.2340430470770629,0.039,0.096,512
OLD1000,official_il,mean_PDMS,1000,-22.948037992916746,-18.50064950361387,-24.012678274899354,-21.860538620017152,-24.109370409745416,-21.812901218369536,0.021,0.002,512
OLD1000,official_il,min_PDMS,1000,-66.88244620600989,-75.57880605565751,-68.71689374455076,-65.01483101717885,-68.7968351863927,-64.9027137335569,0.0,0.035,512
OLD1000,official_il,max_PDMS,1000,2.5409665085550777,0.9435126377213265,2.0715952162659397,3.1029384386150616,2.045840170646179,3.0884881120093786,0.588,0.36,512
OLD1000,official_il,CVaR25_PDMS,1000,-54.27272455024166,-54.6875,-56.16561055401362,-52.38374787166609,-56.242290849823355,-52.39895541550448,0.002,0.022,512
OLD1000,official_il,Spread_AUC,1000,1.4758586359471082,1.4773537553846836,1.473294707134925,1.478402352252323,1.4733745843249835,1.4783994969683876,1.0,0.0,512
OLD1000,official_il,hard_failure_rate,1000,0.1604375,0.09375,0.1488109375,0.17234453125,0.1485009471340371,0.17321297657580426,0.741,0.242,512
OLD1000,official_il,zero_score_rate,1000,0.156328125,0.078125,0.144155859375,0.168376171875,0.1442306200347567,0.16909160517319421,0.721,0.262,512
OLD1000,official_il,std_PDMS,1000,25.331346956509158,26.024697891474514,24.552656242774788,26.12251769750333,24.444162241955542,26.195723217184607,0.987,0.002,512
OLD1000,official_il,no_safe_group,1000,-0.019,0.0,-0.02825,-0.01125,-0.02801762583922106,-0.010946960166261184,0.004,0.968,512
OLD1000,official_il,best_safe_PDMS,963,1.6439211586214466,0.7246842697280869,1.4780056548342135,1.805220406907935,1.4682176259999329,1.8206987936916625,0.5794392523364486,0.3624091381100727,501
OLD1000,official_il,Hit16,1000,0.27075,0.0,0.24475,0.29575,0.24228255133371712,0.2996032800651673,0.409,0.544,512
OLD1000,official_il,GT_center_distance,1000,0.0684958241127236,0.06921311679981121,0.06514791284695767,0.07183760491280003,0.06502563947430111,0.0722291947759396,0.886,0.0,512
OLD1000,original_grpo_11970,pairwise_ADE,1000,1.824799729061313,1.827015595510602,1.8214431693041464,1.828164940416417,1.8213568225574746,1.8281692855960268,1.0,0.0,512
OLD1000,original_grpo_11970,pairwise_ADE64,1000,1.8253179942145943,1.8283636346459389,1.8219687548082322,1.8286079789398237,1.8219102558380698,1.8285779653543148,1.0,0.0,512
OLD1000,original_grpo_11970,centroid_displacement,1000,-0.0009520135000348092,0.0006317645311355591,-0.002040940141491592,0.00015863692089915292,-0.002032599412082207,0.00016176279088982133,0.521,0.0,512
OLD1000,original_grpo_11970,feasible_rate,1000,-0.1755625,-0.140625,-0.18739140625,-0.16378085937499998,-0.18889552199949894,-0.16304842308397985,0.039,0.097,512
OLD1000,original_grpo_11970,mean_PDMS,1000,-15.999371304115142,-12.459304094975934,-16.76614142608925,-15.250016128899663,-16.832002916811547,-15.185573433335282,0.009,0.001,512
OLD1000,original_grpo_11970,min_PDMS,1000,-63.27940002677696,-64.58333333333333,-64.99181194591326,-61.57442681540852,-65.03882650915878,-61.35185803353231,0.0,0.01,512
OLD1000,original_grpo_11970,max_PDMS,1000,1.947553692764706,0.23041569756339442,1.5991955889378238,2.348516343451096,1.5499797814303413,2.4474571627902013,0.518,0.454,512
OLD1000,original_grpo_11970,CVaR25_PDMS,1000,-44.436852602132696,-39.70369986471976,-45.96435302277844,-42.9799472166117,-46.10942165929798,-42.90469689697753,0.0,0.008,512
OLD1000,original_grpo_11970,Spread_AUC,1000,1.4542007819414138,1.4570531398057938,1.4513712895363569,1.456997283804603,1.451342197586011,1.4568785479863822,1.0,0.0,512
OLD1000,original_grpo_11970,hard_failure_rate,1000,0.085421875,0.03125,0.07757734375,0.09337578125,0.0767805960425532,0.09410867161827674,0.71,0.283,512
OLD1000,original_grpo_11970,zero_score_rate,1000,0.08290625,0.03125,0.07481093750000001,0.09071953125,0.07477630804021004,0.09158308139626074,0.692,0.301,512
OLD1000,original_grpo_11970,std_PDMS,1000,21.75131112129533,20.621517098104924,21.106233710726734,22.384439028315533,21.057333083778275,22.447898846593652,0.999,0.001,512
OLD1000,original_grpo_11970,no_safe_group,1000,-0.01975,0.0,-0.0275,-0.0125,-0.028565062679550796,-0.012064100523129746,0.0,0.969,512
OLD1000,original_grpo_11970,best_safe_PDMS,962,1.4066617177764729,0.0778430679667963,1.261244076904187,1.5675530854210564,1.260646320033878,1.557014683284008,0.5083160083160083,0.4553014553014553,502
OLD1000,original_grpo_11970,Hit16,1000,0.1185,0.0,0.101,0.13725,0.10057988831699614,0.13643343370779767,0.168,0.821,512
OLD1000,original_grpo_11970,GT_center_distance,1000,0.025943507794988184,0.027068692048260956,0.022395313001497632,0.02942178027168659,0.02239751971629743,0.02945479446585352,0.675,0.0,512
OLD1000,psi_sft,pairwise_ADE,1000,1.951748948391527,1.9559059254825115,1.9475555269254372,1.9560416632908397,1.9472971400981927,1.956332375449265,1.0,0.0,512
OLD1000,psi_sft,pairwise_ADE64,1000,1.9521524242013693,1.9575399979948997,1.9480782456677408,1.9562692151620984,1.9476827155511187,1.956649650554171,1.0,0.0,512
OLD1000,psi_sft,centroid_displacement,1000,0.058714174322783946,0.06698250770568848,0.05278375543374568,0.06458097308790312,0.05294930118153065,0.06449682975701815,0.773,0.0,512
OLD1000,psi_sft,feasible_rate,1000,-0.295078125,-0.28125,-0.309456640625,-0.28077890624999996,-0.3106919758989041,-0.2792135733268992,0.042,0.058,512
OLD1000,psi_sft,mean_PDMS,1000,-26.895103376199657,-24.262163774663847,-27.98035534588354,-25.799911303929754,-28.06181209481374,-25.762925739697728,0.019,0.002,512
OLD1000,psi_sft,min_PDMS,1000,-68.86958723365893,-79.3052282426369,-70.69753011950834,-66.96423960442236,-70.94539003239433,-66.87513955775621,0.0,0.055,512
OLD1000,psi_sft,max_PDMS,1000,1.3693958377301927,0.0,0.973903096308601,1.8368550166751425,0.9697319319416614,1.7965131092144206,0.476,0.413,512
OLD1000,psi_sft,CVaR25_PDMS,1000,-59.055114034106836,-62.39116566361327,-60.90423685801175,-57.24349738718775,-60.961779405294095,-57.1518013684446,0.0,0.032,512
OLD1000,psi_sft,Spread_AUC,1000,1.5566289003789424,1.5619817227125168,1.5530502622250468,1.5602090382099152,1.5529682795272606,1.560152113818798,1.0,0.0,512
OLD1000,psi_sft,hard_failure_rate,1000,0.1901875,0.140625,0.1784671875,0.20209453125,0.1771472975437743,0.20309580664309942,0.812,0.171,512
OLD1000,psi_sft,zero_score_rate,1000,0.185890625,0.140625,0.173875,0.19801640625,0.17370876545540764,0.1989158403170304,0.796,0.188,512
OLD1000,psi_sft,std_PDMS,1000,26.25245611779272,27.74087349822912,25.44410224905814,26.998906949120727,25.404920618728095,27.111395981325078,0.979,0.002,512
OLD1000,psi_sft,no_safe_group,1000,-0.01475,0.0,-0.0225,-0.008,-0.022317172321675526,-0.008023713129680301,0.009,0.963,512
OLD1000,psi_sft,best_safe_PDMS,969,0.6508344425188657,0.0,0.5293559310630657,0.7779840246380622,0.510276702443044,0.786212514001355,0.45098039215686275,0.41589267285861714,502
OLD1000,psi_sft,Hit16,1000,0.02375,0.0,0.01025,0.03775,0.009670299744448909,0.03829240940398389,0.087,0.838,512
OLD1000,psi_sft,GT_center_distance,1000,0.10297570783575873,0.10657292312601169,0.09622440621893204,0.10951435821492973,0.09605124270346663,0.11027292450549872,0.835,0.0,512
