step,loss,lr,gradient_norm,seconds
1,0.02939593099290505,5.208333333333334e-07,1.7746587991714478,6.323015451431274
2,0.025465119746513665,1.0416666666666667e-06,1.3446053266525269,8.859646320343018
3,0.04021508924779482,1.5625e-06,1.853137493133545,11.28321385383606
4,0.017174349835840985,2.0833333333333334e-06,1.1757341623306274,13.839897394180298
5,0.025484758574748412,2.604166666666667e-06,1.4523966312408447,16.302116870880127
6,0.015020918326626997,3.125e-06,0.9871375560760498,18.750182151794434
7,0.011101955315098166,3.6458333333333337e-06,0.6542582511901855,21.183421850204468
8,0.015399623604025692,4.166666666666667e-06,0.7036593556404114,23.653751134872437
9,0.021083459549117833,4.6875000000000004e-06,0.9498109221458435,26.170939445495605
10,0.009828535607084632,5.208333333333334e-06,0.3028981387615204,28.667539834976196
11,0.012402518739691004,5.729166666666667e-06,0.3729354441165924,31.100577116012573
12,0.0117701938143,6.25e-06,0.31214866042137146,33.58814191818237
13,0.013210913864895701,6.770833333333333e-06,0.3646589517593384,36.16524815559387
14,0.0386398138361983,7.2916666666666674e-06,0.6203325986862183,38.61270475387573
15,0.03259896131930873,7.8125e-06,0.8358549475669861,41.323996782302856
16,0.013338163553271443,8.333333333333334e-06,0.8081058859825134,44.12522029876709
17,0.00651280305464752,8.854166666666667e-06,0.869414746761322,46.859355449676514
18,0.011325527651933953,9.375000000000001e-06,1.0265201330184937,49.28310012817383
19,0.014467540720943362,9.895833333333333e-06,1.3007233142852783,51.74554514884949
20,0.011936629191040993,1.0416666666666668e-05,0.9950081706047058,54.32110261917114
21,0.018101661145919934,1.09375e-05,0.9093819260597229,56.79830026626587
22,0.012407943169819191,1.1458333333333333e-05,0.75738126039505,59.240288496017456
23,0.014008238795213401,1.1979166666666667e-05,0.7756878137588501,61.74104690551758
24,0.005292910020216368,1.25e-05,0.557040810585022,64.22001147270203
25,0.010380419640569016,1.3020833333333334e-05,0.3979002833366394,66.79177570343018
26,0.01832238979113754,1.3541666666666666e-05,0.6476804614067078,69.57709050178528
27,0.011311867943732068,1.4062500000000001e-05,0.31476637721061707,72.02898669242859
28,0.00826401644735597,1.4583333333333335e-05,0.2524922490119934,74.69208526611328
29,0.008992929913802072,1.5104166666666667e-05,0.6818649172782898,77.1904764175415
30,0.009272321956814267,1.5625e-05,0.32872945070266724,79.781729221344
31,0.012910713820019737,1.6145833333333334e-05,0.498982697725296,82.36501598358154
32,0.013228556956164539,1.6666666666666667e-05,0.8823020458221436,84.8823459148407
33,0.013414217159152031,1.71875e-05,0.6313146352767944,87.3955512046814
34,0.012531921500340104,1.7708333333333335e-05,0.650336503982544,89.91787052154541
35,0.006954715616302565,1.8229166666666668e-05,0.6798802614212036,92.44008040428162
36,0.005981237860396504,1.8750000000000002e-05,0.4598771929740906,94.87065243721008
37,0.006819610585807823,1.9270833333333335e-05,0.36816492676734924,97.3119068145752
38,0.011341722522047348,1.9791666666666665e-05,0.28489452600479126,99.83855891227722
39,0.0070864133958821185,2.0312500000000002e-05,0.29606714844703674,102.397296667099
40,0.011358464369550347,2.0833333333333336e-05,0.20161011815071106,104.81147837638855
41,0.009771689015906304,2.1354166666666666e-05,0.3481736481189728,107.3308436870575
42,0.007317881503695389,2.1875e-05,0.33739468455314636,109.86195206642151
43,0.0040124316947185434,2.2395833333333337e-05,0.22498992085456848,112.3529736995697
44,0.010557688830886036,2.2916666666666667e-05,0.3345922827720642,114.90236926078796
45,0.012971407733857632,2.34375e-05,0.38369810581207275,117.3751471042633
46,0.010798760864418,2.3958333333333334e-05,0.7848759889602661,119.8567430973053
47,0.009658915572799742,2.4479166666666668e-05,0.5492161512374878,122.4869954586029
48,0.007787551381625235,2.5e-05,0.5586252212524414,124.97321081161499
49,0.004628643466276117,2.552083333333333e-05,0.18182846903800964,127.41681265830994
50,0.006646165944403037,2.604166666666667e-05,0.28876549005508423,129.90438532829285
51,0.01215455481724348,2.6562500000000002e-05,0.3797711730003357,132.41056180000305
52,0.006375536977429874,2.7083333333333332e-05,0.4983372092247009,134.87155675888062
53,0.004377985402243212,2.760416666666667e-05,0.655760645866394,137.45666313171387
54,0.0090098918590229,2.8125000000000003e-05,0.8376795053482056,139.9778664112091
55,0.008841626695357263,2.8645833333333333e-05,0.5986344218254089,142.4254767894745
56,0.00907828749041073,2.916666666666667e-05,0.2577464282512665,144.8182418346405
57,0.007466433336958289,2.96875e-05,0.29989108443260193,147.32152605056763
58,0.013420642892015167,3.0208333333333334e-05,0.28724902868270874,149.8245565891266
59,0.0067032452643616125,3.072916666666667e-05,0.5816210508346558,152.34340047836304
60,0.008542806754121557,3.125e-05,0.5597181916236877,154.84051370620728
61,0.010030317353084683,3.177083333333333e-05,0.6116647720336914,157.5943067073822
62,0.005837173215695657,3.229166666666667e-05,0.3186137080192566,160.24665141105652
63,0.008725379702809732,3.2812500000000005e-05,0.3627502918243408,162.71743893623352
64,0.014681086715427227,3.3333333333333335e-05,0.34866589307785034,165.1771275997162
65,0.007209378032712266,3.385416666666667e-05,0.19178086519241333,167.61069989204407
66,0.00527917969156988,3.4375e-05,0.3522592782974243,169.9616231918335
67,0.005318617870216258,3.489583333333333e-05,0.7164299488067627,172.46512269973755
68,0.03259164025075734,3.541666666666667e-05,0.8075768947601318,174.86549305915833
69,0.004749976855237037,3.59375e-05,0.42330968379974365,177.3618426322937
70,0.006298753105511423,3.6458333333333336e-05,0.3712606728076935,179.73742079734802
71,0.018093953549396247,3.697916666666667e-05,0.3063511550426483,182.27958798408508
72,0.0057476980437058955,3.7500000000000003e-05,0.4305785000324249,184.86400842666626
73,0.006836354747065343,3.8020833333333334e-05,0.7538118958473206,187.34989190101624
74,0.004402453560032882,3.854166666666667e-05,0.45012885332107544,189.79811930656433
75,0.010606778741930611,3.90625e-05,0.9331561326980591,192.2243766784668
76,0.007003686536336318,3.958333333333333e-05,0.3832789659500122,194.68335032463074
77,0.00847434316528961,4.010416666666667e-05,0.4353194832801819,197.06347346305847
78,0.006470954715041444,4.0625000000000005e-05,0.4711005985736847,199.53583145141602
79,0.010559310088865459,4.1145833333333335e-05,0.6877129077911377,201.97367811203003
80,0.01199681666912511,4.166666666666667e-05,0.7552171945571899,204.42425870895386
81,0.0070835365186212584,4.21875e-05,0.37279725074768066,207.05189609527588
82,0.005949995495029725,4.270833333333333e-05,0.33382272720336914,209.4361777305603
83,0.006680858481558971,4.322916666666667e-05,0.5039739012718201,211.98371982574463
84,0.01681544043822214,4.375e-05,0.5707041621208191,214.46296668052673
85,0.0038771117688156664,4.4270833333333337e-05,0.4088469445705414,216.9296910762787
86,0.005469522322528064,4.4791666666666673e-05,0.4969187080860138,219.37513542175293
87,0.002992611174704507,4.5312500000000004e-05,0.2953401505947113,221.92093443870544
88,0.0038507720455527306,4.5833333333333334e-05,0.25146666169166565,224.46418046951294
89,0.004719153374026064,4.635416666666667e-05,0.3173123300075531,227.0047378540039
90,0.0049406225443817675,4.6875e-05,0.6557427048683167,229.68362593650818
91,0.0036467910395003855,4.739583333333333e-05,0.5835360884666443,232.1084201335907
92,0.0030306277913041413,4.791666666666667e-05,0.23695668578147888,234.69849395751953
93,0.005871238128747791,4.8437500000000005e-05,0.2597619891166687,237.24403071403503
94,0.006464374513598159,4.8958333333333335e-05,0.39514270424842834,239.91547918319702
95,0.005074176471680403,4.947916666666667e-05,0.4638262093067169,242.4778163433075
96,0.004998777905711904,5e-05,0.42273059487342834,245.12810826301575
97,0.012306531192734838,4.999930137019629e-05,0.4403577744960785,247.72382378578186
98,0.007372275576926768,4.99972055206287e-05,0.4683254659175873,250.26273488998413
99,0.005973708292003721,4.999371257082565e-05,0.40203195810317993,252.76974749565125
100,0.008091884694295004,4.998882271999357e-05,0.2975846827030182,255.35916376113892
101,0.008403166793868877,4.9982536247005564e-05,0.4626723825931549,257.829701423645
102,0.005656233508489095,4.99748535103855e-05,0.32435399293899536,260.5746912956238
103,0.014485687046544626,4.996577494828757e-05,0.6782951354980469,263.09981060028076
104,0.009053938672877848,4.995530107847128e-05,0.5019131302833557,265.54882168769836
105,0.00855312152998522,4.994343249827196e-05,0.28030169010162354,268.0617673397064
106,0.005258916018647142,4.993016988456663e-05,0.40331149101257324,270.49281311035156
107,0.006987488304730505,4.99155139937355e-05,0.6277692914009094,272.8612904548645
108,0.008306903415359557,4.9899465661618726e-05,0.510482668876648,275.32612800598145
109,0.04629945108899847,4.9882025803468826e-05,0.5965657234191895,277.68268179893494
110,0.010446857471833937,4.986319541389841e-05,0.33458971977233887,280.18544912338257
111,0.008412501003476791,4.9842975566823513e-05,0.3604608178138733,282.6951665878296
112,0.004344378336099908,4.9821367415402325e-05,0.5907395482063293,285.1107988357544
113,0.008890776996850036,4.9798372191969424e-05,0.3556206226348877,287.60815715789795
114,0.008322246590978466,4.977399120796549e-05,0.2569785416126251,290.1113007068634
115,0.011085570018622093,4.974822585386254e-05,0.4364471137523651,292.58947253227234
116,0.016610070364549756,4.972107759908459e-05,0.39639484882354736,295.05080103874207
117,0.009668033453635871,4.9692547991923877e-05,0.5621910691261292,297.5151605606079
118,0.0080827837518882,4.9662638659452566e-05,0.37766972184181213,299.95435667037964
119,0.008641509746666998,4.96313513074299e-05,0.6262614130973816,302.36200523376465
120,0.005153322534170002,4.9598687720205025e-05,0.2502579391002655,304.82673168182373
121,0.006663162726908922,4.956464976061509e-05,0.5046992897987366,307.33126640319824
122,0.009008385692141019,4.952923936987915e-05,0.571609616279602,309.87927055358887
123,0.009472115139942616,4.9492458567487334e-05,0.3494705855846405,312.387166261673
124,0.004006731083791237,4.945430945108575e-05,0.1371208280324936,314.82362484931946
125,0.007601562130730599,4.941479419635683e-05,0.36350351572036743,317.26049613952637
126,0.01714481399540091,4.937391505689523e-05,0.39740291237831116,319.7423713207245
127,0.0062954964087111875,4.933167436407933e-05,0.4284553825855255,322.2129771709442
128,0.0047749708173796535,4.928807452693828e-05,0.3070448040962219,324.7024919986725
129,0.007792337084538303,4.924311803201457e-05,0.7037335634231567,327.46906566619873
130,0.006719958531903103,4.919680744322227e-05,0.36802616715431213,330.00588369369507
131,0.006903644927660935,4.914914540170076e-05,0.3277549147605896,332.4335927963257
132,0.006978078745305538,4.910013462566415e-05,0.4008769989013672,334.9395306110382
133,0.005121247959323227,4.904977791024622e-05,0.1411665380001068,337.54167222976685
134,0.01109877644921653,4.899807812734103e-05,0.3137347996234894,340.17348051071167
135,0.007357962225796655,4.894503822543912e-05,0.2270999699831009,342.66879296302795
136,0.008054195568547584,4.889066122945937e-05,0.3427594304084778,345.1282708644867
137,0.007256778095324989,4.883495024057648e-05,0.4532078802585602,347.72681760787964
138,0.008288254655781202,4.87779084360441e-05,0.40471911430358887,350.3499035835266
139,0.003772170137381181,4.871953906901362e-05,0.17883862555027008,352.82667446136475
140,0.0064322060061385855,4.865984546834869e-05,0.46589580178260803,355.46408343315125
141,0.008611747529357672,4.85988310384353e-05,0.413555771112442,358.0448818206787
142,0.010495471738977358,4.8536499258987665e-05,0.35666903853416443,360.61480951309204
143,0.0044514368928503245,4.8472853684849786e-05,0.4742327630519867,363.11033391952515
144,0.00805537730047945,4.8407897945792665e-05,0.6980001926422119,365.66882514953613
145,0.005246289147180505,4.8341635746307354e-05,0.5436640977859497,368.147185087204
146,0.007221252977615222,4.827407086539363e-05,0.41934114694595337,370.78042697906494
147,0.007136568034184165,4.8205207156344525e-05,0.483043909072876,373.46917843818665
148,0.003778920538024977,4.8135048546526525e-05,0.7107648849487305,375.9284870624542
149,0.0066581287974258885,4.8063599037155624e-05,0.8567333817481995,378.43852281570435
150,0.012175230891443789,4.7990862703069084e-05,0.469119668006897,380.9828486442566
151,0.007970612059580162,4.791684369249311e-05,0.3795091509819031,383.44962310791016
152,0.006309139513177797,4.784154622680621e-05,0.3655441403388977,385.9532060623169
153,0.004877633240539581,4.776497460029848e-05,0.4342421889305115,388.5244002342224
154,0.0040764586519799195,4.76871331799267e-05,0.33160465955734253,391.04350066185
155,0.0032359472970711067,4.760802640506524e-05,0.32397401332855225,393.69058537483215
156,0.006467330764280632,4.7527658787252934e-05,0.4941538870334625,396.302711725235
157,0.004302701796405017,4.744603490993575e-05,0.27597513794898987,398.6776900291443
158,0.005249375943094492,4.736315942820538e-05,0.3902939260005951,401.1366021633148
159,0.006119693178334273,4.727903706853379e-05,0.44490212202072144,403.5354788303375
160,0.0071185363485710695,4.719367262850364e-05,0.28861746191978455,405.99576234817505
161,0.02321152620424982,4.7107070976534696e-05,0.3767893612384796,408.45102167129517
162,0.0029969034221721813,4.7019237051606146e-05,0.16857564449310303,410.9068729877472
163,0.011857890815008432,4.6930175862974946e-05,0.3764028251171112,413.3149275779724
164,0.006863192189484835,4.6839892489890135e-05,0.6904667019844055,415.7232162952423
165,0.005904583522351459,4.6748392081303155e-05,0.49335557222366333,418.12413120269775
166,0.004374390227894764,4.6655679855574214e-05,0.18625645339488983,420.58620429039
167,0.003686461044708267,4.656176110017467e-05,0.39213937520980835,423.2270493507385
168,0.00598759287095163,4.646664117138547e-05,0.493149995803833,425.63763880729675
169,0.004543396338704042,4.637032549399168e-05,0.46979230642318726,428.0330672264099
170,0.007654301356524229,4.627281956097313e-05,0.48318734765052795,430.5231363773346
171,0.006412150687538087,4.617412893319111e-05,0.19397705793380737,432.99790954589844
172,0.006564103357959539,4.6074259239071256e-05,0.2773531973361969,435.4117662906647
173,0.005560959325521253,4.5973216174282503e-05,0.2052924633026123,437.93707370758057
174,0.007313407593755983,4.587100550141236e-05,0.33740732073783875,440.45692777633667
175,0.010263884905725718,4.576763304963814e-05,0.38929441571235657,442.96593856811523
176,0.007868911081459373,4.5663104714394585e-05,0.18102172017097473,445.3647072315216
177,0.006714239367283881,4.555742645703765e-05,0.40926095843315125,447.79396510124207
178,0.006386928020219784,4.54506043045045e-05,0.35731086134910583,450.3645484447479
179,0.0041441726352786645,4.534264434896978e-05,0.43812161684036255,452.8848485946655
180,0.005436374543933198,4.5233552747498176e-05,0.09759587794542313,455.2734422683716
181,0.012810038984753191,4.5123335721693306e-05,0.42876070737838745,457.7558562755585
182,0.008507518548867665,4.501199955734285e-05,0.42954736948013306,460.268150806427
183,0.0054878204900887795,4.489955060406007e-05,0.4046598970890045,462.8140699863434
184,0.004902444656181615,4.4785995274921735e-05,0.20398084819316864,465.2151210308075
185,0.006281848647631705,4.4671340046102306e-05,0.15946124494075775,467.7037932872772
186,0.0055916158453328535,4.455559145650464e-05,0.1213860735297203,470.2171423435211
187,0.006864617258543149,4.443875610738705e-05,0.22431327402591705,472.75674414634705
188,0.006491209467640147,4.432084066198688e-05,0.30195915699005127,475.2647066116333
189,0.004608928255038336,4.420185184514038e-05,0.17482085525989532,477.700888633728
190,0.004790124410646968,4.408179644289928e-05,0.26441147923469543,480.109491109848
191,0.03614887592266314,4.3960681302143776e-05,0.7679246068000793,482.5479881763458
192,0.005061859395937063,4.3838513330191975e-05,0.185655876994133,485.0705955028534
193,0.005365515607991256,4.371529949440604e-05,0.37056323885917664,487.56191539764404
194,0.005530642665689811,4.3591046821794756e-05,0.62389075756073,490.05330419540405
195,0.008207543127355166,4.3465762398612854e-05,0.6727959513664246,492.4522702693939
196,0.007140640635043383,4.333945336995682e-05,0.1927257478237152,494.9407503604889
197,0.0074006492977787275,4.3212126939357414e-05,0.20495440065860748,497.60693764686584
198,0.003383277842658572,4.308379036836887e-05,0.3741682171821594,500.1650059223175
199,0.013211664379923604,4.2954450976154724e-05,0.4132615625858307,502.579425573349
200,0.008346833783434704,4.2824116139070415e-05,0.24245308339595795,504.9884202480316
201,0.004841135742026381,4.2692793290242615e-05,0.3249168395996094,507.38459300994873
202,0.009047418396221474,4.25604899191453e-05,0.3968077600002289,509.80978870391846
203,0.00567699150997214,4.242721357117259e-05,0.3395557999610901,512.2672176361084
204,0.007882738020271063,4.229297184720848e-05,0.5115857720375061,514.6431868076324
205,0.011970073930569924,4.2157772403193316e-05,0.49478837847709656,517.0487825870514
206,0.012290841681533493,4.202162294968717e-05,0.4498620331287384,519.6788120269775
207,0.010380856183473952,4.1884531251430157e-05,0.3088524639606476,522.120866060257
208,0.00813957727223169,4.1746505126899486e-05,0.4302119314670563,524.5536675453186
209,0.011809390096459538,4.1607552447863683e-05,0.5830450057983398,527.0817549228668
210,0.006327347990009002,4.14676811389336e-05,0.570880651473999,529.4420263767242
211,0.007199230574769899,4.132689917711046e-05,0.4253367781639099,531.8649458885193
212,0.007856920383346733,4.118521459133096e-05,0.16478867828845978,534.360169172287
213,0.007198824474471621,4.104263546200932e-05,0.23665231466293335,536.7950088977814
214,0.007103839758201502,4.0899169920576486e-05,0.3590763509273529,539.2648391723633
215,0.009361037606140599,4.0754826149016395e-05,0.4449783265590668,541.8123185634613
216,0.005427368363598362,4.060961237939931e-05,0.4890369176864624,544.3012926578522
217,0.005537641234695911,4.046353689341235e-05,0.3129502236843109,546.8348143100739
218,0.007534131684224121,4.031660802188722e-05,0.17002630233764648,549.368647813797
219,0.00629610093892552,4.016883414432502e-05,0.28675660490989685,551.8059754371643
220,0.007619981945026666,4.0020223688418414e-05,0.3885846734046936,554.2337825298309
221,0.006966887507587671,3.9870785129570966e-05,0.5427176356315613,556.5814669132233
222,0.005382583767641336,3.9720526990413777e-05,0.340561181306839,559.1357553005219
223,0.013078315503662452,3.956945784031944e-05,0.35983580350875854,561.6423115730286
224,0.006005394927342422,3.941758629491332e-05,0.26383718848228455,564.0435416698456
225,0.010241982818115503,3.926492101558219e-05,0.28238236904144287,566.6285848617554
226,0.011013583076419309,3.9111470708980256e-05,0.3606121838092804,569.1008467674255
227,0.0030302224040497094,3.8957244126532635e-05,0.25414231419563293,571.5994846820831
228,0.005430775374406949,3.880225006393623e-05,0.3501330018043518,574.112797498703
229,0.006509712948172819,3.864649736065809e-05,0.1789814680814743,576.5259938240051
230,0.006172352135763504,3.8489994899431336e-05,0.28779077529907227,579.1072850227356
231,0.00840501729544485,3.833275160574852e-05,0.24445204436779022,581.7677040100098
232,0.004687105109042022,3.817477644735259e-05,0.13314352929592133,584.3194015026093
233,0.009437005064683035,3.801607843372552e-05,0.28302520513534546,586.8855443000793
234,0.01011699900845997,3.785666661557442e-05,0.29731664061546326,589.3377957344055
235,0.00656744481784699,3.769655008431538e-05,0.21386072039604187,591.8127641677856
236,0.0065787111525423825,3.7535737971555005e-05,0.22674201428890228,594.3183047771454
237,0.004311119802878238,3.7374239448569586e-05,0.30453863739967346,596.8491067886353
238,0.007094121305271983,3.721206372578211e-05,0.23278845846652985,599.2824592590332
239,0.0034810204597306438,3.704922005223694e-05,0.21923594176769257,601.7995526790619
240,0.00883276731474325,3.6885717715072334e-05,0.2751079499721527,604.2020480632782
241,0.003285878941824194,3.672156603899078e-05,0.18843914568424225,606.6310458183289
242,0.0070303637912729755,3.655677438572727e-05,0.3449847400188446,609.0606198310852
243,0.0037492040428332984,3.639135215351526e-05,0.17186599969863892,611.4342386722565
244,0.005248812129138969,3.6225308776550836e-05,0.2395234853029251,613.8030142784119
245,0.010295091982698068,3.605865372445456e-05,0.2804775834083557,616.2590720653534
246,0.0036453720094868913,3.589139650173141e-05,0.224458247423172,618.6461496353149
247,0.009191605713567697,3.572354664722881e-05,0.17311783134937286,621.0977954864502
248,0.005574075294134673,3.5555113733592545e-05,0.32007718086242676,623.6011688709259
249,0.006231063831364736,3.5386107366720843e-05,0.2300182729959488,626.1675689220428
250,0.004029524774523452,3.521653718521656e-05,0.14073722064495087,628.7678515911102
251,0.005736900013289414,3.504641285983747e-05,0.1840551644563675,631.1487710475922
252,0.003454904319369234,3.4875744092944704e-05,0.3676743507385254,633.692681312561
253,0.007193935802206397,3.470454061794946e-05,0.2877408266067505,636.0577127933502
254,0.0019198557347408496,3.453281219875787e-05,0.1839314103126526,638.517086982727
255,0.004639183804101776,3.4360568629214166e-05,0.28282445669174194,640.9868061542511
256,0.007786409696564078,3.418781973254212e-05,0.2433595359325409,643.3941493034363
257,0.004320287065638695,3.401457536078482e-05,0.17649514973163605,645.950873374939
258,0.005905541474930942,3.384084539424277e-05,0.32639625668525696,648.5295028686523
259,0.004768493177834898,3.366663974091048e-05,0.3171966075897217,650.9541685581207
260,0.004715862931334414,3.34919683359113e-05,0.16764578223228455,653.4259531497955
261,0.005211157549638301,3.3316841140930925e-05,0.2647498846054077,655.9259877204895
262,0.011968092279857956,3.314126814364915e-05,0.285061776638031,658.336802482605
263,0.009103145872359164,3.296525935717038e-05,0.526536762714386,660.7169923782349
264,0.003492026837193407,3.2788824819452476e-05,0.6154093146324158,663.1598825454712
265,0.0065877509623533115,3.2611974592734325e-05,0.21241608262062073,665.6813168525696
266,0.005322589335264638,3.2434718762962e-05,0.24805988371372223,668.1975359916687
267,0.003922083204088267,3.2257067439213495e-05,0.2006111890077591,670.6125991344452
268,0.006757171664503403,3.207903075312223e-05,0.19848892092704773,673.1124129295349
269,0.004106637119548395,3.190061885829924e-05,0.29602155089378357,675.5417377948761
270,0.004706008985522203,3.1721841929754074e-05,0.3899776339530945,677.987434387207
271,0.007014185321168043,3.154271016331453e-05,0.3018815815448761,680.68257188797
272,0.005222809937549755,3.136323377504517e-05,0.2741440236568451,683.3148057460785
273,0.010063216381240636,3.118342300066467e-05,0.48479634523391724,685.9952058792114
274,0.0038073838513810188,3.10032880949621e-05,0.26268133521080017,688.5747117996216
275,0.004846104260650463,3.082283933121205e-05,0.35044535994529724,691.1085195541382
276,0.00555151718435809,3.064208700058876e-05,0.32339659333229065,693.536239862442
277,0.004452801993465982,3.046104141157921e-05,0.3503822684288025,695.9860820770264
278,0.007087321951985359,3.027971288939515e-05,0.1873728185892105,698.4497730731964
279,0.008995712982141413,3.0098111775384337e-05,0.1911199688911438,700.8633286952972
280,0.014054541272344068,2.9916248426440697e-05,0.4028921127319336,703.2449543476105
281,0.004599315259838477,2.9734133214413682e-05,0.5374515056610107,705.5896241664886
282,0.004548771466943435,2.9551776525516762e-05,0.4270176291465759,708.0508120059967
283,0.005085191820398904,2.936918875973503e-05,0.3143841028213501,710.4426922798157
284,0.00942264097102452,2.918638033023219e-05,0.4852439761161804,713.024263381958
285,0.009848767280345783,2.9003361662756566e-05,0.3742765784263611,715.6367599964142
286,0.006704012761474587,2.8820143195046595e-05,0.5430487990379333,718.1987814903259
287,0.002365394218941219,2.8636735376235503e-05,0.3910413682460785,720.6927845478058
288,0.00551355435163714,2.8453148666255417e-05,0.5581655502319336,723.1006910800934
289,0.011561364452063572,2.8269393535240802e-05,0.46269726753234863,725.579274892807
290,0.005843265083967708,2.808548046293133e-05,0.4305843114852905,728.0398478507996
291,0.006885404247441329,2.7901419938074246e-05,0.5043133497238159,730.5260002613068
292,0.0038558744272449985,2.7717222457826132e-05,0.7647106647491455,732.8838396072388
293,0.009977220353903249,2.7532898527154312e-05,0.5526750683784485,735.4861385822296
294,0.006487325255875476,2.7348458658237668e-05,0.15576878190040588,738.1521375179291
295,0.003151369994156994,2.716391336986718e-05,0.19357246160507202,740.6663987636566
296,0.004863481983193196,2.6979273186846012e-05,0.264797180891037,743.1139996051788
297,0.004072187031852081,2.6794548639389228e-05,0.3121504783630371,745.6367869377136
298,0.007245075888931751,2.6609750262523324e-05,0.481333464384079,748.1132934093475
299,0.0073861252021742985,2.6424888595485323e-05,0.504772424697876,750.5939195156097
300,0.0063615783510613255,2.6239974181121782e-05,0.3838515281677246,753.0307722091675
301,0.006719206226989627,2.605501756528747e-05,0.22154346108436584,755.5304174423218
302,0.011461520713055506,2.5870029296243963e-05,0.2382764220237732,757.9632420539856
303,0.006759296345990151,2.5685019924058035e-05,0.6779763698577881,760.4490706920624
304,0.012369727293844335,2.55e-05,0.6056376099586487,763.0056464672089
305,0.0036215379659552127,2.5314980075941975e-05,0.47346019744873047,765.4822187423706
306,0.006158586067613214,2.5129970703756046e-05,0.3003532886505127,767.8609476089478
307,0.005155520557309501,2.4944982434712538e-05,0.12834350764751434,770.3336989879608
308,0.0038941379243624397,2.4760025818878224e-05,0.48250582814216614,772.6958000659943
309,0.004530333389993757,2.4575111404514687e-05,0.3437754213809967,775.2521829605103
310,0.007874186114349868,2.4390249737476686e-05,0.6835928559303284,777.7965366840363
311,0.009849945301539265,2.4205451360610782e-05,0.7030957937240601,780.238673210144
312,0.0063424045947613195,2.4020726813153997e-05,0.36146095395088196,782.6416573524475
313,0.003017078146513086,2.3836086630132826e-05,0.13907545804977417,785.1620907783508
314,0.007846191467251629,2.3651541341762342e-05,0.5002570748329163,787.7438974380493
315,0.00562627159524709,2.3467101472845694e-05,0.45987093448638916,790.2616989612579
316,0.006014111160766333,2.3282777542173877e-05,0.29668352007865906,792.8556437492371
317,0.004035749108879827,2.3098580061925767e-05,0.1890602558851242,795.5271191596985
318,0.005602031160378829,2.291451953706868e-05,0.31568604707717896,797.9333682060242
319,0.0037041164614493027,2.2730606464759208e-05,0.18907660245895386,800.3617653846741
320,0.007622491306392476,2.254685133374459e-05,0.38327738642692566,802.736337184906
321,0.005912254935537931,2.2363264623764506e-05,0.2198656052350998,805.2215569019318
322,0.004846000359975733,2.2179856804953415e-05,0.20671425759792328,807.824526309967
323,0.002618024984258227,2.1996638337243447e-05,0.168656587600708,810.2063233852386
324,0.0037808326742378995,2.1813619669767823e-05,0.10766258090734482,812.7163829803467
325,0.0035894023603759706,2.1630811240264978e-05,0.20294253528118134,815.1807224750519
326,0.0063238427974283695,2.144822347448325e-05,0.18775226175785065,817.7789807319641
327,0.006103376756072976,2.1265866785586327e-05,0.20193873345851898,820.337441444397
328,0.002250906138215214,2.1083751573559313e-05,0.3636792004108429,822.7540376186371
329,0.003107496046141023,2.0901888224615673e-05,0.1593041568994522,825.2116425037384
330,0.0029454578761942685,2.072028711060486e-05,0.06537604331970215,827.6985898017883
331,0.0031787144180270843,2.0538958588420798e-05,0.0775727778673172,830.0843122005463
332,0.005214838500251062,2.035791299941124e-05,0.20822744071483612,832.5013043880463
333,0.004419228847837076,2.0177160668787956e-05,0.12729443609714508,835.1253633499146
334,0.00737295967337559,1.9996711905037914e-05,0.283957839012146,837.6091566085815
335,0.005258967539703008,1.981657699933534e-05,0.3094310164451599,840.0790765285492
336,0.0022141691515571438,1.9636766224954846e-05,0.24732038378715515,842.680237531662
337,0.0027126721251988783,1.945728983668547e-05,0.49102532863616943,845.2615444660187
338,0.006770937659894116,1.9278158070245926e-05,0.3294050991535187,847.7129917144775
339,0.003836280717223417,1.9099381141700765e-05,0.19485978782176971,850.2272307872772
340,0.0038120992539916188,1.892096924687777e-05,0.10336114466190338,852.5935134887695
341,0.008949036680860445,1.8742932560786512e-05,0.2586808502674103,855.1133065223694
342,0.010292440281773452,1.8565281237038004e-05,0.3671068847179413,857.5712199211121
343,0.006766194885130972,1.8388025407265678e-05,0.31608468294143677,860.1417961120605
344,0.003921754549082834,1.8211175180547534e-05,0.23016895353794098,862.5094976425171
345,0.00462110460648546,1.803474064282963e-05,0.23513911664485931,865.0183093547821
346,0.002584982074040454,1.7858731856350856e-05,0.25105947256088257,867.5983877182007
347,0.0039852882182458416,1.768315885906908e-05,0.45877450704574585,870.3337273597717
348,0.007708991441177204,1.7508031664088705e-05,0.23815062642097473,873.038845539093
349,0.003359746089699911,1.733336025908953e-05,0.2467622011899948,875.7673301696777
350,0.004690224886871874,1.7159154605757236e-05,0.3429081439971924,878.3640704154968
351,0.006355069075652864,1.698542463921519e-05,0.20466119050979614,880.9867928028107
352,0.004882215987890959,1.6812180267457883e-05,0.45338624715805054,883.5349454879761
353,0.007554759096819907,1.6639431370785834e-05,0.18533103168010712,885.996883392334
354,0.005305230530211702,1.6467187801242138e-05,0.529287576675415,888.3455708026886
355,0.004968549372279085,1.6295459382050546e-05,0.1182132288813591,890.8163461685181
356,0.004456618167751003,1.6124255907055302e-05,0.2497166246175766,893.3069961071014
357,0.009646742575569078,1.5953587140162543e-05,0.23185278475284576,895.9071578979492
358,0.005161594490346033,1.5783462814783437e-05,0.21239399909973145,898.3412203788757
359,0.011666191276162863,1.561389263327916e-05,0.4612617492675781,900.8431596755981
360,0.009854605625150725,1.5444886266407458e-05,0.4683804512023926,903.2666590213776
361,0.011230682735913433,1.5276453352771194e-05,0.41524171829223633,905.7707200050354
362,0.0049938430965994485,1.5108603498268593e-05,0.27180173993110657,908.3072283267975
363,0.005146639050508384,1.4941346275545447e-05,0.23130756616592407,910.7884335517883
364,0.002236190550320316,1.4774691223449158e-05,0.17968907952308655,913.1617784500122
365,0.008735275885555893,1.4608647846484742e-05,0.450204074382782,915.63747382164
366,0.007995255695277592,1.4443225614272746e-05,0.3148185908794403,918.1016981601715
367,0.005063874850748107,1.4278433961009222e-05,0.27785080671310425,920.5531527996063
368,0.002426947045023553,1.4114282284927672e-05,0.09263738244771957,923.0888023376465
369,0.00660199391131755,1.3950779947763059e-05,0.11354374885559082,925.689539194107
370,0.011939689386053942,1.3787936274217885e-05,0.23666895925998688,928.3556382656097
371,0.004009634947578888,1.3625760551430414e-05,0.1752561777830124,930.7208180427551
372,0.02890416579612065,1.3464262028445012e-05,0.35493823885917664,933.2037844657898
373,0.004782191666890867,1.330344991568463e-05,0.21917323768138885,935.6033453941345
374,0.0016435823563369922,1.3143333384425587e-05,0.14390109479427338,938.1914687156677
375,0.006907554095960222,1.298392156627448e-05,0.17443041503429413,940.7787895202637
376,0.00238841069949558,1.2825223552647419e-05,0.11019033193588257,943.2799699306488
377,0.004092008151928894,1.2667248394251491e-05,0.19957460463047028,945.6939051151276
378,0.005754727200837806,1.2510005100568667e-05,0.24396105110645294,948.1224093437195
379,0.004699609584349673,1.235350263934191e-05,0.29844731092453003,950.5834054946899
380,0.006279325156356208,1.2197749936063773e-05,0.2515965700149536,953.0010752677917
381,0.004249296194757335,1.2042755873467364e-05,0.15711051225662231,955.4220857620239
382,0.008316113846376538,1.1888529291019745e-05,0.2792532742023468,957.853618144989
383,0.0030381031465367414,1.1735078984417822e-05,0.16758091747760773,960.3594527244568
384,0.00485229300102219,1.1582413705086687e-05,0.19829902052879333,962.8527908325195
385,0.0025835130945779383,1.1430542159680566e-05,0.26568225026130676,965.3158338069916
386,0.008846283537423005,1.1279473009586228e-05,0.3503119647502899,967.6896269321442
387,0.005095086351502687,1.1129214870429046e-05,0.2978314161300659,970.2184867858887
388,0.009956815010809805,1.0979776311581594e-05,0.30647313594818115,972.6963534355164
389,0.00951700437872205,1.0831165855674985e-05,0.34203290939331055,975.0589509010315
390,0.009070070162124466,1.0683391978112785e-05,0.16381607949733734,977.5960040092468
391,0.005138917695148848,1.053646310658765e-05,0.29542869329452515,980.1125953197479
392,0.00400329491822049,1.0390387620600696e-05,0.17284324765205383,982.5085346698761
393,0.004310936004912946,1.0245173850983608e-05,0.33766108751296997,985.0017051696777
394,0.005098413384985179,1.010083007942352e-05,0.33049091696739197,987.3636817932129
395,0.002908968221163377,9.95736453799069e-06,0.246109738945961,989.9127988815308
396,0.004109314402739983,9.814785408669047e-06,0.19584059715270996,992.4938113689423
397,0.0039911745698191226,9.673100822889541e-06,0.26030972599983215,994.9478356838226
398,0.003792150535446126,9.532318861066402e-06,0.16584132611751556,997.351615190506
399,0.0037688533993787132,9.392447552136326e-06,0.24792127311229706,999.7810788154602
400,0.005948922815150581,9.253494873100524e-06,0.12355498224496841,1002.1568851470947
401,0.004061410734720994,9.115468748569855e-06,0.09990701079368591,1004.6895215511322
402,0.004175022149865981,8.97837705031283e-06,0.2023683339357376,1007.0962836742401
403,0.008644398454634938,8.842227596806693e-06,0.3566708564758301,1009.5843527317047
404,0.005907239916268736,8.707028152791525e-06,0.13600002229213715,1011.9398279190063
405,0.007106640023266664,8.572786428827415e-06,0.39300960302352905,1014.4937896728516
406,0.00409136654343456,8.43951008085471e-06,0.142856627702713,1016.8749582767487
407,0.005503429951204453,8.307206709757388e-06,0.2122643142938614,1019.4147589206696
408,0.009574748110026121,8.175883860929588e-06,0.23258532583713531,1022.022782087326
409,0.005304209174937569,8.045549023845282e-06,0.1365402787923813,1024.5908164978027
410,0.005413042395957746,7.916209631631139e-06,0.16457924246788025,1027.0796582698822
411,0.0037763363143312745,7.787873060642583e-06,0.19025489687919617,1029.5613632202148
412,0.00492265640059486,7.66054663004318e-06,0.3716588318347931,1031.908275127411
413,0.009170073986751959,7.53423760138715e-06,0.2907240390777588,1034.303223848343
414,0.006139460325357504,7.4089531782052495e-06,0.21930451691150665,1036.8622117042542
415,0.006236854969756678,7.284700505593966e-06,0.3161889612674713,1039.2553355693817
416,0.008615698381618131,7.161486669808021e-06,0.22651323676109314,1041.762749671936
417,0.001839823045884259,7.039318697856233e-06,0.21861614286899567,1044.3641993999481
418,0.005789225935586728,6.918203557100725e-06,0.27276602387428284,1047.0457696914673
419,0.0030182378977769986,6.798148154859635e-06,0.090748630464077,1049.509654045105
420,0.008863790219038492,6.67915933801313e-06,0.19794465601444244,1051.9297647476196
421,0.0029312167098396458,6.561243892612952e-06,0.12578782439231873,1054.347413778305
422,0.0024154157581506297,6.444408543495372e-06,0.19300755858421326,1056.843210697174
423,0.002728028513956815,6.3286599538977e-06,0.1588008552789688,1059.3286967277527
424,0.00681955911568366,6.214004725078274e-06,0.15572935342788696,1061.7861807346344
425,0.003189346651197411,6.100449395939933e-06,0.17282363772392273,1064.2364513874054
426,0.0027055891914642416,5.988000442657164e-06,0.11712237447500229,1066.6676540374756
427,0.00893448070564773,5.876664278306695e-06,0.1418822854757309,1069.2047047615051
428,0.003942614333936945,5.766447252501822e-06,0.1772947609424591,1071.6055390834808
429,0.004109840836463263,5.657355651030231e-06,0.21417459845542908,1074.0816595554352
430,0.008391831128392369,5.549395695495497e-06,0.2207735776901245,1076.4818110466003
431,0.004720794728200417,5.442573542962352e-06,0.18991869688034058,1078.9328174591064
432,0.006238769186893478,5.33689528560542e-06,0.16083930432796478,1081.3037910461426
433,0.0054098262917250395,5.232366950361873e-06,0.2642621099948883,1083.8082621097565
434,0.0073524253584764665,5.128994498587639e-06,0.18987272679805756,1086.3019931316376
435,0.005969704070594162,5.026783825717496e-06,0.2079174518585205,1088.7121806144714
436,0.002952123042632593,4.925740760928753e-06,0.2412847876548767,1091.1607739925385
437,0.0034696956499828957,4.825871066808897e-06,0.18279822170734406,1093.5858926773071
438,0.006738594340276904,4.727180439026873e-06,0.3704705536365509,1096.0012533664703
439,0.003731498945853673,4.629674506008322e-06,0.14898067712783813,1098.4987065792084
440,0.00686129808309488,4.533358828614539e-06,0.19608664512634277,1101.0954291820526
441,0.003984161208791193,4.4382388998253285e-06,0.14996685087680817,1103.5128169059753
442,0.004557183601718862,4.344320144425785e-06,0.16625039279460907,1106.1032192707062
443,0.00457855973218102,4.251607918696847e-06,0.21562069654464722,1108.5321941375732
444,0.007637019036337733,4.1601075101098734e-06,0.17615064978599548,1110.9678254127502
445,0.007367410191363888,4.069824137025056e-06,0.19598068296909332,1113.3601672649384
446,0.0058070120721822605,3.980762948393858e-06,0.4515930712223053,1115.8262557983398
447,0.00368779605923919,3.892929023465304e-06,0.16252239048480988,1118.4145991802216
448,0.0038401544152293354,3.8063273714963653e-06,0.16898535192012787,1120.8295183181763
449,0.00431680039037019,3.720962931466216e-06,0.29661107063293457,1123.3228006362915
450,0.004385043735965155,3.636840571794625e-06,0.07149621844291687,1125.9028766155243
451,0.006762831471860409,3.553965090064259e-06,0.19682495296001434,1128.2635695934296
452,0.01940958815976046,3.4723412127470617e-06,0.302665650844574,1130.8550205230713
453,0.006588469630514737,3.3919735949347597e-06,0.3304212987422943,1133.5017955303192
454,0.003954562562284991,3.3128668200733027e-06,0.45397281646728516,1136.035643339157
455,0.004552063623123104,3.2350253997015236e-06,0.27025106549263,1138.620926141739
456,0.004372942494228482,3.1584537731937938e-06,0.1320924311876297,1141.2555077075958
457,0.002950942267489154,3.0831563075068996e-06,0.15653486549854279,1143.8700506687164
458,0.004050572926644236,3.0091372969309217e-06,0.13482727110385895,1146.3503956794739
459,0.002698906260775402,2.9364009628443803e-06,0.15739509463310242,1148.7869112491608
460,0.010719752914155833,2.864951453473475e-06,0.20314013957977295,1151.2400023937225
461,0.007319000967981992,2.794792843655475e-06,0.24379752576351166,1153.712824344635
462,0.005625459656585008,2.725929134606372e-06,0.26137205958366394,1156.1665740013123
463,0.004474905610550195,2.658364253692648e-06,0.14957685768604279,1158.729224205017
464,0.00376816961215809,2.5921020542073394e-06,0.12928113341331482,1161.1433036327362
465,0.007912118686363101,2.52714631515022e-06,0.1737155169248581,1163.6034893989563
466,0.004190806335827801,2.4635007410123377e-06,0.11634991317987442,1165.991777420044
467,0.005570535111473873,2.4011689615647054e-06,0.1387351006269455,1168.6190433502197
468,0.005683076291461475,2.340154531651317e-06,0.2798824608325958,1171.1855030059814
469,0.014021370370755903,2.2804609309863846e-06,0.3303922116756439,1173.674842119217
470,0.005718283893656917,2.222091563955908e-06,0.19359032809734344,1176.227879524231
471,0.007529784183134325,2.165049759423525e-06,0.1188991367816925,1178.9222211837769
472,0.003320905118016526,2.1093387705406333e-06,0.20027495920658112,1181.4698116779327
473,0.007575550160254352,2.054961774560884e-06,0.3384014666080475,1183.8451347351074
474,0.0023672497263760306,2.001921872658973e-06,0.0957125574350357,1186.3509209156036
475,0.004826278563996311,1.9502220897537814e-06,0.3212961256504059,1188.7414786815643
476,0.004989207867765799,1.8998653743358513e-06,0.19862589240074158,1191.115941286087
477,0.00781889168501948,1.850854598299242e-06,0.3020673990249634,1193.571890115738
478,0.0025441875914111733,1.8031925567777372e-06,0.08253590762615204,1196.0295753479004
479,0.003858402924379334,1.7568819679854343e-06,0.18522126972675323,1198.4637894630432
480,0.003608525716117583,1.7119254730617259e-06,0.2281370908021927,1201.043874502182
481,0.005861126937816152,1.6683256359206716e-06,0.24802015721797943,1203.4499204158783
482,0.0039327320373558905,1.6260849431047779e-06,0.2114572674036026,1205.8305122852325
483,0.006914211055118358,1.585205803643175e-06,0.20400309562683105,1208.2015635967255
484,0.003803479285124922,1.545690548914252e-06,0.0980052798986435,1210.650830745697
485,0.0033736951590981334,1.507541432512669e-06,0.23842951655387878,1213.0738282203674
486,0.004038826271425933,1.4707606301208545e-06,0.22084571421146393,1215.4326767921448
487,0.00615176872088341,1.4353502393849065e-06,0.10600375384092331,1217.8458268642426
488,0.006403495870472398,1.4013122797949838e-06,0.3545965254306793,1220.316572189331
489,0.005849379631399643,1.3686486925700976e-06,0.22048775851726532,1222.8325419425964
490,0.007230407893075608,1.3373613405474419e-06,0.17917495965957642,1225.2360708713531
491,0.002873180703318212,1.307452008076121e-06,0.061388857662677765,1227.7272505760193
492,0.007918551498732995,1.278922400915411e-06,0.13965265452861786,1230.2564511299133
493,0.005127959593664855,1.251774146137463e-06,0.1026400625705719,1232.7135157585144
494,0.005808243731735274,1.2260087920345106e-06,0.1324908584356308,1235.074758529663
495,0.003368423625943251,1.2016278080305812e-06,0.14766919612884521,1237.4539263248444
496,0.006576089501322713,1.1786325845976775e-06,0.18268780410289764,1239.956369638443
497,0.0041224500273528975,1.1570244331764902e-06,0.14699093997478485,1242.349407672882
498,0.0034612126473803073,1.136804586101592e-06,0.1413397341966629,1244.6913034915924
499,0.004388603265397251,1.1179741965311779e-06,0.11510376632213593,1247.000184059143
500,0.004507207515416667,1.1005343383812717e-06,0.14525443315505981,1249.482191324234
501,0.0032005472894525155,1.0844860062645034e-06,0.09750913828611374,1251.9793887138367
502,0.004357538331532851,1.0698301154333721e-06,0.12951810657978058,1254.4255230426788
503,0.002840164983354043,1.0565675017280504e-06,0.09651733189821243,1256.7253847122192
504,0.006758878858818207,1.0446989215287213e-06,0.12172787636518478,1259.013554573059
505,0.011187823401996866,1.0342250517124334e-06,0.29310891032218933,1261.3450093269348
506,0.0049176890970557,1.0251464896144999e-06,0.14140456914901733,1263.808043718338
507,0.004862063571636099,1.0174637529944385e-06,0.1730494201183319,1266.3044118881226
508,0.009310147364885779,1.0111772800064316e-06,0.44347941875457764,1268.713784456253
509,0.006868867174489424,1.006287429174351e-06,0.22981688380241394,1271.0464494228363
510,0.0027084136581834173,1.0027944793713004e-06,0.0759759172797203,1273.4319212436676
511,0.004827811171708163,1.0006986298037138e-06,0.1925184726715088,1275.8797662258148
512,0.002800115733407438,1e-06,0.09773168712854385,1278.1985981464386
